Order_ID,Customer_ID,Employee_ID,Order_Date,Order_Status,Payment_Method
100001,911,68,2026-07-04,Completed,Invoice
100002,752,35,2023-11-12,Cancelled,Bank Transfer
100003,273,7,2023-11-05,In Progress,Bank Transfer
100004,516,55,2026-01-25,Completed,PayPal
100005,572,1,2024-11-02,Cancelled,Invoice
100006,196,72,2025-11-20,In Progress,PayPal
100007,779,68,2025-10-21,Cancelled,Invoice
100008,601,27,2026-03-26,In Progress,PayPal
100009,521,27,2024-12-01,In Progress,Credit Card
100010,946,7,2026-05-19,In Progress,PayPal
100011,320,68,2025-04-19,Completed,PayPal
100012,764,7,2023-08-30,In Progress,Bank Transfer
100013,303,1,2024-06-16,Completed,Credit Card
100014,239,73,2023-10-01,Completed,Bank Transfer
100015,900,68,2024-04-17,Completed,Bank Transfer
100016,664,72,2024-04-14,Completed,Invoice
100017,470,2,2025-01-12,Completed,Invoice
100018,883,72,2026-03-30,Completed,Invoice
100019,951,72,2026-01-20,Completed,Credit Card
100020,364,27,2023-09-21,Completed,Bank Transfer
100021,928,2,2026-02-23,Cancelled,Invoice
100022,645,27,2025-12-01,Completed,Bank Transfer
100023,931,5,2025-03-26,Completed,Invoice
100024,98,7,2023-08-02,In Progress,PayPal
100025,873,55,2024-10-30,Cancelled,PayPal
100026,426,68,2024-08-14,In Progress,Bank Transfer
100027,863,55,2024-08-04,Cancelled,PayPal
100028,714,5,2024-01-20,In Progress,PayPal
100029,53,35,2024-04-03,In Progress,Credit Card
100030,924,27,2024-02-23,Completed,Credit Card
100031,896,68,2024-11-23,Completed,PayPal
100032,944,73,2023-08-05,Completed,Invoice
100033,655,73,2025-06-19,In Progress,Credit Card
100034,49,35,2026-03-14,In Progress,Credit Card
100035,319,27,2025-04-20,Cancelled,Bank Transfer
100036,70,55,2025-08-09,Cancelled,PayPal
100037,960,68,2025-11-14,Completed,PayPal
100038,262,5,2025-07-09,Completed,Bank Transfer
100039,735,55,2024-01-31,Completed,Bank Transfer
100040,279,72,2024-08-26,Completed,Invoice
100041,21,68,2024-09-04,Cancelled,Credit Card
100042,146,1,2025-01-06,Completed,Bank Transfer
100043,74,1,2025-06-15,Completed,Invoice
100044,809,27,2026-06-16,Completed,Invoice
100045,728,5,2023-11-09,Completed,Bank Transfer
100046,652,27,2026-07-02,Completed,PayPal
100047,299,2,2024-12-07,In Progress,Credit Card
100048,61,73,2024-10-19,Completed,PayPal
100049,346,7,2024-04-13,Completed,PayPal
100050,643,68,2025-05-20,Completed,PayPal
100051,600,72,2024-11-07,Completed,Invoice
100052,899,2,2026-07-21,Cancelled,Bank Transfer
100053,260,55,2023-11-07,In Progress,Invoice
100054,588,68,2026-02-04,Completed,PayPal
100055,335,5,2026-05-02,Completed,Credit Card
100056,220,35,2025-11-09,Completed,PayPal
100057,783,7,2026-01-25,Completed,PayPal
100058,743,27,2024-11-26,Cancelled,Invoice
100059,687,1,2024-05-26,Cancelled,Invoice
100060,32,72,2025-06-06,Completed,Bank Transfer
100061,15,55,2025-11-29,Completed,Invoice
100062,152,2,2024-03-23,Completed,PayPal
100063,108,5,2025-04-26,Completed,Credit Card
100064,220,72,2025-08-02,Completed,Bank Transfer
100065,810,1,2026-04-13,Completed,Bank Transfer
100066,308,5,2025-12-22,Completed,PayPal
100067,803,7,2024-05-26,In Progress,Credit Card
100068,362,1,2025-11-25,Completed,Invoice
100069,271,2,2024-07-07,Completed,Credit Card
100070,460,2,2025-03-20,Completed,PayPal
100071,402,72,2025-06-28,Completed,Credit Card
100072,379,5,2026-02-18,Completed,Credit Card
100073,873,72,2025-10-26,Cancelled,PayPal
100074,794,5,2025-04-28,In Progress,Invoice
100075,922,68,2026-01-21,In Progress,Bank Transfer
100076,778,73,2025-01-30,Completed,Bank Transfer
100077,566,5,2025-02-21,Completed,Credit Card
100078,465,5,2023-08-25,Cancelled,PayPal
100079,543,7,2026-03-10,Completed,Invoice
100080,960,7,2026-03-07,Completed,Bank Transfer
100081,434,1,2023-11-25,Cancelled,Credit Card
100082,683,2,2025-12-26,Completed,Invoice
100083,569,7,2023-12-05,Cancelled,PayPal
100084,482,68,2025-04-26,In Progress,PayPal
100085,604,68,2025-05-13,Completed,PayPal
100086,120,1,2024-05-15,Completed,Invoice
100087,176,73,2024-09-25,Completed,Credit Card
100088,382,27,2026-02-12,Cancelled,Invoice
100089,136,35,2024-05-13,Completed,PayPal
100090,428,35,2026-01-15,Completed,Invoice
100091,192,72,2026-02-04,Cancelled,Bank Transfer
100092,955,55,2026-07-15,Completed,Credit Card
100093,590,55,2025-12-06,Completed,Bank Transfer
100094,334,68,2025-05-22,Completed,PayPal
100095,297,68,2026-03-19,In Progress,Invoice
100096,665,7,2024-02-18,Completed,PayPal
100097,191,35,2025-03-21,Cancelled,PayPal
100098,998,27,2024-01-28,In Progress,Credit Card
100099,637,5,2024-11-03,Completed,PayPal
100100,102,72,2024-11-29,Cancelled,PayPal
100101,976,35,2024-07-09,Completed,Credit Card
100102,7,7,2025-05-25,Completed,Invoice
100103,513,55,2026-05-10,Completed,PayPal
100104,208,2,2024-10-17,Completed,Bank Transfer
100105,661,1,2025-12-14,In Progress,Invoice
100106,597,7,2026-02-11,Completed,Bank Transfer
100107,604,1,2025-07-31,In Progress,PayPal
100108,965,55,2024-01-12,In Progress,Bank Transfer
100109,511,1,2026-03-18,Cancelled,Invoice
100110,719,55,2025-12-25,In Progress,Invoice
100111,411,2,2025-01-27,In Progress,PayPal
100112,301,1,2026-03-08,Completed,Invoice
100113,400,55,2024-10-10,In Progress,Bank Transfer
100114,362,73,2026-06-25,Completed,Credit Card
100115,327,27,2025-11-19,Completed,Bank Transfer
100116,654,35,2025-10-11,Cancelled,Credit Card
100117,87,1,2023-09-06,In Progress,Invoice
100118,698,73,2025-07-18,Completed,Bank Transfer
100119,66,27,2024-10-27,Completed,Credit Card
100120,146,68,2024-10-02,In Progress,Credit Card
100121,450,1,2025-09-30,Completed,Invoice
100122,100,1,2026-03-15,Cancelled,PayPal
100123,783,27,2026-01-07,Completed,Bank Transfer
100124,904,7,2025-11-13,Completed,Bank Transfer
100125,600,2,2025-05-19,Cancelled,Credit Card
100126,785,73,2024-04-21,Completed,PayPal
100127,265,35,2023-10-30,In Progress,Bank Transfer
100128,988,68,2025-12-20,Completed,Bank Transfer
100129,45,1,2026-01-07,Completed,PayPal
100130,573,1,2026-06-30,Completed,Credit Card
100131,517,2,2024-04-21,In Progress,PayPal
100132,751,55,2023-11-22,Completed,Invoice
100133,666,1,2026-01-29,Completed,Credit Card
100134,432,7,2025-05-25,Completed,Credit Card
100135,737,2,2023-10-05,Completed,PayPal
100136,546,55,2026-02-11,In Progress,Credit Card
100137,889,27,2025-11-12,Completed,PayPal
100138,10,73,2024-12-21,In Progress,PayPal
100139,543,73,2024-05-14,Cancelled,Invoice
100140,428,27,2024-06-04,Completed,Invoice
100141,315,73,2026-05-12,In Progress,PayPal
100142,456,72,2025-08-25,In Progress,Bank Transfer
100143,295,27,2025-12-25,In Progress,Credit Card
100144,184,27,2024-09-28,In Progress,Credit Card
100145,183,1,2025-02-26,Completed,Invoice
100146,188,7,2025-04-02,Completed,Invoice
100147,529,35,2024-11-08,Completed,Bank Transfer
100148,431,55,2025-04-21,Completed,Invoice
100149,2,73,2024-04-04,Cancelled,Invoice
100150,180,1,2025-06-10,Completed,PayPal
100151,651,35,2026-03-03,Cancelled,Invoice
100152,331,68,2024-10-25,Completed,Credit Card
100153,815,2,2025-11-03,Completed,PayPal
100154,723,55,2024-07-29,Completed,Invoice
100155,299,1,2026-03-12,Cancelled,Credit Card
100156,679,27,2024-12-14,Completed,Bank Transfer
100157,686,1,2025-01-02,In Progress,Credit Card
100158,456,72,2025-07-10,In Progress,PayPal
100159,928,5,2025-02-08,Cancelled,Bank Transfer
100160,483,27,2025-12-15,Completed,Credit Card
100161,963,55,2024-06-07,Completed,PayPal
100162,985,1,2025-02-02,Completed,PayPal
100163,262,1,2024-01-10,Completed,Credit Card
100164,372,27,2024-12-07,Cancelled,Credit Card
100165,288,72,2025-04-27,In Progress,PayPal
100166,490,5,2025-03-03,Completed,Bank Transfer
100167,656,68,2025-11-05,Completed,PayPal
100168,10,73,2026-07-04,Completed,Invoice
100169,366,72,2026-04-15,In Progress,Invoice
100170,123,72,2025-11-12,Completed,Bank Transfer
100171,842,68,2023-09-30,In Progress,Invoice
100172,619,5,2026-06-18,Completed,PayPal
100173,764,1,2025-04-23,Completed,Invoice
100174,9,5,2025-03-23,Completed,Bank Transfer
100175,97,2,2025-03-08,In Progress,Bank Transfer
100176,491,2,2023-11-19,In Progress,Bank Transfer
100177,383,35,2024-06-28,Completed,Credit Card
100178,495,27,2025-08-01,Completed,Credit Card
100179,301,5,2025-03-08,Completed,Invoice
100180,78,35,2024-09-13,In Progress,Invoice
100181,53,35,2026-02-09,In Progress,Credit Card
100182,715,73,2025-04-15,Cancelled,Credit Card
100183,675,35,2025-04-13,In Progress,Bank Transfer
100184,570,7,2025-11-17,In Progress,Credit Card
100185,905,55,2024-04-19,Completed,Invoice
100186,550,73,2025-04-04,Completed,Credit Card
100187,77,7,2024-03-08,Completed,Bank Transfer
100188,913,73,2025-03-19,Completed,Invoice
100189,905,5,2024-09-07,Completed,PayPal
100190,785,2,2024-10-23,In Progress,Credit Card
100191,484,27,2024-07-30,Completed,Credit Card
100192,658,1,2025-04-28,Completed,Bank Transfer
100193,424,55,2023-12-27,Completed,Credit Card
100194,920,68,2026-05-02,Completed,Invoice
100195,960,68,2024-07-13,Cancelled,Bank Transfer
100196,586,68,2025-03-14,Cancelled,PayPal
100197,231,2,2026-01-18,Completed,PayPal
100198,513,55,2024-01-01,Completed,Credit Card
100199,234,35,2024-08-17,Cancelled,Credit Card
100200,877,7,2024-03-13,In Progress,Invoice
100201,131,5,2024-09-05,In Progress,Invoice
100202,879,5,2025-06-18,Completed,Credit Card
100203,437,5,2025-09-28,Cancelled,PayPal
100204,571,2,2023-08-02,Completed,PayPal
100205,133,68,2024-06-16,Completed,Bank Transfer
100206,553,27,2024-03-18,In Progress,Bank Transfer
100207,944,27,2025-08-18,Completed,Credit Card
100208,374,27,2024-01-03,Completed,Invoice
100209,636,2,2025-06-16,Completed,PayPal
100210,674,72,2023-12-06,In Progress,Credit Card
100211,495,1,2024-12-23,In Progress,Invoice
100212,253,2,2025-03-04,Completed,Bank Transfer
100213,527,68,2026-04-28,Completed,Invoice
100214,921,7,2026-03-31,Completed,Invoice
100215,980,2,2025-11-15,Completed,Credit Card
100216,218,7,2023-09-09,Completed,Invoice
100217,12,73,2024-02-04,Completed,Invoice
100218,635,68,2024-08-30,Cancelled,Bank Transfer
100219,886,1,2025-10-07,In Progress,Credit Card
100220,831,27,2023-12-15,Completed,Bank Transfer
100221,331,27,2025-02-24,Completed,Invoice
100222,311,27,2025-06-28,Completed,Invoice
100223,521,1,2025-10-31,Cancelled,Bank Transfer
100224,640,73,2023-09-20,Completed,PayPal
100225,141,2,2026-06-05,In Progress,PayPal
100226,901,27,2026-01-18,Cancelled,PayPal
100227,289,72,2025-07-08,Completed,Invoice
100228,700,1,2023-09-05,Completed,Bank Transfer
100229,893,7,2023-10-02,Completed,Invoice
100230,798,55,2024-08-18,Cancelled,Invoice
100231,909,35,2025-09-10,Completed,PayPal
100232,34,1,2023-07-29,Cancelled,Invoice
100233,156,5,2025-04-14,Completed,PayPal
100234,109,5,2025-09-23,Completed,PayPal
100235,603,35,2025-07-13,Cancelled,Credit Card
100236,298,27,2023-11-07,Completed,Credit Card
100237,222,68,2026-04-12,Completed,Credit Card
100238,762,5,2026-04-16,In Progress,Bank Transfer
100239,627,27,2025-01-22,In Progress,Bank Transfer
100240,504,1,2025-08-05,Completed,Invoice
100241,6,68,2026-05-06,Completed,Bank Transfer
100242,103,73,2025-11-02,Cancelled,PayPal
100243,230,72,2026-06-07,Completed,Credit Card
100244,206,7,2025-07-14,In Progress,Bank Transfer
100245,458,7,2025-10-08,Completed,Invoice
100246,290,55,2025-07-27,Completed,Invoice
100247,708,5,2024-08-29,Completed,Credit Card
100248,585,68,2024-01-30,Cancelled,Bank Transfer
100249,201,7,2026-04-24,Completed,Bank Transfer
100250,425,68,2025-08-21,Completed,Invoice
100251,944,2,2025-11-08,Completed,Credit Card
100252,297,27,2026-04-18,Completed,Bank Transfer
100253,751,5,2025-08-31,Completed,Invoice
100254,868,2,2026-03-06,Completed,Invoice
100255,603,68,2025-06-25,Cancelled,Credit Card
100256,85,2,2025-05-13,Cancelled,PayPal
100257,877,68,2025-09-13,Completed,PayPal
100258,426,5,2024-02-13,Completed,Bank Transfer
100259,543,7,2026-02-12,Completed,Credit Card
100260,930,55,2023-10-01,Completed,PayPal
100261,705,1,2023-08-21,Completed,Credit Card
100262,42,68,2026-07-20,In Progress,Invoice
100263,390,55,2025-05-03,In Progress,PayPal
100264,783,35,2026-05-09,Completed,Invoice
100265,256,55,2026-06-13,In Progress,PayPal
100266,42,5,2025-01-11,Completed,Bank Transfer
100267,101,2,2024-07-22,In Progress,Credit Card
100268,451,73,2026-07-04,Completed,Invoice
100269,324,35,2024-04-08,In Progress,PayPal
100270,17,27,2024-11-10,In Progress,Invoice
100271,6,5,2024-01-25,In Progress,Credit Card
100272,586,2,2023-08-16,Cancelled,Invoice
100273,551,2,2025-07-26,Cancelled,Credit Card
100274,781,68,2023-10-14,Completed,Invoice
100275,891,73,2025-11-12,Cancelled,Credit Card
100276,337,27,2025-08-05,Completed,Invoice
100277,628,2,2023-08-28,In Progress,Bank Transfer
100278,559,35,2025-09-30,Cancelled,PayPal
100279,989,7,2024-10-26,Cancelled,Bank Transfer
100280,968,5,2026-06-22,Completed,Bank Transfer
100281,96,55,2023-12-04,Completed,PayPal
100282,728,73,2024-11-17,Completed,PayPal
100283,471,5,2024-12-13,Completed,Bank Transfer
100284,365,27,2024-04-29,Completed,Credit Card
100285,787,72,2023-09-06,Completed,Invoice
100286,456,5,2024-11-15,Completed,Invoice
100287,459,7,2025-02-02,Cancelled,PayPal
100288,868,55,2024-12-30,Completed,PayPal
100289,582,7,2025-05-15,In Progress,Bank Transfer
100290,504,35,2026-05-11,In Progress,Invoice
100291,137,27,2023-09-09,Cancelled,Credit Card
100292,23,1,2026-07-21,Cancelled,Invoice
100293,100,7,2024-02-10,Cancelled,PayPal
100294,437,5,2025-03-05,Completed,Credit Card
100295,792,5,2024-01-30,Cancelled,Invoice
100296,860,35,2025-11-30,In Progress,Bank Transfer
100297,214,68,2025-08-06,Completed,Invoice
100298,508,2,2023-10-28,Completed,Bank Transfer
100299,355,5,2024-12-28,Completed,Invoice
100300,290,72,2024-08-02,Completed,Invoice
100301,478,68,2024-10-19,Completed,Invoice
100302,698,73,2024-06-26,Completed,Bank Transfer
100303,91,73,2024-07-26,Completed,PayPal
100304,159,73,2026-01-16,In Progress,Credit Card
100305,417,73,2025-10-22,Completed,PayPal
100306,905,7,2025-02-28,In Progress,Bank Transfer
100307,458,55,2023-08-04,Completed,Bank Transfer
100308,321,55,2025-02-06,Cancelled,Bank Transfer
100309,490,68,2025-06-28,Cancelled,PayPal
100310,769,68,2025-08-30,In Progress,Invoice
100311,80,35,2024-05-18,Cancelled,Invoice
100312,87,7,2023-09-30,Completed,PayPal
100313,851,35,2023-10-22,In Progress,Bank Transfer
100314,871,27,2025-03-19,Completed,Credit Card
100315,879,55,2024-05-07,Completed,PayPal
100316,917,7,2023-12-26,Completed,Invoice
100317,533,27,2024-12-20,Completed,Bank Transfer
100318,39,68,2025-11-22,Completed,Credit Card
100319,929,7,2025-09-15,Completed,PayPal
100320,419,5,2024-06-27,Cancelled,Bank Transfer
100321,307,27,2023-09-16,In Progress,Invoice
100322,926,5,2024-01-09,Completed,PayPal
100323,76,7,2025-09-07,Cancelled,Invoice
100324,527,55,2025-05-29,Completed,Invoice
100325,481,1,2026-02-17,Completed,PayPal
100326,473,5,2026-01-02,Completed,Credit Card
100327,648,68,2023-08-07,Completed,Bank Transfer
100328,940,35,2026-05-01,Cancelled,Credit Card
100329,633,55,2024-05-19,Completed,Credit Card
100330,757,2,2024-02-17,Completed,PayPal
100331,189,55,2024-08-07,Completed,Bank Transfer
100332,890,72,2024-08-09,In Progress,Invoice
100333,245,55,2024-10-12,Cancelled,Invoice
100334,171,35,2024-07-30,Completed,Invoice
100335,240,1,2025-07-24,In Progress,Invoice
100336,168,27,2025-01-11,Completed,Credit Card
100337,760,2,2025-09-01,Completed,Invoice
100338,254,73,2024-08-01,Completed,Credit Card
100339,168,7,2026-02-02,Completed,PayPal
100340,926,72,2026-06-07,In Progress,PayPal
100341,753,2,2024-04-09,In Progress,Credit Card
100342,834,2,2024-07-07,Completed,Invoice
100343,604,55,2024-07-05,In Progress,Invoice
100344,953,73,2024-03-12,Cancelled,Credit Card
100345,107,27,2025-06-24,In Progress,Invoice
100346,175,68,2025-12-06,Completed,Credit Card
100347,532,72,2024-05-04,Cancelled,Credit Card
100348,698,35,2026-06-02,Completed,PayPal
100349,618,27,2023-11-08,In Progress,Bank Transfer
100350,601,1,2024-11-04,Completed,PayPal
100351,782,73,2025-09-29,Cancelled,PayPal
100352,719,55,2025-04-07,Completed,Credit Card
100353,440,73,2026-07-22,Completed,Invoice
100354,190,27,2024-10-17,In Progress,Credit Card
100355,534,27,2024-10-13,In Progress,Credit Card
100356,339,72,2026-06-02,Cancelled,Bank Transfer
100357,608,35,2025-05-17,In Progress,PayPal
100358,333,73,2024-12-18,Cancelled,Invoice
100359,484,7,2025-10-11,Cancelled,Bank Transfer
100360,584,5,2024-04-21,Completed,PayPal
100361,154,27,2025-02-27,Completed,Invoice
100362,267,35,2024-04-24,Completed,Credit Card
100363,277,68,2025-01-28,Completed,Credit Card
100364,86,1,2024-11-06,Completed,Bank Transfer
100365,975,68,2025-04-14,Completed,PayPal
100366,63,7,2023-09-16,Cancelled,Invoice
100367,948,2,2024-06-16,Cancelled,Invoice
100368,627,27,2023-10-31,Completed,Invoice
100369,17,72,2025-08-11,Completed,PayPal
100370,694,68,2023-11-18,Completed,Credit Card
100371,562,35,2025-10-28,In Progress,Credit Card
100372,752,7,2024-04-15,Completed,Invoice
100373,276,68,2025-03-16,In Progress,PayPal
100374,223,1,2025-03-11,Completed,Bank Transfer
100375,24,2,2024-01-03,Completed,Credit Card
100376,869,1,2023-07-31,Completed,Invoice
100377,829,5,2026-07-07,In Progress,Invoice
100378,503,5,2025-04-23,Completed,Bank Transfer
100379,274,68,2024-07-28,Completed,PayPal
100380,378,1,2025-01-16,Completed,PayPal
100381,701,68,2024-10-25,Cancelled,Credit Card
100382,798,73,2024-10-12,Cancelled,Bank Transfer
100383,642,1,2024-12-14,Completed,Invoice
100384,806,27,2023-08-11,Completed,Invoice
100385,940,35,2026-06-17,Completed,Bank Transfer
100386,678,27,2025-05-03,In Progress,Invoice
100387,724,27,2024-02-05,Completed,Credit Card
100388,676,73,2024-12-25,Completed,PayPal
100389,345,2,2025-03-28,Cancelled,Bank Transfer
100390,867,73,2024-01-12,Cancelled,Bank Transfer
100391,767,2,2024-12-30,Cancelled,PayPal
100392,994,68,2024-06-20,Completed,Bank Transfer
100393,6,2,2024-11-29,Completed,PayPal
100394,867,27,2025-04-14,In Progress,PayPal
100395,621,72,2025-01-03,Completed,Credit Card
100396,143,5,2024-08-26,Completed,Bank Transfer
100397,514,68,2024-10-23,Completed,Credit Card
100398,800,1,2025-01-05,Completed,Invoice
100399,615,35,2026-02-06,Completed,PayPal
100400,628,7,2024-01-23,Completed,Credit Card
100401,672,1,2025-11-01,Completed,Credit Card
100402,959,68,2024-03-27,Completed,PayPal
100403,87,2,2023-09-20,Completed,Credit Card
100404,654,5,2026-03-31,Completed,PayPal
100405,331,55,2024-01-28,Completed,Invoice
100406,28,35,2023-11-04,Completed,Credit Card
100407,735,1,2024-10-06,In Progress,Invoice
100408,669,1,2025-03-23,Completed,PayPal
100409,237,73,2026-05-26,Completed,Bank Transfer
100410,523,68,2024-04-14,Completed,Credit Card
100411,430,27,2024-04-06,Completed,Invoice
100412,434,5,2023-08-15,Completed,Credit Card
100413,24,1,2025-03-25,In Progress,Bank Transfer
100414,814,5,2024-03-28,In Progress,PayPal
100415,604,7,2024-10-08,In Progress,Credit Card
100416,519,27,2025-06-21,Cancelled,Bank Transfer
100417,650,73,2026-03-22,Completed,Invoice
100418,936,2,2023-10-05,Completed,Invoice
100419,605,5,2025-02-25,Completed,Invoice
100420,779,27,2023-09-07,Cancelled,Invoice
100421,953,72,2024-01-17,In Progress,Invoice
100422,697,55,2025-04-22,Completed,Credit Card
100423,935,72,2024-10-07,Completed,Invoice
100424,195,72,2024-05-06,Completed,PayPal
100425,919,72,2026-01-25,Completed,PayPal
100426,611,72,2024-01-31,Completed,Invoice
100427,531,1,2024-06-05,Completed,PayPal
100428,355,73,2025-04-02,In Progress,Credit Card
100429,788,1,2026-06-25,In Progress,PayPal
100430,100,5,2025-01-01,Completed,Bank Transfer
100431,351,1,2023-08-08,Completed,Credit Card
100432,410,2,2025-05-11,Cancelled,Invoice
100433,477,27,2025-04-23,Completed,PayPal
100434,251,27,2026-03-18,In Progress,Credit Card
100435,54,5,2025-03-27,In Progress,Credit Card
100436,596,5,2024-01-15,Cancelled,PayPal
100437,947,55,2024-01-29,Cancelled,Bank Transfer
100438,359,2,2025-06-03,Completed,Invoice
100439,331,27,2025-05-02,Completed,Credit Card
100440,853,5,2025-08-14,Completed,PayPal
100441,581,1,2024-08-17,Completed,Invoice
100442,226,35,2023-11-07,Completed,PayPal
100443,915,72,2024-08-21,Completed,PayPal
100444,491,2,2025-11-27,Completed,Bank Transfer
100445,106,72,2023-10-03,Cancelled,Bank Transfer
100446,509,68,2023-10-09,Completed,Credit Card
100447,76,35,2025-07-23,Completed,PayPal
100448,901,2,2025-11-10,In Progress,Invoice
100449,154,2,2026-03-23,Completed,Credit Card
100450,910,68,2024-07-05,In Progress,Invoice
100451,406,73,2025-07-14,Cancelled,Credit Card
100452,679,7,2025-08-10,Completed,PayPal
100453,119,72,2025-01-19,Completed,Bank Transfer
100454,570,73,2023-11-08,Completed,Bank Transfer
100455,877,35,2024-12-31,Completed,PayPal
100456,938,7,2026-06-18,Completed,Invoice
100457,76,35,2023-10-27,Completed,Credit Card
100458,78,68,2024-04-25,Completed,PayPal
100459,985,55,2026-06-20,Completed,Credit Card
100460,757,55,2024-10-12,Completed,Bank Transfer
100461,993,1,2025-04-29,Completed,Bank Transfer
100462,757,27,2026-02-13,Completed,Credit Card
100463,978,55,2026-03-04,Completed,Credit Card
100464,817,1,2024-12-02,Completed,Invoice
100465,172,68,2024-03-04,In Progress,Invoice
100466,820,35,2026-06-18,Completed,Bank Transfer
100467,807,7,2026-01-02,Completed,PayPal
100468,780,5,2024-01-03,Completed,PayPal
100469,813,2,2025-01-29,Cancelled,Credit Card
100470,416,1,2025-03-27,In Progress,Invoice
100471,60,27,2023-10-14,Cancelled,Invoice
100472,115,1,2026-01-13,Completed,Invoice
100473,996,2,2023-09-09,Completed,PayPal
100474,672,1,2024-07-20,Completed,Bank Transfer
100475,267,2,2026-04-20,In Progress,Bank Transfer
100476,808,27,2024-03-14,Cancelled,Credit Card
100477,809,2,2023-08-10,Completed,Bank Transfer
100478,339,27,2025-05-16,Completed,Bank Transfer
100479,549,2,2025-06-11,In Progress,Bank Transfer
100480,561,35,2023-10-12,In Progress,Bank Transfer
100481,698,27,2025-10-01,Completed,Credit Card
100482,154,55,2025-08-20,Completed,Credit Card
100483,661,55,2025-10-28,Completed,Credit Card
100484,252,68,2026-05-07,Completed,PayPal
100485,684,27,2025-06-16,Completed,Credit Card
100486,679,2,2023-08-28,Completed,Bank Transfer
100487,715,7,2024-02-22,Cancelled,PayPal
100488,913,55,2025-03-07,In Progress,Bank Transfer
100489,908,55,2023-11-15,Completed,Invoice
100490,369,2,2024-11-12,Completed,Invoice
100491,727,1,2024-04-12,Completed,Invoice
100492,540,68,2025-10-11,Completed,Credit Card
100493,462,27,2024-03-27,In Progress,PayPal
100494,882,68,2024-05-05,Completed,PayPal
100495,163,7,2024-07-06,In Progress,PayPal
100496,688,1,2026-06-04,Completed,Credit Card
100497,331,35,2024-05-11,Cancelled,PayPal
100498,736,2,2025-01-26,Completed,Credit Card
100499,95,35,2023-12-03,Completed,Credit Card
100500,976,35,2025-11-25,Completed,Credit Card
100501,461,55,2025-02-01,Cancelled,Bank Transfer
100502,58,55,2026-03-02,Completed,Credit Card
100503,667,1,2024-10-16,In Progress,Credit Card
100504,780,68,2025-05-03,Completed,Invoice
100505,55,68,2024-08-01,Completed,Invoice
100506,42,1,2026-05-01,Completed,Credit Card
100507,959,72,2025-08-03,In Progress,PayPal
100508,374,5,2024-04-28,Completed,PayPal
100509,765,55,2023-10-03,Cancelled,PayPal
100510,540,55,2025-11-06,Completed,Invoice
100511,119,5,2025-10-07,Completed,PayPal
100512,936,27,2025-10-08,In Progress,Credit Card
100513,637,7,2026-01-19,Cancelled,Invoice
100514,780,73,2024-11-02,Completed,Invoice
100515,118,7,2024-10-20,Cancelled,Bank Transfer
100516,909,7,2025-04-14,Completed,Bank Transfer
100517,533,5,2024-01-19,Completed,Bank Transfer
100518,326,1,2025-06-19,Completed,Bank Transfer
100519,23,73,2024-01-30,Cancelled,Bank Transfer
100520,397,27,2026-04-23,Completed,Credit Card
100521,437,35,2023-09-28,Completed,Credit Card
100522,321,72,2025-08-10,Completed,Credit Card
100523,40,73,2024-07-03,Completed,Credit Card
100524,189,1,2023-07-31,Completed,Invoice
100525,68,1,2026-03-23,Completed,Invoice
100526,449,73,2023-12-13,Completed,Credit Card
100527,879,55,2026-04-08,Cancelled,Invoice
100528,854,7,2025-01-29,In Progress,Credit Card
100529,867,73,2026-04-21,Completed,Invoice
100530,288,73,2026-07-02,Completed,Credit Card
100531,526,35,2025-10-21,Cancelled,Bank Transfer
100532,377,1,2026-05-12,Completed,PayPal
100533,181,5,2023-11-24,Completed,Bank Transfer
100534,654,7,2025-10-27,Completed,Bank Transfer
100535,428,73,2023-10-29,Completed,PayPal
100536,426,7,2024-06-07,Completed,Credit Card
100537,929,72,2026-03-25,Completed,Credit Card
100538,70,5,2025-05-16,Completed,Credit Card
100539,830,72,2025-10-15,Cancelled,Bank Transfer
100540,985,2,2026-04-16,Completed,Credit Card
100541,267,73,2024-04-01,Completed,Bank Transfer
100542,282,7,2024-11-04,Completed,Invoice
100543,432,73,2025-03-03,Cancelled,Bank Transfer
100544,994,27,2024-09-22,In Progress,Credit Card
100545,47,7,2024-04-04,Completed,Bank Transfer
100546,835,35,2024-10-25,Completed,Invoice
100547,381,73,2023-08-11,Completed,Bank Transfer
100548,473,55,2024-07-18,Completed,Bank Transfer
100549,688,55,2026-05-30,Completed,Bank Transfer
100550,238,73,2025-02-06,Completed,PayPal
100551,485,7,2023-11-14,In Progress,Bank Transfer
100552,619,68,2023-11-09,In Progress,Credit Card
100553,218,2,2024-10-28,In Progress,PayPal
100554,250,72,2024-01-13,In Progress,Bank Transfer
100555,257,7,2024-07-01,Cancelled,Invoice
100556,354,35,2026-04-29,Completed,Bank Transfer
100557,466,7,2026-06-24,In Progress,PayPal
100558,209,27,2024-06-20,Completed,Bank Transfer
100559,147,7,2024-05-23,Cancelled,Credit Card
100560,438,5,2025-03-31,Cancelled,Credit Card
100561,938,72,2026-03-25,Completed,Bank Transfer
100562,435,35,2026-07-01,Cancelled,Bank Transfer
100563,839,73,2023-08-04,Completed,PayPal
100564,16,27,2023-11-16,Cancelled,Invoice
100565,682,2,2025-02-14,Completed,Credit Card
100566,70,27,2023-08-24,Completed,Invoice
100567,650,2,2024-09-06,Completed,Invoice
100568,471,73,2025-02-10,Completed,Credit Card
100569,860,2,2025-11-22,Completed,Invoice
100570,398,27,2024-07-04,Completed,PayPal
100571,617,1,2023-12-09,Cancelled,Bank Transfer
100572,478,72,2026-07-12,In Progress,PayPal
100573,160,73,2026-04-27,In Progress,Credit Card
100574,745,7,2024-08-22,Cancelled,Bank Transfer
100575,68,55,2025-11-28,Completed,Invoice
100576,51,7,2024-08-22,In Progress,PayPal
100577,941,72,2025-06-18,In Progress,Credit Card
100578,932,1,2023-10-01,Cancelled,Invoice
100579,544,72,2026-06-12,Cancelled,Invoice
100580,641,7,2025-07-19,Completed,Invoice
100581,236,7,2023-08-02,Completed,Bank Transfer
100582,594,2,2023-11-26,Completed,Credit Card
100583,151,5,2026-05-27,Completed,Bank Transfer
100584,889,2,2025-03-28,Completed,Invoice
100585,480,1,2024-10-15,Completed,Bank Transfer
100586,635,27,2024-01-05,In Progress,Invoice
100587,743,55,2024-12-15,Completed,Credit Card
100588,557,73,2026-06-21,Completed,PayPal
100589,73,2,2025-08-29,Completed,Bank Transfer
100590,515,1,2026-04-22,Completed,PayPal
100591,370,68,2024-03-04,In Progress,PayPal
100592,787,72,2025-01-18,In Progress,Invoice
100593,677,35,2023-12-11,Cancelled,Bank Transfer
100594,558,7,2025-05-04,Cancelled,PayPal
100595,775,7,2024-01-09,Cancelled,Bank Transfer
100596,793,72,2024-01-04,Completed,Bank Transfer
100597,668,7,2023-11-29,Cancelled,Credit Card
100598,166,73,2025-10-21,Cancelled,Invoice
100599,496,7,2024-10-30,Completed,Invoice
100600,975,7,2025-11-02,Cancelled,PayPal
100601,350,73,2024-03-11,Completed,Credit Card
100602,398,72,2024-03-09,Cancelled,Invoice
100603,151,2,2026-07-02,Completed,Invoice
100604,506,73,2023-12-29,Completed,Credit Card
100605,300,5,2024-05-20,Completed,PayPal
100606,983,1,2025-10-01,In Progress,Credit Card
100607,188,7,2025-11-25,Completed,Credit Card
100608,400,55,2023-12-09,Completed,Credit Card
100609,866,55,2025-08-05,In Progress,PayPal
100610,796,72,2025-07-17,Completed,Bank Transfer
100611,671,35,2024-06-22,Completed,PayPal
100612,820,27,2023-09-26,Completed,Invoice
100613,837,35,2024-12-26,Completed,PayPal
100614,229,2,2024-02-04,Completed,Bank Transfer
100615,240,27,2026-07-08,Completed,PayPal
100616,718,73,2025-09-22,Completed,PayPal
100617,916,5,2024-08-06,Completed,PayPal
100618,409,7,2024-07-30,Cancelled,Bank Transfer
100619,352,5,2026-04-19,Completed,Credit Card
100620,336,35,2024-04-14,In Progress,Credit Card
100621,516,27,2023-09-01,Completed,Invoice
100622,479,68,2025-07-12,Completed,Bank Transfer
100623,435,1,2024-05-20,Completed,Credit Card
100624,686,1,2024-01-14,Cancelled,Invoice
100625,340,5,2025-08-25,Completed,PayPal
100626,620,5,2023-11-13,Completed,Credit Card
100627,967,7,2024-09-29,In Progress,Bank Transfer
100628,548,55,2026-01-20,In Progress,Bank Transfer
100629,237,27,2026-04-17,Completed,Invoice
100630,774,73,2025-12-18,Completed,Invoice
100631,143,5,2025-03-29,Completed,Credit Card
100632,770,35,2023-09-03,Completed,Credit Card
100633,347,2,2025-07-20,Cancelled,Bank Transfer
100634,769,72,2025-10-22,Cancelled,Invoice
100635,790,7,2024-02-18,Completed,PayPal
100636,515,5,2024-11-04,Completed,Bank Transfer
100637,38,1,2023-09-18,Completed,Invoice
100638,574,1,2025-08-07,Completed,PayPal
100639,172,2,2026-03-27,Completed,PayPal
100640,224,2,2025-03-15,Cancelled,Bank Transfer
100641,600,72,2024-10-20,Completed,Invoice
100642,29,35,2025-02-23,Completed,Bank Transfer
100643,887,72,2023-12-09,Completed,Invoice
100644,742,7,2023-09-20,Cancelled,Invoice
100645,927,5,2025-04-01,Completed,PayPal
100646,86,73,2024-08-15,In Progress,Bank Transfer
100647,942,27,2025-02-02,Completed,PayPal
100648,138,7,2026-04-15,In Progress,PayPal
100649,133,35,2026-03-17,Completed,Invoice
100650,303,5,2024-12-14,Cancelled,Bank Transfer
100651,409,7,2024-04-30,Completed,Credit Card
100652,33,2,2025-05-03,In Progress,Invoice
100653,120,68,2026-06-12,Completed,PayPal
100654,24,72,2025-06-04,Completed,PayPal
100655,183,1,2026-05-29,Completed,Credit Card
100656,894,5,2025-05-10,Completed,Credit Card
100657,189,55,2023-10-06,Cancelled,Credit Card
100658,404,68,2024-02-27,In Progress,Credit Card
100659,454,55,2024-03-22,Completed,PayPal
100660,205,55,2025-07-06,Cancelled,Invoice
100661,816,5,2025-03-22,Completed,Credit Card
100662,719,35,2025-01-27,Cancelled,Invoice
100663,847,68,2024-11-02,Cancelled,PayPal
100664,179,35,2024-09-28,Completed,Credit Card
100665,543,7,2024-11-22,Completed,Invoice
100666,414,1,2024-01-23,Cancelled,Invoice
100667,63,68,2026-06-03,Completed,PayPal
100668,1000,73,2023-09-12,Completed,Invoice
100669,703,35,2026-02-16,Completed,PayPal
100670,909,55,2025-10-30,Completed,Credit Card
100671,950,35,2026-02-16,Cancelled,Credit Card
100672,865,35,2023-12-01,Cancelled,PayPal
100673,126,7,2023-11-09,Completed,Invoice
100674,625,2,2025-11-22,Completed,PayPal
100675,179,35,2026-02-05,In Progress,Invoice
100676,939,1,2025-09-26,Completed,Bank Transfer
100677,954,55,2025-07-26,In Progress,PayPal
100678,853,35,2026-05-28,Completed,PayPal
100679,607,72,2023-09-29,Completed,PayPal
100680,206,27,2026-01-13,Cancelled,PayPal
100681,962,72,2026-07-24,Cancelled,Invoice
100682,446,27,2024-05-01,Completed,PayPal
100683,417,68,2024-07-15,Cancelled,Invoice
100684,229,55,2024-03-04,Completed,Invoice
100685,315,7,2026-05-03,Completed,PayPal
100686,410,35,2023-08-24,Completed,Bank Transfer
100687,617,1,2026-02-23,Completed,Invoice
100688,999,1,2025-01-29,Completed,Invoice
100689,320,72,2023-12-20,In Progress,Credit Card
100690,635,68,2026-05-28,In Progress,PayPal
100691,987,7,2025-09-08,Cancelled,Invoice
100692,144,72,2024-10-17,Cancelled,Bank Transfer
100693,322,27,2026-02-16,Cancelled,Credit Card
100694,61,2,2023-09-26,Completed,Invoice
100695,316,1,2026-03-08,Completed,Bank Transfer
100696,872,35,2026-06-04,Completed,PayPal
100697,316,35,2023-08-11,In Progress,Invoice
100698,107,7,2026-04-15,In Progress,Bank Transfer
100699,791,5,2023-10-07,Completed,PayPal
100700,723,73,2024-05-12,In Progress,Bank Transfer
100701,503,72,2024-04-17,Completed,Credit Card
100702,698,27,2024-05-04,Completed,Invoice
100703,693,1,2025-03-08,In Progress,Invoice
100704,569,55,2023-08-10,Completed,Credit Card
100705,458,68,2024-12-13,Completed,Invoice
100706,696,72,2026-04-19,In Progress,Invoice
100707,730,72,2026-06-29,In Progress,Invoice
100708,840,27,2026-05-04,Completed,PayPal
100709,442,7,2023-11-25,Completed,Credit Card
100710,34,1,2025-04-19,Completed,Bank Transfer
100711,96,68,2026-04-22,In Progress,PayPal
100712,597,5,2024-03-19,Cancelled,Invoice
100713,990,7,2025-10-06,Completed,Invoice
100714,641,68,2025-03-26,Cancelled,Bank Transfer
100715,479,7,2024-10-25,Completed,Credit Card
100716,745,68,2023-10-01,Completed,Invoice
100717,596,35,2025-06-21,Completed,Invoice
100718,807,2,2025-12-08,Completed,PayPal
100719,762,5,2026-04-18,Cancelled,Bank Transfer
100720,672,1,2024-03-30,Completed,Invoice
100721,201,7,2025-10-08,Cancelled,Credit Card
100722,661,5,2024-06-08,In Progress,Bank Transfer
100723,679,27,2023-08-13,Completed,Credit Card
100724,11,7,2024-04-16,Completed,Bank Transfer
100725,194,55,2025-08-14,In Progress,Credit Card
100726,195,7,2024-05-03,Completed,Bank Transfer
100727,900,1,2024-05-22,Completed,PayPal
100728,664,55,2024-05-16,Completed,Credit Card
100729,733,68,2026-02-23,Completed,PayPal
100730,879,5,2025-10-25,Completed,PayPal
100731,438,55,2026-03-19,In Progress,PayPal
100732,54,5,2025-08-19,Completed,Credit Card
100733,482,35,2024-06-16,Completed,PayPal
100734,810,35,2025-01-22,Completed,Bank Transfer
100735,581,27,2025-11-22,Completed,PayPal
100736,140,2,2024-01-23,Completed,PayPal
100737,323,35,2024-11-28,Cancelled,PayPal
100738,632,72,2026-03-03,Completed,PayPal
100739,257,27,2024-05-23,Completed,Bank Transfer
100740,569,35,2024-04-24,In Progress,Invoice
100741,770,73,2026-07-21,Completed,Credit Card
100742,146,7,2024-12-05,Cancelled,Credit Card
100743,371,73,2024-12-31,Completed,Invoice
100744,39,55,2026-01-17,In Progress,Bank Transfer
100745,611,55,2024-06-26,Cancelled,Bank Transfer
100746,378,68,2025-06-12,Completed,PayPal
100747,423,5,2024-04-26,Completed,PayPal
100748,72,2,2024-03-06,Completed,Credit Card
100749,560,5,2024-01-19,In Progress,Credit Card
100750,85,7,2023-11-17,In Progress,Invoice
100751,296,73,2025-12-04,In Progress,Invoice
100752,641,55,2025-09-14,Completed,PayPal
100753,72,72,2025-11-27,In Progress,Invoice
100754,606,72,2023-08-23,Completed,Bank Transfer
100755,459,55,2026-02-17,Completed,Bank Transfer
100756,467,55,2024-11-03,Cancelled,Credit Card
100757,353,2,2025-08-01,Completed,Credit Card
100758,521,2,2024-07-04,Cancelled,Credit Card
100759,233,72,2026-04-10,Completed,Invoice
100760,860,68,2025-05-03,Completed,PayPal
100761,485,55,2025-07-21,Completed,Credit Card
100762,71,35,2026-06-09,In Progress,Bank Transfer
100763,462,27,2024-05-07,Completed,Bank Transfer
100764,7,35,2023-08-03,Cancelled,Bank Transfer
100765,752,2,2023-08-25,Completed,PayPal
100766,819,68,2026-03-25,Completed,Credit Card
100767,42,2,2025-08-29,Cancelled,Invoice
100768,716,73,2025-09-16,Completed,PayPal
100769,444,27,2025-04-09,Completed,Invoice
100770,727,73,2023-08-26,Completed,Credit Card
100771,938,5,2025-07-21,Completed,Credit Card
100772,546,2,2024-03-06,Completed,PayPal
100773,368,73,2024-12-24,Cancelled,Invoice
100774,108,73,2025-12-18,Completed,PayPal
100775,86,2,2025-02-15,Completed,Credit Card
100776,764,7,2024-11-19,Cancelled,PayPal
100777,721,2,2026-03-10,Cancelled,Invoice
100778,596,1,2025-12-13,Completed,PayPal
100779,496,68,2026-03-26,In Progress,Invoice
100780,270,1,2024-10-16,In Progress,Credit Card
100781,186,73,2026-03-05,In Progress,PayPal
100782,783,5,2024-07-15,Completed,Credit Card
100783,133,2,2024-12-31,Completed,Credit Card
100784,857,2,2025-02-10,Completed,Invoice
100785,402,27,2024-08-04,Completed,PayPal
100786,573,7,2024-07-02,In Progress,Credit Card
100787,244,55,2024-12-10,Cancelled,Bank Transfer
100788,609,72,2025-10-23,In Progress,PayPal
100789,451,55,2025-08-19,Completed,Credit Card
100790,308,5,2026-07-08,Completed,Invoice
100791,479,73,2025-11-08,Completed,Credit Card
100792,464,2,2025-03-30,Completed,Credit Card
100793,276,27,2023-08-01,Completed,Invoice
100794,370,55,2025-01-18,Completed,Credit Card
100795,425,1,2024-07-15,Completed,PayPal
100796,783,35,2026-07-13,Completed,PayPal
100797,370,27,2025-02-15,Cancelled,PayPal
100798,987,73,2025-11-28,Completed,Credit Card
100799,391,7,2026-04-03,Cancelled,Credit Card
100800,577,68,2026-06-25,Cancelled,Invoice
100801,830,68,2024-04-13,Completed,Credit Card
100802,597,5,2026-04-10,Completed,PayPal
100803,404,55,2023-10-28,Cancelled,PayPal
100804,570,1,2023-11-12,Cancelled,PayPal
100805,966,7,2025-11-14,Completed,Bank Transfer
100806,763,27,2026-05-09,Completed,Credit Card
100807,830,27,2024-03-29,Completed,Credit Card
100808,305,7,2026-07-11,Completed,Credit Card
100809,374,35,2023-10-01,Completed,PayPal
100810,277,5,2025-03-30,In Progress,PayPal
100811,389,68,2024-11-06,Cancelled,PayPal
100812,299,35,2024-09-09,In Progress,PayPal
100813,120,35,2026-01-10,In Progress,Invoice
100814,781,68,2025-07-27,Completed,Bank Transfer
100815,505,35,2025-01-07,Completed,Bank Transfer
100816,361,55,2026-07-18,Completed,Invoice
100817,716,7,2024-03-01,Cancelled,Bank Transfer
100818,891,68,2025-07-14,In Progress,Invoice
100819,371,5,2025-10-10,In Progress,PayPal
100820,990,55,2024-07-09,Cancelled,Credit Card
100821,115,27,2024-08-18,In Progress,Bank Transfer
100822,448,5,2025-07-07,Cancelled,Bank Transfer
100823,281,5,2025-07-03,Completed,Bank Transfer
100824,122,55,2025-10-29,Cancelled,PayPal
100825,882,35,2024-04-30,Cancelled,Bank Transfer
100826,765,55,2026-07-23,Cancelled,Credit Card
100827,555,27,2024-10-13,Completed,Invoice
100828,187,2,2024-08-01,Completed,PayPal
100829,956,1,2026-03-18,Completed,PayPal
100830,467,72,2025-07-02,In Progress,Invoice
100831,178,2,2024-07-08,Completed,Invoice
100832,913,68,2024-06-07,Cancelled,Credit Card
100833,839,27,2025-04-08,Completed,Bank Transfer
100834,488,1,2024-07-05,Cancelled,Bank Transfer
100835,29,5,2025-05-10,Completed,Invoice
100836,145,7,2026-02-02,Completed,Invoice
100837,891,73,2025-07-12,Completed,Credit Card
100838,238,73,2024-11-30,Completed,PayPal
100839,376,68,2025-01-14,In Progress,Bank Transfer
100840,834,68,2024-10-25,Completed,Credit Card
100841,404,35,2025-01-17,Completed,Bank Transfer
100842,618,73,2025-01-29,In Progress,PayPal
100843,305,7,2025-01-26,In Progress,Bank Transfer
100844,29,72,2024-08-28,Cancelled,Credit Card
100845,188,73,2025-03-20,Completed,Bank Transfer
100846,769,72,2025-02-13,Completed,PayPal
100847,780,55,2025-01-15,Completed,Credit Card
100848,910,2,2024-08-14,Completed,Bank Transfer
100849,135,72,2024-07-26,Cancelled,Credit Card
100850,491,35,2026-01-01,In Progress,Credit Card
100851,229,1,2025-09-15,Cancelled,Credit Card
100852,604,55,2023-08-25,Completed,PayPal
100853,131,35,2026-03-13,In Progress,Invoice
100854,155,68,2025-05-30,In Progress,Invoice
100855,837,5,2025-07-31,Completed,PayPal
100856,394,5,2025-02-21,Cancelled,Bank Transfer
100857,810,27,2024-01-08,Completed,Bank Transfer
100858,622,1,2024-03-19,Completed,PayPal
100859,286,68,2024-05-26,Cancelled,Invoice
100860,409,2,2024-12-30,Completed,Credit Card
100861,105,73,2023-08-29,Completed,PayPal
100862,562,27,2023-10-31,Completed,Invoice
100863,207,1,2025-07-01,Cancelled,Bank Transfer
100864,823,73,2024-09-15,Cancelled,Credit Card
100865,861,27,2024-12-24,Completed,Bank Transfer
100866,530,68,2024-07-13,Completed,Credit Card
100867,374,2,2024-06-15,In Progress,Bank Transfer
100868,206,68,2024-06-21,Completed,PayPal
100869,860,73,2026-02-19,Cancelled,Bank Transfer
100870,875,1,2024-09-12,Cancelled,Credit Card
100871,882,68,2025-12-03,Completed,Invoice
100872,758,1,2023-11-03,In Progress,Invoice
100873,87,72,2024-12-30,Completed,Invoice
100874,908,5,2024-07-24,In Progress,PayPal
100875,271,68,2024-02-09,Completed,PayPal
100876,582,73,2024-08-22,In Progress,PayPal
100877,155,7,2024-06-12,Cancelled,Credit Card
100878,494,27,2025-07-23,Cancelled,Bank Transfer
100879,758,2,2024-05-05,In Progress,Invoice
100880,594,73,2026-07-06,Completed,Bank Transfer
100881,295,27,2025-01-25,Completed,PayPal
100882,877,73,2026-03-05,Cancelled,Invoice
100883,822,2,2024-03-17,Completed,Credit Card
100884,514,72,2025-06-30,Completed,Bank Transfer
100885,279,27,2023-08-04,Completed,Credit Card
100886,151,7,2025-12-29,Completed,Bank Transfer
100887,467,68,2025-06-02,Completed,Bank Transfer
100888,775,1,2026-05-26,Completed,Invoice
100889,691,68,2024-01-30,Completed,PayPal
100890,242,2,2023-08-07,Completed,PayPal
100891,231,35,2025-08-01,Completed,Credit Card
100892,758,7,2024-12-22,Completed,Credit Card
100893,274,55,2024-10-19,In Progress,PayPal
100894,202,68,2024-11-01,Completed,Credit Card
100895,282,73,2023-11-07,Completed,PayPal
100896,260,68,2026-04-22,Completed,PayPal
100897,791,1,2024-07-06,Completed,Bank Transfer
100898,324,5,2025-04-22,In Progress,Bank Transfer
100899,134,35,2026-01-20,In Progress,Invoice
100900,877,73,2025-03-06,Completed,PayPal
100901,735,73,2026-02-10,Completed,Invoice
100902,823,73,2026-02-17,Completed,Bank Transfer
100903,442,68,2026-03-25,Completed,Invoice
100904,826,35,2024-12-22,Completed,Invoice
100905,168,2,2024-05-17,Completed,Bank Transfer
100906,426,5,2024-02-21,Completed,Invoice
100907,819,7,2025-11-01,Completed,PayPal
100908,467,35,2026-04-23,Completed,PayPal
100909,242,68,2024-02-21,Completed,Bank Transfer
100910,816,73,2023-09-05,Completed,Bank Transfer
100911,282,2,2024-03-31,In Progress,PayPal
100912,945,35,2024-10-25,Completed,PayPal
100913,966,1,2025-03-31,Completed,Credit Card
100914,358,68,2024-11-01,In Progress,Bank Transfer
100915,949,7,2023-11-08,Completed,Credit Card
100916,908,35,2025-07-03,Completed,Bank Transfer
100917,903,68,2026-04-03,Completed,Invoice
100918,176,72,2024-11-02,Completed,Invoice
100919,202,27,2023-07-30,Completed,Credit Card
100920,393,72,2024-10-09,Completed,Invoice
100921,761,2,2023-11-12,Completed,Invoice
100922,128,2,2026-03-18,Completed,Credit Card
100923,248,68,2024-10-15,Cancelled,Invoice
100924,128,5,2025-08-25,In Progress,Bank Transfer
100925,181,2,2025-08-27,Completed,PayPal
100926,597,1,2025-05-14,Completed,PayPal
100927,29,55,2026-03-27,Cancelled,Credit Card
100928,791,5,2026-03-11,Completed,Bank Transfer
100929,550,35,2026-06-26,In Progress,Invoice
100930,346,55,2026-04-06,Completed,Credit Card
100931,128,7,2025-04-13,Completed,Invoice
100932,113,72,2025-04-25,Completed,Bank Transfer
100933,802,27,2023-11-21,Completed,Bank Transfer
100934,884,1,2024-06-06,Cancelled,PayPal
100935,595,2,2024-06-09,Completed,Credit Card
100936,717,68,2025-09-11,In Progress,Invoice
100937,654,1,2023-11-07,Completed,PayPal
100938,571,35,2026-02-01,Completed,Bank Transfer
100939,815,27,2026-04-12,Completed,Invoice
100940,850,27,2024-03-11,Completed,Credit Card
100941,213,73,2025-04-08,In Progress,Credit Card
100942,242,1,2025-10-18,Cancelled,Invoice
100943,174,27,2025-03-18,In Progress,Invoice
100944,838,73,2023-12-30,Completed,Credit Card
100945,913,68,2026-07-17,Completed,PayPal
100946,782,72,2026-06-06,In Progress,PayPal
100947,981,68,2025-04-10,Cancelled,Invoice
100948,401,1,2026-03-12,In Progress,Credit Card
100949,206,5,2025-03-22,In Progress,Bank Transfer
100950,508,73,2024-01-19,Completed,Invoice
100951,53,73,2023-09-21,Completed,Bank Transfer
100952,501,68,2025-02-20,Cancelled,Bank Transfer
100953,546,68,2024-01-06,Completed,PayPal
100954,979,1,2024-12-28,Completed,Credit Card
100955,867,2,2026-05-03,Cancelled,PayPal
100956,780,5,2025-12-26,Cancelled,Invoice
100957,492,72,2024-06-20,In Progress,Bank Transfer
100958,784,72,2026-07-22,Completed,Credit Card
100959,576,73,2025-03-01,Completed,Bank Transfer
100960,723,2,2025-08-03,In Progress,Credit Card
100961,613,68,2025-02-06,Cancelled,Invoice
100962,40,72,2025-05-10,Completed,PayPal
100963,51,68,2023-11-09,Completed,PayPal
100964,370,5,2025-03-26,Cancelled,PayPal
100965,963,35,2024-05-03,In Progress,Credit Card
100966,347,7,2023-08-10,In Progress,PayPal
100967,604,1,2025-02-14,Completed,Invoice
100968,874,1,2025-04-02,In Progress,Invoice
100969,957,5,2026-03-07,Completed,PayPal
100970,611,55,2026-07-15,Completed,PayPal
100971,880,27,2025-10-05,In Progress,Credit Card
100972,759,35,2024-06-21,Completed,Invoice
100973,170,27,2025-02-09,Completed,Credit Card
100974,208,55,2024-10-27,Completed,Credit Card
100975,148,1,2025-12-30,Completed,Bank Transfer
100976,879,55,2025-08-16,Completed,Bank Transfer
100977,884,7,2024-06-17,Completed,Credit Card
100978,79,55,2025-03-05,Completed,Bank Transfer
100979,855,72,2025-09-27,In Progress,Bank Transfer
100980,500,1,2024-02-05,In Progress,Bank Transfer
100981,344,55,2025-09-13,Completed,Invoice
100982,999,68,2023-08-06,In Progress,Credit Card
100983,359,55,2024-10-15,Cancelled,Bank Transfer
100984,215,2,2026-04-18,Cancelled,Invoice
100985,436,35,2024-11-01,Cancelled,Invoice
100986,875,27,2023-11-26,Completed,Credit Card
100987,399,73,2025-06-04,Cancelled,PayPal
100988,714,2,2026-07-17,Cancelled,Invoice
100989,391,27,2025-11-10,Completed,Invoice
100990,641,55,2025-05-24,Cancelled,Invoice
100991,942,72,2025-09-08,Completed,Invoice
100992,906,1,2026-07-07,Completed,PayPal
100993,875,2,2024-04-06,Completed,Invoice
100994,127,35,2024-10-19,Cancelled,PayPal
100995,11,27,2025-03-13,In Progress,Invoice
100996,115,27,2025-04-05,Completed,Invoice
100997,728,72,2025-07-03,In Progress,Bank Transfer
100998,769,1,2025-05-28,Completed,Invoice
100999,113,72,2025-02-16,In Progress,PayPal
101000,365,55,2023-11-26,Completed,Bank Transfer
101001,579,35,2024-06-04,Completed,Credit Card
101002,51,1,2024-12-13,Cancelled,Invoice
101003,664,2,2025-08-13,In Progress,Bank Transfer
101004,730,55,2025-04-04,Completed,Credit Card
101005,224,27,2024-06-26,Cancelled,PayPal
101006,725,55,2024-06-04,In Progress,Bank Transfer
101007,300,7,2024-01-05,Cancelled,Bank Transfer
101008,872,2,2024-10-26,Completed,PayPal
101009,942,5,2025-08-15,Cancelled,PayPal
101010,667,7,2025-11-18,Completed,PayPal
101011,769,27,2024-12-04,Completed,PayPal
101012,78,2,2025-08-13,Cancelled,Bank Transfer
101013,128,5,2025-11-15,Completed,PayPal
101014,15,35,2023-09-23,Cancelled,Invoice
101015,561,68,2025-08-06,Completed,PayPal
101016,217,55,2024-07-30,Completed,Credit Card
101017,50,55,2023-09-17,In Progress,Credit Card
101018,826,27,2025-04-06,Cancelled,Invoice
101019,834,27,2025-05-05,Cancelled,PayPal
101020,618,35,2025-05-14,Completed,Bank Transfer
101021,289,55,2025-04-28,Cancelled,PayPal
101022,77,68,2026-03-21,Completed,Bank Transfer
101023,273,72,2025-01-05,Completed,Invoice
101024,477,72,2026-06-06,Cancelled,Credit Card
101025,428,73,2025-08-19,Completed,PayPal
101026,593,2,2024-05-29,Cancelled,Credit Card
101027,635,73,2026-03-17,Completed,Invoice
101028,756,73,2025-09-29,Completed,PayPal
101029,529,55,2026-03-03,Completed,Bank Transfer
101030,591,27,2026-04-14,Completed,Credit Card
101031,181,2,2024-04-22,Completed,Invoice
101032,667,27,2025-03-09,Completed,Bank Transfer
101033,254,73,2024-06-25,Completed,Credit Card
101034,803,68,2024-03-12,Completed,Credit Card
101035,968,5,2024-11-04,Completed,Invoice
101036,8,7,2024-02-21,In Progress,PayPal
101037,605,35,2024-11-09,Completed,Invoice
101038,938,1,2024-10-01,Completed,Invoice
101039,270,73,2026-07-23,Cancelled,PayPal
101040,777,72,2025-11-11,Completed,PayPal
101041,988,27,2025-05-18,Completed,Bank Transfer
101042,608,73,2025-03-14,In Progress,Bank Transfer
101043,422,68,2025-11-09,Completed,PayPal
101044,129,1,2023-11-06,Completed,PayPal
101045,492,27,2025-10-06,Completed,Bank Transfer
101046,855,68,2026-01-27,In Progress,Invoice
101047,122,7,2023-08-16,Cancelled,PayPal
101048,245,55,2026-04-29,Completed,Bank Transfer
101049,888,7,2024-07-18,Cancelled,Bank Transfer
101050,274,73,2025-04-13,In Progress,Bank Transfer
101051,620,35,2026-06-15,Completed,Invoice
101052,784,1,2025-08-18,Completed,Invoice
101053,487,7,2025-06-16,Completed,Bank Transfer
101054,532,2,2025-07-10,Completed,Invoice
101055,764,73,2025-07-24,In Progress,Credit Card
101056,51,7,2025-08-24,Completed,Bank Transfer
101057,754,72,2024-04-16,Completed,Invoice
101058,770,7,2024-04-22,Completed,Bank Transfer
101059,935,27,2026-06-22,Cancelled,Invoice
101060,660,72,2026-02-17,Completed,PayPal
101061,885,2,2025-09-06,Completed,Credit Card
101062,52,27,2024-04-28,Cancelled,Credit Card
101063,771,27,2024-08-28,Completed,Invoice
101064,239,72,2024-04-22,Completed,Bank Transfer
101065,106,72,2024-05-04,In Progress,Credit Card
101066,979,1,2023-09-22,Cancelled,Invoice
101067,768,35,2024-04-22,Cancelled,Bank Transfer
101068,153,2,2023-08-24,Completed,Bank Transfer
101069,936,2,2024-03-12,In Progress,Bank Transfer
101070,409,35,2024-12-12,Cancelled,Credit Card
101071,675,72,2025-11-20,Completed,Bank Transfer
101072,640,35,2026-07-22,Completed,PayPal
101073,930,2,2025-12-15,Completed,Credit Card
101074,818,73,2023-07-30,Completed,Credit Card
101075,692,72,2025-07-29,Completed,Invoice
101076,116,7,2024-08-02,Cancelled,Bank Transfer
101077,295,2,2026-06-25,In Progress,Bank Transfer
101078,673,27,2024-02-18,Completed,Invoice
101079,583,1,2024-05-29,Completed,Invoice
101080,122,1,2023-12-16,Completed,Bank Transfer
101081,68,68,2024-07-08,In Progress,Invoice
101082,642,68,2024-04-15,Completed,Invoice
101083,246,1,2024-05-26,Cancelled,Credit Card
101084,88,2,2025-06-10,Completed,Bank Transfer
101085,522,35,2024-10-01,Completed,Bank Transfer
101086,859,27,2024-02-23,In Progress,PayPal
101087,792,55,2025-06-18,In Progress,Credit Card
101088,328,27,2023-10-02,In Progress,Bank Transfer
101089,447,73,2025-06-22,Completed,Bank Transfer
101090,740,35,2023-11-07,In Progress,Invoice
101091,421,7,2026-03-18,Cancelled,Credit Card
101092,454,7,2025-10-22,Completed,Credit Card
101093,395,68,2025-03-12,Cancelled,Bank Transfer
101094,145,1,2023-10-20,In Progress,Credit Card
101095,101,27,2026-07-12,In Progress,Bank Transfer
101096,857,35,2025-01-31,Completed,Bank Transfer
101097,474,55,2024-11-03,Completed,Bank Transfer
101098,244,73,2024-04-16,Completed,Invoice
101099,980,35,2023-12-19,Completed,Invoice
101100,506,2,2023-08-11,Completed,PayPal
101101,63,73,2025-10-31,Completed,Bank Transfer
101102,404,5,2025-07-13,In Progress,PayPal
101103,963,27,2023-08-16,Completed,Invoice
101104,462,7,2026-05-21,Completed,PayPal
101105,194,7,2023-12-08,Completed,Invoice
101106,843,27,2024-10-18,Cancelled,PayPal
101107,563,27,2024-01-14,Completed,PayPal
101108,458,35,2026-02-21,Completed,Bank Transfer
101109,574,7,2025-06-07,Cancelled,Invoice
101110,423,27,2024-04-01,In Progress,Credit Card
101111,882,68,2024-07-08,Completed,Credit Card
101112,416,35,2024-05-09,Completed,Bank Transfer
101113,593,5,2024-07-11,Completed,PayPal
101114,574,72,2026-06-16,Completed,Credit Card
101115,942,68,2026-07-24,In Progress,Credit Card
101116,691,68,2026-01-31,Completed,Bank Transfer
101117,603,73,2026-03-01,Completed,Credit Card
101118,333,72,2023-08-16,In Progress,Credit Card
101119,117,5,2025-02-06,Completed,PayPal
101120,160,35,2023-12-08,Completed,Credit Card
101121,31,73,2024-11-16,In Progress,Bank Transfer
101122,237,2,2024-08-15,In Progress,Bank Transfer
101123,846,55,2024-11-28,Completed,Credit Card
101124,250,68,2025-08-14,Completed,Bank Transfer
101125,708,68,2023-10-03,Cancelled,PayPal
101126,628,1,2025-07-15,Completed,Credit Card
101127,744,7,2025-06-15,In Progress,Invoice
101128,22,5,2026-04-03,Cancelled,PayPal
101129,77,35,2026-05-18,Completed,PayPal
101130,194,7,2024-05-13,Cancelled,Invoice
101131,571,7,2024-07-29,In Progress,Credit Card
101132,431,27,2025-05-13,In Progress,Bank Transfer
101133,208,55,2026-02-18,Completed,PayPal
101134,936,73,2026-07-07,Completed,Bank Transfer
101135,707,1,2024-08-26,Completed,Invoice
101136,687,7,2025-04-03,In Progress,Invoice
101137,975,1,2025-03-09,In Progress,Bank Transfer
101138,8,73,2025-05-04,In Progress,Credit Card
101139,790,7,2023-08-05,Completed,Bank Transfer
101140,868,7,2024-04-03,Completed,Bank Transfer
101141,640,72,2024-09-02,Completed,Credit Card
101142,764,2,2023-12-24,Cancelled,Bank Transfer
101143,40,27,2024-03-09,Completed,Credit Card
101144,965,73,2024-07-08,Completed,Bank Transfer
101145,211,2,2025-06-14,In Progress,Bank Transfer
101146,945,55,2024-08-08,In Progress,PayPal
101147,410,72,2024-02-04,Completed,Bank Transfer
101148,746,2,2023-08-02,Completed,Invoice
101149,336,72,2025-11-06,Completed,Credit Card
101150,347,2,2023-12-06,Completed,Invoice
101151,807,2,2025-05-12,Completed,Bank Transfer
101152,384,73,2024-05-04,In Progress,PayPal
101153,726,55,2025-03-15,Cancelled,Invoice
101154,692,1,2024-07-30,In Progress,Credit Card
101155,823,2,2023-08-18,Completed,PayPal
101156,997,2,2024-08-22,Completed,Invoice
101157,606,5,2025-07-03,Completed,PayPal
101158,392,5,2026-04-02,In Progress,Invoice
101159,828,1,2024-04-05,Completed,Invoice
101160,299,72,2023-09-19,In Progress,PayPal
101161,156,5,2025-05-11,In Progress,Bank Transfer
101162,755,55,2026-04-12,Completed,Invoice
101163,905,72,2024-03-07,Completed,Bank Transfer
101164,824,1,2025-06-25,In Progress,Invoice
101165,771,73,2025-10-11,Completed,Credit Card
101166,59,5,2024-01-05,In Progress,Bank Transfer
101167,681,27,2023-09-07,Completed,PayPal
101168,490,73,2026-01-16,Cancelled,PayPal
101169,901,2,2025-08-20,Completed,Bank Transfer
101170,289,72,2026-02-24,Completed,PayPal
101171,216,35,2025-05-12,In Progress,Credit Card
101172,939,2,2024-08-06,Completed,Bank Transfer
101173,985,68,2025-09-27,In Progress,PayPal
101174,938,27,2026-03-24,Completed,Bank Transfer
101175,384,2,2026-03-31,Completed,PayPal
101176,101,73,2024-09-08,Completed,Invoice
101177,633,73,2026-05-11,Completed,Credit Card
101178,858,68,2023-11-19,Completed,Invoice
101179,321,1,2025-04-01,Completed,Bank Transfer
101180,707,5,2025-05-23,Completed,Credit Card
101181,104,5,2025-08-16,Completed,Bank Transfer
101182,193,68,2023-09-07,Completed,Bank Transfer
101183,773,5,2025-08-05,Completed,PayPal
101184,584,1,2026-06-21,Completed,Bank Transfer
101185,597,27,2025-07-27,Cancelled,PayPal
101186,343,35,2025-01-03,Cancelled,Bank Transfer
101187,756,5,2026-07-18,In Progress,PayPal
101188,222,73,2024-10-21,Completed,Bank Transfer
101189,245,1,2025-10-17,Completed,Invoice
101190,397,72,2024-03-06,Completed,Credit Card
101191,621,55,2026-03-01,Completed,Credit Card
101192,447,5,2024-11-06,Completed,PayPal
101193,228,73,2024-01-03,Cancelled,Invoice
101194,181,1,2024-07-12,In Progress,Credit Card
101195,345,27,2024-09-25,Completed,PayPal
101196,969,35,2025-08-30,Completed,Bank Transfer
101197,608,68,2026-01-03,Cancelled,Bank Transfer
101198,870,55,2026-06-20,Completed,Invoice
101199,97,73,2026-05-14,Completed,Credit Card
101200,776,2,2025-11-05,Completed,Invoice
101201,460,35,2025-11-18,Completed,Bank Transfer
101202,223,1,2025-11-28,Completed,Invoice
101203,852,55,2025-06-03,Completed,PayPal
101204,50,68,2025-03-28,In Progress,Invoice
101205,842,72,2024-04-14,In Progress,Credit Card
101206,475,27,2026-04-22,Completed,Bank Transfer
101207,846,1,2024-09-21,Completed,Bank Transfer
101208,656,35,2026-05-18,Completed,Bank Transfer
101209,941,55,2024-07-31,Completed,Credit Card
101210,136,35,2023-08-15,Completed,PayPal
101211,673,73,2024-07-04,Cancelled,Invoice
101212,407,68,2025-08-20,Completed,Invoice
101213,860,7,2025-11-28,Completed,Credit Card
101214,698,73,2023-11-28,In Progress,Credit Card
101215,887,5,2023-10-29,Completed,Invoice
101216,183,5,2026-01-04,Completed,Invoice
101217,670,68,2026-01-23,Completed,Invoice
101218,525,55,2025-03-21,Cancelled,Credit Card
101219,474,1,2024-06-13,In Progress,Credit Card
101220,684,7,2025-01-05,Completed,Invoice
101221,415,7,2024-02-07,In Progress,Credit Card
101222,680,27,2024-06-09,Cancelled,PayPal
101223,635,55,2024-03-09,Completed,PayPal
101224,958,68,2025-10-02,Completed,PayPal
101225,162,27,2026-05-17,Completed,Credit Card
101226,219,35,2023-09-10,In Progress,PayPal
101227,465,7,2024-07-09,In Progress,PayPal
101228,726,35,2024-02-14,Completed,Invoice
101229,595,1,2026-03-11,Cancelled,Credit Card
101230,84,2,2024-09-16,Completed,Credit Card
101231,687,73,2024-11-30,Completed,Bank Transfer
101232,371,2,2024-01-12,In Progress,Bank Transfer
101233,150,2,2023-12-09,In Progress,Bank Transfer
101234,602,1,2025-05-28,In Progress,Credit Card
101235,756,2,2023-09-05,Completed,Invoice
101236,552,73,2026-02-13,Cancelled,Credit Card
101237,25,5,2024-11-07,Cancelled,Invoice
101238,817,73,2024-10-25,Completed,Credit Card
101239,808,27,2023-10-31,Completed,Credit Card
101240,21,5,2025-03-06,Completed,Bank Transfer
101241,838,1,2023-12-06,Completed,Invoice
101242,438,2,2026-04-07,In Progress,Invoice
101243,610,72,2023-11-14,In Progress,PayPal
101244,283,7,2025-01-14,Completed,Bank Transfer
101245,771,55,2026-02-25,Completed,Invoice
101246,806,72,2026-07-16,In Progress,Invoice
101247,861,1,2024-09-05,Completed,Invoice
101248,249,55,2024-03-13,Completed,Credit Card
101249,247,35,2025-03-13,Completed,Invoice
101250,737,5,2023-12-25,Completed,PayPal
101251,865,5,2025-05-11,In Progress,Invoice
101252,431,55,2026-06-25,Cancelled,Invoice
101253,236,73,2025-01-01,Completed,Invoice
101254,31,35,2024-02-22,Completed,Credit Card
101255,37,7,2024-04-15,Completed,PayPal
101256,310,68,2023-08-01,Completed,PayPal
101257,641,72,2025-01-19,Cancelled,Bank Transfer
101258,803,35,2024-06-10,In Progress,Invoice
101259,931,55,2025-04-03,Completed,Bank Transfer
101260,646,5,2025-12-09,In Progress,Credit Card
101261,763,1,2026-04-04,Completed,Bank Transfer
101262,927,55,2024-07-16,In Progress,Bank Transfer
101263,978,2,2025-11-26,Completed,Bank Transfer
101264,378,55,2023-12-01,In Progress,PayPal
101265,68,1,2025-02-18,In Progress,Bank Transfer
101266,62,55,2026-03-10,Completed,Invoice
101267,439,55,2024-02-19,Completed,Bank Transfer
101268,65,35,2026-01-23,Completed,Invoice
101269,198,27,2025-05-08,In Progress,Bank Transfer
101270,7,73,2025-09-29,In Progress,Invoice
101271,297,1,2026-04-04,Completed,Bank Transfer
101272,691,1,2024-01-23,In Progress,Bank Transfer
101273,868,73,2024-01-21,Completed,PayPal
101274,366,72,2024-06-16,Completed,PayPal
101275,2,5,2023-11-11,Completed,PayPal
101276,585,73,2026-07-04,Completed,Bank Transfer
101277,479,35,2025-11-21,Completed,Bank Transfer
101278,477,7,2024-08-05,Completed,PayPal
101279,864,55,2024-06-04,Completed,PayPal
101280,128,5,2023-08-12,Completed,Bank Transfer
101281,875,7,2024-10-21,Cancelled,Bank Transfer
101282,1000,55,2026-05-31,Completed,PayPal
101283,407,68,2025-04-25,Cancelled,PayPal
101284,803,7,2024-07-05,In Progress,Invoice
101285,328,5,2025-05-24,Cancelled,PayPal
101286,760,2,2026-03-01,Completed,Bank Transfer
101287,711,35,2026-03-19,In Progress,Invoice
101288,635,7,2026-05-15,In Progress,PayPal
101289,580,2,2024-09-01,Completed,Invoice
101290,338,7,2025-08-13,Completed,Invoice
101291,408,1,2025-08-12,Cancelled,PayPal
101292,578,55,2026-01-29,Completed,Credit Card
101293,522,5,2024-01-11,Cancelled,Bank Transfer
101294,710,35,2025-07-26,Completed,Invoice
101295,514,7,2024-01-28,Completed,PayPal
101296,743,73,2024-05-13,In Progress,Bank Transfer
101297,908,35,2025-06-29,In Progress,Bank Transfer
101298,742,73,2025-04-02,Completed,Invoice
101299,10,5,2025-12-12,In Progress,PayPal
101300,668,7,2023-10-18,Cancelled,PayPal
101301,939,55,2024-10-16,Completed,PayPal
101302,192,7,2023-11-21,Cancelled,Credit Card
101303,576,7,2025-02-19,Cancelled,Invoice
101304,915,55,2024-02-04,Cancelled,Credit Card
101305,889,55,2026-05-23,In Progress,Credit Card
101306,739,7,2025-02-01,Completed,Invoice
101307,806,27,2026-07-14,Completed,Bank Transfer
101308,970,55,2023-11-25,Cancelled,Credit Card
101309,1000,68,2024-10-12,Completed,PayPal
101310,412,2,2026-02-19,Cancelled,Bank Transfer
101311,595,1,2024-06-28,Completed,PayPal
101312,769,72,2025-04-07,Cancelled,Bank Transfer
101313,628,68,2025-09-05,Completed,PayPal
101314,191,55,2024-04-22,In Progress,Invoice
101315,989,73,2025-01-08,Completed,Credit Card
101316,701,73,2024-08-26,Completed,PayPal
101317,971,73,2025-02-09,Completed,Credit Card
101318,615,1,2025-10-06,Completed,Credit Card
101319,247,5,2023-11-16,Completed,Invoice
101320,778,27,2024-10-09,In Progress,Invoice
101321,525,68,2023-12-12,In Progress,Credit Card
101322,887,72,2024-10-27,Completed,Credit Card
101323,590,55,2024-07-28,Completed,PayPal
101324,798,2,2025-07-31,Completed,PayPal
101325,432,2,2024-11-14,Cancelled,Credit Card
101326,876,5,2024-07-06,Completed,Bank Transfer
101327,352,5,2025-06-26,Completed,PayPal
101328,835,2,2023-09-01,Cancelled,Credit Card
101329,934,68,2024-10-05,Completed,Invoice
101330,308,7,2023-11-14,Completed,Invoice
101331,616,68,2025-05-27,Completed,Credit Card
101332,674,72,2024-12-13,Cancelled,Bank Transfer
101333,726,72,2024-05-12,Cancelled,Credit Card
101334,991,27,2023-10-25,In Progress,Credit Card
101335,976,55,2025-05-19,Completed,Invoice
101336,848,2,2025-10-05,Cancelled,PayPal
101337,939,72,2023-09-05,In Progress,PayPal
101338,210,68,2025-09-08,Completed,PayPal
101339,602,72,2025-02-03,Completed,Bank Transfer
101340,343,72,2023-08-29,Cancelled,Bank Transfer
101341,522,27,2024-10-23,Completed,Credit Card
101342,671,2,2023-11-22,In Progress,Bank Transfer
101343,689,1,2024-02-26,Completed,Invoice
101344,628,68,2024-09-08,Completed,Credit Card
101345,423,27,2024-05-20,Cancelled,Invoice
101346,539,73,2023-08-03,Completed,PayPal
101347,665,7,2025-03-23,Completed,Bank Transfer
101348,257,1,2025-12-27,Completed,Invoice
101349,558,73,2024-11-09,Completed,Credit Card
101350,388,72,2023-11-04,In Progress,Invoice
101351,900,1,2023-09-18,Cancelled,Invoice
101352,955,72,2025-10-16,Completed,Credit Card
101353,232,55,2026-07-24,Cancelled,Invoice
101354,939,2,2026-01-06,Cancelled,Credit Card
101355,240,7,2025-04-19,In Progress,Credit Card
101356,702,27,2024-08-08,Completed,Invoice
101357,810,35,2025-04-19,Cancelled,PayPal
101358,840,2,2024-10-28,Completed,PayPal
101359,131,27,2025-01-14,Completed,Bank Transfer
101360,210,5,2026-01-12,Completed,Credit Card
101361,902,7,2023-12-02,Cancelled,Bank Transfer
101362,80,72,2024-01-12,Cancelled,PayPal
101363,815,68,2026-01-09,Completed,PayPal
101364,423,5,2025-09-24,Cancelled,Bank Transfer
101365,145,35,2024-10-01,Cancelled,Invoice
101366,473,27,2025-01-16,Completed,Bank Transfer
101367,885,5,2026-03-17,Completed,Credit Card
101368,861,73,2026-01-29,In Progress,Invoice
101369,653,35,2024-11-11,Cancelled,Credit Card
101370,716,2,2026-04-15,Completed,Invoice
101371,911,35,2026-02-17,In Progress,Invoice
101372,67,55,2026-07-10,Cancelled,Bank Transfer
101373,401,72,2024-07-20,In Progress,Credit Card
101374,502,68,2025-02-15,Completed,PayPal
101375,355,5,2025-05-19,Cancelled,PayPal
101376,316,7,2025-04-12,Completed,Credit Card
101377,182,27,2023-08-29,Cancelled,Bank Transfer
101378,961,7,2023-09-13,Cancelled,PayPal
101379,964,27,2025-12-01,Completed,Credit Card
101380,162,35,2024-03-05,Completed,Credit Card
101381,805,1,2026-01-22,Completed,Credit Card
101382,368,1,2025-04-27,Cancelled,Bank Transfer
101383,703,1,2023-09-27,Completed,Credit Card
101384,159,68,2024-05-07,Completed,PayPal
101385,728,72,2025-08-30,In Progress,Invoice
101386,258,5,2025-05-24,Completed,Invoice
101387,923,35,2025-06-23,Completed,Credit Card
101388,102,72,2025-01-04,In Progress,Bank Transfer
101389,751,5,2025-04-09,Completed,Bank Transfer
101390,626,27,2025-01-31,Completed,Invoice
101391,533,35,2025-03-31,Completed,Bank Transfer
101392,63,2,2024-05-06,In Progress,Credit Card
101393,231,35,2025-01-27,In Progress,Bank Transfer
101394,136,68,2025-11-26,In Progress,Credit Card
101395,594,1,2023-10-23,In Progress,Credit Card
101396,949,72,2024-09-24,Completed,Invoice
101397,173,68,2025-09-08,Completed,Invoice
101398,159,5,2026-02-13,Completed,Credit Card
101399,234,1,2026-07-17,Completed,Credit Card
101400,101,72,2025-11-30,Completed,Credit Card
101401,515,5,2026-04-29,Completed,PayPal
101402,587,35,2025-04-12,In Progress,Bank Transfer
101403,281,2,2025-08-26,Cancelled,Credit Card
101404,504,2,2025-07-10,In Progress,Credit Card
101405,747,72,2025-01-18,In Progress,Credit Card
101406,753,73,2024-06-29,In Progress,Credit Card
101407,257,7,2024-09-03,Completed,Invoice
101408,210,68,2024-11-18,Completed,Invoice
101409,374,35,2024-03-31,Completed,Invoice
101410,679,35,2026-01-18,In Progress,Invoice
101411,703,35,2024-04-16,Completed,Credit Card
101412,921,35,2025-06-26,Completed,Bank Transfer
101413,456,1,2024-06-04,In Progress,Credit Card
101414,929,35,2026-04-28,Cancelled,Invoice
101415,224,7,2024-12-06,Completed,Credit Card
101416,101,55,2025-09-10,Cancelled,Invoice
101417,766,73,2025-07-25,Completed,PayPal
101418,614,72,2026-01-18,Completed,Invoice
101419,475,2,2024-12-10,Completed,Invoice
101420,505,27,2023-12-09,Completed,Invoice
101421,294,27,2025-03-30,Completed,Credit Card
101422,957,2,2024-07-19,Completed,Invoice
101423,696,27,2026-04-02,Completed,PayPal
101424,945,55,2024-02-08,Completed,Credit Card
101425,587,73,2024-07-18,In Progress,Bank Transfer
101426,719,72,2025-05-28,In Progress,Bank Transfer
101427,428,73,2024-03-10,Cancelled,Credit Card
101428,105,68,2024-06-02,In Progress,Invoice
101429,869,5,2024-12-18,Completed,Bank Transfer
101430,625,1,2025-09-26,Completed,Invoice
101431,44,35,2024-06-09,In Progress,Credit Card
101432,558,73,2026-06-30,Completed,Credit Card
101433,804,73,2024-07-09,In Progress,Credit Card
101434,459,27,2025-10-20,Completed,Credit Card
101435,502,35,2025-04-29,In Progress,Credit Card
101436,954,1,2023-12-06,Completed,Credit Card
101437,101,73,2024-04-07,Completed,PayPal
101438,292,35,2024-04-07,Completed,Invoice
101439,309,1,2025-04-07,Cancelled,PayPal
101440,942,2,2024-02-21,Completed,Credit Card
101441,923,55,2025-02-12,Completed,Credit Card
101442,286,68,2025-01-15,Cancelled,Invoice
101443,982,7,2026-06-05,Cancelled,Bank Transfer
101444,20,7,2025-09-27,Completed,Invoice
101445,49,68,2026-07-13,Completed,Bank Transfer
101446,341,5,2023-08-28,Completed,Bank Transfer
101447,37,35,2026-06-27,In Progress,Credit Card
101448,589,1,2024-11-19,In Progress,Credit Card
101449,246,27,2024-10-22,Cancelled,Credit Card
101450,737,5,2026-02-27,Completed,PayPal
101451,174,73,2023-11-07,Completed,Credit Card
101452,905,7,2024-05-20,In Progress,Invoice
101453,482,72,2023-12-17,Completed,Bank Transfer
101454,517,27,2026-04-09,Cancelled,Credit Card
101455,115,72,2025-12-09,Completed,Bank Transfer
101456,5,73,2026-02-14,Completed,Invoice
101457,608,35,2024-02-06,Cancelled,Invoice
101458,957,72,2023-08-29,Completed,PayPal
101459,199,5,2024-05-12,Cancelled,Bank Transfer
101460,867,72,2023-08-12,In Progress,PayPal
101461,831,1,2024-10-11,Cancelled,Bank Transfer
101462,659,27,2024-04-21,Completed,Invoice
101463,252,55,2024-05-29,Cancelled,Credit Card
101464,990,1,2024-11-10,Completed,Bank Transfer
101465,447,7,2024-05-28,Completed,Credit Card
101466,731,68,2023-08-11,Cancelled,Bank Transfer
101467,526,2,2024-11-08,Completed,Invoice
101468,829,27,2026-06-05,Completed,PayPal
101469,253,68,2024-12-11,Completed,Invoice
101470,266,72,2025-01-01,In Progress,PayPal
101471,951,68,2025-07-03,Completed,Credit Card
101472,635,35,2024-09-15,Completed,PayPal
101473,329,7,2026-03-24,Completed,Credit Card
101474,31,35,2026-07-13,Completed,Credit Card
101475,17,68,2024-12-09,Cancelled,PayPal
101476,222,72,2024-08-06,Completed,Bank Transfer
101477,706,35,2025-11-27,Completed,Invoice
101478,365,5,2024-11-19,Completed,Bank Transfer
101479,704,35,2025-01-25,Completed,Invoice
101480,748,7,2024-04-21,Completed,Invoice
101481,692,5,2025-09-08,Completed,Credit Card
101482,311,5,2024-05-25,Completed,Credit Card
101483,262,27,2024-07-08,Completed,Credit Card
101484,495,72,2024-11-18,In Progress,Credit Card
101485,779,27,2026-03-24,Completed,Credit Card
101486,882,35,2024-10-20,Completed,Credit Card
101487,834,55,2025-08-03,Completed,Bank Transfer
101488,677,72,2026-02-10,In Progress,Bank Transfer
101489,714,1,2025-06-10,Completed,Bank Transfer
101490,388,27,2026-07-14,Completed,Credit Card
101491,78,1,2025-12-25,In Progress,Credit Card
101492,823,72,2026-03-13,Completed,Bank Transfer
101493,911,5,2024-07-29,Completed,PayPal
101494,261,73,2025-07-28,Completed,PayPal
101495,399,72,2025-06-25,Completed,PayPal
101496,381,73,2025-01-31,Completed,Invoice
101497,505,1,2023-07-29,Completed,Invoice
101498,188,72,2025-11-06,Cancelled,PayPal
101499,53,7,2023-10-31,In Progress,PayPal
101500,409,35,2025-07-01,Completed,Bank Transfer
101501,899,5,2025-11-29,Completed,PayPal
101502,569,27,2026-06-16,Cancelled,PayPal
101503,614,73,2026-01-22,Completed,Bank Transfer
101504,469,7,2024-12-16,Completed,Bank Transfer
101505,981,73,2024-02-24,Completed,Invoice
101506,788,1,2023-10-31,Completed,Invoice
101507,781,73,2024-11-22,Cancelled,Bank Transfer
101508,964,68,2025-05-30,In Progress,Credit Card
101509,532,7,2023-10-06,In Progress,Invoice
101510,228,68,2024-09-16,Completed,Invoice
101511,879,35,2025-12-28,Cancelled,Invoice
101512,406,5,2024-04-16,Completed,Credit Card
101513,1000,7,2026-07-14,Cancelled,Invoice
101514,327,7,2025-08-01,Completed,Bank Transfer
101515,400,7,2024-10-25,Completed,Bank Transfer
101516,393,1,2025-03-30,Cancelled,Credit Card
101517,460,73,2024-04-10,In Progress,PayPal
101518,913,2,2024-09-02,Cancelled,Invoice
101519,656,73,2024-04-21,Completed,Bank Transfer
101520,889,73,2025-08-23,Completed,Credit Card
101521,584,2,2025-03-04,Cancelled,Bank Transfer
101522,12,72,2024-08-29,Completed,PayPal
101523,604,7,2026-05-15,Cancelled,PayPal
101524,941,27,2024-11-24,Completed,Invoice
101525,213,1,2024-11-11,Cancelled,PayPal
101526,951,72,2024-08-04,In Progress,Invoice
101527,138,5,2024-05-28,Completed,Invoice
101528,838,7,2024-09-03,In Progress,Invoice
101529,509,73,2023-11-22,Cancelled,PayPal
101530,1,7,2026-03-02,Cancelled,Bank Transfer
101531,160,68,2026-01-26,Completed,Credit Card
101532,447,55,2025-04-15,Completed,Invoice
101533,154,55,2025-04-05,Cancelled,Bank Transfer
101534,245,2,2024-03-27,Completed,Invoice
101535,192,7,2025-08-26,Completed,Invoice
101536,130,1,2023-09-07,Completed,Credit Card
101537,92,7,2026-02-17,In Progress,Credit Card
101538,589,5,2024-09-25,Completed,Invoice
101539,272,35,2025-01-21,Cancelled,Bank Transfer
101540,268,73,2026-07-09,Cancelled,PayPal
101541,763,27,2024-07-24,In Progress,Credit Card
101542,761,27,2024-06-25,Cancelled,Bank Transfer
101543,354,73,2026-06-19,Completed,Bank Transfer
101544,909,5,2025-03-23,Completed,Bank Transfer
101545,509,27,2025-08-11,Completed,PayPal
101546,617,72,2023-08-11,Completed,Bank Transfer
101547,203,68,2025-06-12,In Progress,Invoice
101548,930,73,2024-06-10,Cancelled,PayPal
101549,669,1,2024-10-07,Completed,Credit Card
101550,307,55,2024-01-22,Completed,PayPal
101551,575,35,2025-05-16,Completed,Invoice
101552,856,55,2025-10-25,Completed,Credit Card
101553,784,35,2024-09-23,Completed,PayPal
101554,487,27,2024-10-07,Completed,Credit Card
101555,637,5,2026-06-22,In Progress,Bank Transfer
101556,704,68,2026-02-15,Cancelled,Bank Transfer
101557,76,1,2025-06-07,Completed,Invoice
101558,478,7,2025-11-24,Completed,PayPal
101559,369,5,2024-10-09,Cancelled,PayPal
101560,49,27,2024-03-31,Completed,Credit Card
101561,485,7,2024-09-13,Completed,PayPal
101562,191,72,2023-11-22,Completed,Bank Transfer
101563,196,72,2026-01-01,Completed,Bank Transfer
101564,675,27,2025-03-26,Cancelled,Bank Transfer
101565,824,73,2025-09-30,Completed,Credit Card
101566,8,35,2024-10-03,Completed,PayPal
101567,287,7,2024-11-04,Completed,PayPal
101568,759,68,2025-07-24,Completed,Credit Card
101569,139,35,2024-04-05,Completed,PayPal
101570,950,7,2025-11-02,Completed,PayPal
101571,180,7,2025-08-25,Completed,Credit Card
101572,424,1,2024-02-01,Completed,Bank Transfer
101573,644,7,2023-09-25,Cancelled,Bank Transfer
101574,733,5,2026-05-02,Completed,Bank Transfer
101575,638,27,2026-03-31,In Progress,PayPal
101576,238,55,2025-04-09,Completed,Bank Transfer
101577,261,55,2026-06-05,Completed,Credit Card
101578,258,72,2023-10-30,Completed,Invoice
101579,431,35,2024-08-09,Completed,Invoice
101580,799,27,2024-11-07,Completed,Invoice
101581,398,68,2026-04-13,In Progress,Invoice
101582,591,7,2024-05-21,Completed,Credit Card
101583,340,72,2024-03-22,Completed,Bank Transfer
101584,46,72,2025-06-13,Completed,Bank Transfer
101585,941,72,2025-06-01,Cancelled,Bank Transfer
101586,462,5,2024-11-20,Completed,Invoice
101587,592,5,2025-10-19,Completed,Bank Transfer
101588,655,27,2024-10-16,Completed,Invoice
101589,106,72,2026-03-19,Completed,Credit Card
101590,923,68,2024-08-25,Completed,Invoice
101591,363,35,2026-04-13,In Progress,Credit Card
101592,436,35,2024-11-11,In Progress,Invoice
101593,767,27,2025-03-20,Completed,Credit Card
101594,6,35,2025-07-06,Completed,Bank Transfer
101595,164,1,2024-08-05,Completed,Bank Transfer
101596,652,7,2023-12-31,Completed,Credit Card
101597,854,72,2024-01-03,Cancelled,Bank Transfer
101598,24,7,2026-05-21,In Progress,Invoice
101599,763,5,2026-02-21,Completed,Credit Card
101600,683,35,2024-07-08,Completed,Invoice
101601,928,5,2024-03-25,Cancelled,PayPal
101602,557,2,2025-06-01,Completed,PayPal
101603,58,1,2026-01-16,Completed,Bank Transfer
101604,38,72,2025-07-08,Completed,Credit Card
101605,152,73,2023-08-27,Completed,Credit Card
101606,709,27,2024-09-10,In Progress,PayPal
101607,3,35,2025-02-21,Completed,Credit Card
101608,457,1,2025-11-29,Completed,Invoice
101609,402,55,2025-12-14,Cancelled,Invoice
101610,708,2,2025-07-20,Cancelled,Bank Transfer
101611,113,72,2025-02-08,In Progress,Credit Card
101612,643,2,2025-03-30,Completed,Credit Card
101613,675,2,2024-02-02,Cancelled,Invoice
101614,386,35,2025-05-01,Completed,PayPal
101615,326,5,2024-11-10,Completed,Bank Transfer
101616,250,7,2025-04-30,Completed,Bank Transfer
101617,299,1,2024-02-01,In Progress,Bank Transfer
101618,93,72,2025-06-24,In Progress,PayPal
101619,228,72,2026-06-08,Completed,Credit Card
101620,471,27,2024-11-22,Completed,Invoice
101621,562,55,2026-04-26,Completed,PayPal
101622,593,5,2024-11-11,In Progress,Credit Card
101623,54,1,2026-04-18,Cancelled,Bank Transfer
101624,359,27,2025-03-21,Completed,PayPal
101625,556,1,2023-11-24,Completed,Bank Transfer
101626,74,68,2024-10-01,Completed,Invoice
101627,389,72,2023-11-30,Cancelled,Bank Transfer
101628,112,2,2024-10-07,Completed,PayPal
101629,443,73,2025-02-04,In Progress,Invoice
101630,319,68,2024-12-13,In Progress,Bank Transfer
101631,309,35,2024-11-07,Completed,Bank Transfer
101632,77,55,2024-02-25,Cancelled,Bank Transfer
101633,333,2,2025-01-16,Completed,PayPal
101634,612,7,2024-11-28,In Progress,Credit Card
101635,36,7,2024-09-19,Completed,Bank Transfer
101636,125,68,2024-07-03,Completed,Bank Transfer
101637,375,73,2025-11-23,Completed,Credit Card
101638,248,73,2025-09-19,Completed,PayPal
101639,351,2,2025-03-01,Cancelled,Credit Card
101640,838,1,2024-01-16,In Progress,Bank Transfer
101641,492,73,2025-10-17,In Progress,PayPal
101642,145,27,2024-01-11,Completed,PayPal
101643,80,27,2024-06-30,Cancelled,Invoice
101644,36,72,2024-11-06,Cancelled,Bank Transfer
101645,841,72,2026-04-01,Completed,Invoice
101646,372,5,2024-12-19,In Progress,Invoice
101647,552,5,2026-06-25,Completed,Bank Transfer
101648,733,1,2026-04-16,Completed,PayPal
101649,976,27,2026-05-06,Completed,Bank Transfer
101650,122,55,2024-10-26,Completed,Invoice
101651,648,5,2026-03-03,Completed,Invoice
101652,696,68,2025-07-03,Completed,Bank Transfer
101653,429,1,2026-07-11,Completed,PayPal
101654,668,5,2026-02-01,Completed,Credit Card
101655,986,7,2025-11-03,In Progress,Credit Card
101656,647,72,2024-12-21,Completed,Credit Card
101657,171,2,2024-12-01,Completed,PayPal
101658,473,5,2024-11-01,In Progress,Bank Transfer
101659,776,5,2024-03-06,Completed,Invoice
101660,958,5,2025-06-03,Cancelled,PayPal
101661,455,72,2025-05-18,Completed,Credit Card
101662,693,55,2025-07-07,Completed,PayPal
101663,724,55,2024-08-27,Cancelled,Invoice
101664,330,35,2023-11-10,Completed,Credit Card
101665,34,35,2025-03-22,Completed,PayPal
101666,397,35,2024-10-16,Completed,Credit Card
101667,392,73,2023-07-29,Completed,Invoice
101668,692,73,2025-04-17,In Progress,Credit Card
101669,432,68,2026-05-01,Completed,Credit Card
101670,167,5,2025-08-01,Cancelled,Credit Card
101671,834,5,2026-07-13,Completed,Credit Card
101672,532,35,2025-11-27,In Progress,Invoice
101673,635,68,2025-06-16,Completed,Bank Transfer
101674,880,68,2025-04-27,Cancelled,Credit Card
101675,820,35,2023-10-11,Completed,PayPal
101676,654,35,2026-07-23,Completed,Bank Transfer
101677,868,68,2025-10-14,Cancelled,Invoice
101678,15,1,2025-06-29,In Progress,PayPal
101679,101,55,2025-07-27,Completed,Credit Card
101680,537,27,2024-06-14,Completed,PayPal
101681,153,7,2024-08-06,Completed,Invoice
101682,580,2,2025-05-06,Completed,Invoice
101683,907,68,2024-05-21,Completed,Bank Transfer
101684,849,1,2024-03-09,In Progress,PayPal
101685,149,73,2025-05-17,Completed,Invoice
101686,870,72,2025-07-22,Cancelled,Bank Transfer
101687,356,27,2024-01-07,Completed,Bank Transfer
101688,225,27,2025-12-19,In Progress,Bank Transfer
101689,523,2,2025-01-15,Cancelled,Bank Transfer
101690,593,7,2025-03-13,Completed,Invoice
101691,719,7,2024-11-17,In Progress,Invoice
101692,72,2,2024-02-25,Completed,Bank Transfer
101693,244,5,2025-04-24,Cancelled,PayPal
101694,438,7,2024-02-01,Cancelled,Invoice
101695,885,35,2025-10-19,Completed,Credit Card
101696,534,5,2023-12-31,In Progress,Credit Card
101697,347,27,2025-04-11,Completed,Credit Card
101698,198,5,2026-06-02,Completed,Bank Transfer
101699,538,35,2025-05-19,In Progress,PayPal
101700,158,27,2024-10-04,Completed,Bank Transfer
101701,692,73,2025-08-24,Cancelled,Credit Card
101702,985,55,2026-05-11,Cancelled,Bank Transfer
101703,978,72,2024-04-12,Completed,Bank Transfer
101704,53,1,2026-05-29,Completed,Credit Card
101705,529,55,2025-02-26,Completed,Credit Card
101706,346,2,2024-05-03,Completed,Bank Transfer
101707,462,1,2023-11-28,In Progress,PayPal
101708,520,55,2025-12-29,In Progress,PayPal
101709,317,7,2025-03-21,Completed,Bank Transfer
101710,479,27,2025-10-09,Cancelled,PayPal
101711,6,2,2026-06-16,Completed,Invoice
101712,213,72,2025-12-17,Cancelled,PayPal
101713,135,2,2025-08-25,Completed,PayPal
101714,105,5,2023-07-30,Completed,Bank Transfer
101715,523,5,2026-01-09,Completed,Bank Transfer
101716,598,1,2024-10-06,Completed,Credit Card
101717,35,68,2025-07-25,Completed,Bank Transfer
101718,439,73,2025-08-16,Cancelled,Credit Card
101719,799,68,2025-03-10,In Progress,Invoice
101720,193,1,2026-03-08,In Progress,PayPal
101721,270,68,2025-12-10,Completed,PayPal
101722,322,7,2026-03-06,Completed,Invoice
101723,675,55,2024-11-15,Completed,Credit Card
101724,161,1,2024-03-07,Completed,Invoice
101725,651,68,2024-01-22,Cancelled,Invoice
101726,32,73,2026-05-29,In Progress,Invoice
101727,626,2,2024-02-03,Completed,PayPal
101728,891,55,2025-01-24,Completed,Bank Transfer
101729,53,72,2025-07-11,Completed,PayPal
101730,979,27,2024-06-05,In Progress,Invoice
101731,313,1,2023-09-30,In Progress,Invoice
101732,632,27,2024-08-07,In Progress,Invoice
101733,793,2,2025-07-11,Completed,PayPal
101734,518,35,2024-02-01,Completed,Invoice
101735,804,27,2024-09-26,Completed,Credit Card
101736,762,1,2023-09-29,Completed,PayPal
101737,821,68,2026-02-24,Cancelled,Bank Transfer
101738,258,68,2024-11-29,Cancelled,Credit Card
101739,26,55,2026-01-27,Completed,Invoice
101740,65,2,2023-10-11,Completed,Credit Card
101741,23,55,2023-08-29,Cancelled,PayPal
101742,809,5,2025-11-30,In Progress,PayPal
101743,766,55,2026-05-25,Completed,Bank Transfer
101744,736,2,2024-07-22,Completed,Invoice
101745,773,5,2024-10-22,Cancelled,Bank Transfer
101746,761,27,2025-04-09,Completed,Bank Transfer
101747,825,2,2026-04-21,Completed,Bank Transfer
101748,837,35,2024-06-28,Completed,Bank Transfer
101749,317,2,2025-04-04,Completed,PayPal
101750,22,27,2026-03-29,In Progress,Credit Card
101751,929,5,2026-06-03,Completed,Credit Card
101752,66,5,2026-01-22,Completed,Invoice
101753,182,7,2024-07-28,Cancelled,Bank Transfer
101754,286,72,2024-01-06,Cancelled,Bank Transfer
101755,658,68,2025-12-30,Completed,Bank Transfer
101756,735,27,2023-09-21,Completed,Bank Transfer
101757,588,1,2026-07-15,Completed,Invoice
101758,989,5,2023-10-12,Completed,Invoice
101759,402,27,2025-05-08,Completed,Credit Card
101760,496,2,2023-10-06,Completed,Credit Card
101761,959,5,2024-10-07,Completed,Bank Transfer
101762,607,2,2024-08-08,Completed,Bank Transfer
101763,651,5,2024-01-28,Completed,PayPal
101764,217,72,2024-12-26,Completed,Credit Card
101765,88,68,2023-10-02,In Progress,Bank Transfer
101766,909,1,2023-11-07,Completed,Invoice
101767,35,68,2024-03-09,Cancelled,Bank Transfer
101768,70,35,2026-02-10,Completed,Credit Card
101769,603,1,2024-12-10,Completed,Credit Card
101770,768,5,2023-12-14,Completed,Invoice
101771,558,2,2026-06-16,Completed,PayPal
101772,571,27,2025-03-20,Completed,Credit Card
101773,564,7,2024-05-18,Completed,Invoice
101774,467,2,2025-04-21,Completed,Credit Card
101775,600,35,2026-02-15,Completed,Bank Transfer
101776,586,2,2026-06-26,In Progress,Invoice
101777,744,55,2023-09-01,Completed,Credit Card
101778,877,1,2023-12-03,Completed,Invoice
101779,80,27,2024-11-11,Completed,Invoice
101780,143,2,2024-05-08,Cancelled,Invoice
101781,208,35,2026-06-01,In Progress,Credit Card
101782,102,27,2025-02-02,Completed,PayPal
101783,452,1,2023-08-16,Completed,Bank Transfer
101784,287,35,2026-04-14,In Progress,Bank Transfer
101785,518,73,2025-12-06,Completed,PayPal
101786,218,73,2024-09-25,Cancelled,Invoice
101787,460,55,2023-10-18,Completed,Bank Transfer
101788,602,7,2023-11-17,Completed,Invoice
101789,524,72,2023-09-02,Cancelled,Bank Transfer
101790,60,35,2026-04-25,Completed,Credit Card
101791,498,1,2026-03-10,Cancelled,PayPal
101792,891,35,2024-11-28,In Progress,Bank Transfer
101793,809,7,2023-10-18,Cancelled,PayPal
101794,794,7,2024-12-07,Completed,Credit Card
101795,190,5,2025-12-06,Completed,Invoice
101796,473,27,2025-04-24,Completed,PayPal
101797,199,55,2026-06-19,In Progress,Credit Card
101798,379,35,2026-06-16,Completed,Credit Card
101799,231,55,2025-03-10,Completed,Invoice
101800,734,2,2025-08-06,Completed,Credit Card
101801,487,27,2023-12-28,Completed,Credit Card
101802,215,5,2024-03-16,In Progress,Bank Transfer
101803,564,68,2023-09-01,In Progress,PayPal
101804,399,1,2025-07-23,Completed,PayPal
101805,139,1,2025-06-26,In Progress,Bank Transfer
101806,316,1,2024-11-12,In Progress,Credit Card
101807,412,1,2023-09-04,Cancelled,PayPal
101808,16,73,2026-04-12,Completed,Bank Transfer
101809,119,7,2025-04-28,Completed,PayPal
101810,646,35,2025-03-12,In Progress,Bank Transfer
101811,923,55,2025-05-04,Completed,Bank Transfer
101812,798,27,2024-03-30,Completed,PayPal
101813,320,55,2026-03-12,Completed,Bank Transfer
101814,379,73,2024-03-20,Completed,PayPal
101815,944,1,2024-09-20,Completed,Invoice
101816,793,5,2024-09-14,Cancelled,Credit Card
101817,11,55,2026-07-10,Completed,Invoice
101818,356,68,2023-12-04,Completed,Bank Transfer
101819,386,2,2024-11-29,Completed,Invoice
101820,614,35,2025-05-18,Cancelled,PayPal
101821,927,1,2025-06-04,Completed,PayPal
101822,617,68,2023-11-17,Completed,Bank Transfer
101823,964,55,2026-02-16,In Progress,Bank Transfer
101824,132,2,2024-12-01,Cancelled,Credit Card
101825,203,68,2026-02-25,Completed,Invoice
101826,756,7,2025-08-06,Cancelled,Invoice
101827,342,27,2025-12-04,Cancelled,Credit Card
101828,430,55,2024-05-11,In Progress,Invoice
101829,371,73,2025-09-18,Cancelled,Invoice
101830,757,5,2023-12-13,In Progress,PayPal
101831,109,2,2023-10-04,Completed,Credit Card
101832,611,7,2025-04-26,Completed,Credit Card
101833,665,7,2024-12-03,Completed,PayPal
101834,267,72,2023-08-29,In Progress,Credit Card
101835,234,1,2023-09-23,Completed,PayPal
101836,299,7,2026-06-17,Completed,Credit Card
101837,146,55,2026-03-22,Cancelled,Bank Transfer
101838,327,27,2025-05-25,Completed,Bank Transfer
101839,471,35,2025-06-05,Completed,Invoice
101840,937,68,2025-02-28,Completed,Credit Card
101841,113,73,2025-09-13,In Progress,Bank Transfer
101842,226,72,2024-01-11,In Progress,Bank Transfer
101843,140,35,2025-05-24,Completed,Bank Transfer
101844,823,1,2026-05-10,Completed,Invoice
101845,973,68,2024-05-19,Cancelled,Credit Card
101846,526,27,2025-03-21,Cancelled,Credit Card
101847,447,73,2024-07-14,Cancelled,Bank Transfer
101848,385,5,2025-08-14,Completed,Invoice
101849,164,35,2025-08-17,Completed,PayPal
101850,1,35,2025-06-01,In Progress,Bank Transfer
101851,362,27,2025-05-11,Completed,Invoice
101852,283,35,2024-08-14,Completed,Invoice
101853,264,1,2024-09-19,Completed,PayPal
101854,788,1,2023-11-06,Completed,Invoice
101855,527,55,2024-06-03,Completed,PayPal
101856,135,73,2026-07-22,Completed,Bank Transfer
101857,657,35,2025-08-21,Completed,Invoice
101858,672,68,2025-12-09,Completed,Bank Transfer
101859,994,5,2024-05-11,Completed,PayPal
101860,756,68,2025-07-03,Cancelled,Invoice
101861,590,73,2024-06-22,Cancelled,Credit Card
101862,343,68,2024-06-26,Completed,Bank Transfer
101863,770,73,2023-09-01,Completed,Invoice
101864,233,5,2024-09-18,In Progress,Credit Card
101865,693,68,2023-09-04,Completed,Bank Transfer
101866,956,55,2025-10-22,Completed,Bank Transfer
101867,255,35,2023-07-30,In Progress,Bank Transfer
101868,465,5,2024-04-16,Completed,Bank Transfer
101869,987,73,2025-11-22,Completed,Credit Card
101870,268,2,2026-07-18,Completed,PayPal
101871,915,35,2023-12-11,Completed,Invoice
101872,995,72,2024-02-22,Cancelled,Invoice
101873,674,35,2026-03-28,Cancelled,Credit Card
101874,236,73,2023-10-02,In Progress,Credit Card
101875,836,2,2024-02-12,Completed,Invoice
101876,675,35,2023-10-16,Completed,Bank Transfer
101877,98,1,2025-12-13,Completed,PayPal
101878,243,55,2026-06-01,In Progress,Bank Transfer
101879,68,7,2026-06-28,In Progress,Credit Card
101880,439,73,2025-10-11,Cancelled,Credit Card
101881,100,73,2026-06-07,Completed,Credit Card
101882,475,55,2025-06-20,In Progress,PayPal
101883,734,73,2025-03-15,Completed,Bank Transfer
101884,389,68,2024-10-20,Completed,Bank Transfer
101885,853,7,2024-09-02,In Progress,Invoice
101886,862,73,2025-11-21,Cancelled,Credit Card
101887,743,27,2026-02-16,Cancelled,Credit Card
101888,807,68,2024-07-14,Completed,PayPal
101889,566,1,2023-10-14,Cancelled,Credit Card
101890,975,27,2024-03-30,Completed,Credit Card
101891,285,1,2025-07-06,In Progress,Invoice
101892,324,7,2026-05-29,Completed,PayPal
101893,975,7,2025-11-16,Cancelled,Bank Transfer
101894,674,68,2026-01-24,Cancelled,PayPal
101895,712,27,2025-06-21,Completed,PayPal
101896,577,35,2024-05-09,In Progress,Credit Card
101897,262,72,2026-02-01,Cancelled,Credit Card
101898,167,5,2026-02-22,Completed,PayPal
101899,813,35,2024-06-01,Completed,PayPal
101900,523,27,2025-10-03,In Progress,Credit Card
101901,684,2,2025-09-28,Completed,PayPal
101902,47,35,2026-05-23,Completed,Invoice
101903,259,68,2024-02-29,In Progress,Invoice
101904,730,7,2024-01-31,Completed,PayPal
101905,372,2,2024-05-17,Completed,Credit Card
101906,822,55,2025-04-08,Cancelled,Invoice
101907,994,72,2023-10-11,In Progress,PayPal
101908,157,27,2023-09-29,Completed,Invoice
101909,213,68,2025-10-15,Cancelled,Invoice
101910,402,5,2024-12-03,Completed,Bank Transfer
101911,206,35,2025-05-20,Cancelled,Credit Card
101912,768,27,2025-07-19,Completed,Invoice
101913,951,73,2023-10-20,Cancelled,PayPal
101914,403,5,2023-11-05,Completed,Credit Card
101915,781,55,2024-03-19,Completed,Bank Transfer
101916,848,2,2025-03-20,In Progress,Bank Transfer
101917,227,73,2026-03-09,Completed,PayPal
101918,152,68,2023-09-07,Completed,PayPal
101919,304,2,2024-12-04,Cancelled,Credit Card
101920,569,73,2024-12-16,Completed,PayPal
101921,818,55,2026-03-26,Completed,PayPal
101922,929,2,2024-11-06,Completed,Bank Transfer
101923,514,27,2024-07-29,In Progress,Bank Transfer
101924,852,7,2025-12-20,Completed,Credit Card
101925,594,1,2023-09-21,In Progress,Bank Transfer
101926,342,1,2025-01-11,Completed,Bank Transfer
101927,627,1,2024-11-10,Completed,Invoice
101928,363,7,2025-03-03,Completed,Invoice
101929,258,7,2026-02-23,Completed,Bank Transfer
101930,178,27,2025-01-18,In Progress,PayPal
101931,368,7,2025-05-14,Completed,PayPal
101932,302,1,2024-03-25,In Progress,Bank Transfer
101933,151,35,2025-08-23,Cancelled,PayPal
101934,813,72,2024-08-06,Completed,Invoice
101935,369,5,2024-09-14,Cancelled,Invoice
101936,827,35,2024-03-03,Completed,PayPal
101937,1000,5,2025-08-01,Cancelled,Bank Transfer
101938,805,7,2023-11-11,Completed,Bank Transfer
101939,56,2,2025-04-27,Completed,Invoice
101940,433,73,2025-07-04,Cancelled,PayPal
101941,852,5,2026-03-20,Completed,Bank Transfer
101942,830,35,2023-10-08,Cancelled,PayPal
101943,806,2,2025-04-28,In Progress,Credit Card
101944,779,2,2026-03-28,Completed,Credit Card
101945,444,68,2025-12-15,Completed,Invoice
101946,395,35,2023-10-10,Completed,PayPal
101947,324,55,2026-03-05,Cancelled,Bank Transfer
101948,327,68,2025-04-15,Completed,Invoice
101949,373,27,2025-06-04,Cancelled,Bank Transfer
101950,884,72,2024-05-13,In Progress,PayPal
101951,466,1,2024-09-08,Completed,Bank Transfer
101952,918,5,2023-08-20,Completed,Bank Transfer
101953,480,27,2023-08-09,In Progress,Credit Card
101954,321,68,2023-12-19,Completed,PayPal
101955,481,68,2026-02-05,In Progress,Bank Transfer
101956,145,68,2025-03-04,In Progress,Bank Transfer
101957,318,2,2025-06-23,Completed,Invoice
101958,771,7,2026-03-28,Completed,Bank Transfer
101959,427,27,2026-03-14,Completed,Invoice
101960,303,7,2023-11-07,In Progress,Invoice
101961,408,68,2024-01-28,Completed,PayPal
101962,780,1,2024-07-07,Completed,Bank Transfer
101963,602,27,2023-11-26,Completed,PayPal
101964,734,1,2024-01-28,In Progress,PayPal
101965,34,7,2024-10-21,Cancelled,PayPal
101966,630,7,2026-02-24,Cancelled,PayPal
101967,129,5,2024-06-12,Cancelled,Bank Transfer
101968,520,73,2024-08-07,Cancelled,PayPal
101969,369,1,2025-09-25,In Progress,PayPal
101970,887,2,2025-07-07,Completed,Invoice
101971,855,68,2024-01-10,Completed,PayPal
101972,830,1,2024-03-09,Completed,Credit Card
101973,782,55,2023-09-26,In Progress,Credit Card
101974,476,72,2026-04-25,Completed,Bank Transfer
101975,243,68,2025-07-15,Completed,Bank Transfer
101976,685,5,2025-01-02,Completed,Bank Transfer
101977,109,7,2024-05-04,Cancelled,Bank Transfer
101978,599,5,2026-04-13,Completed,Credit Card
101979,899,73,2023-07-26,In Progress,Invoice
101980,33,73,2025-08-21,Cancelled,Bank Transfer
101981,77,35,2025-04-25,Completed,Credit Card
101982,950,5,2024-02-08,Cancelled,PayPal
101983,519,68,2024-03-26,Completed,Invoice
101984,695,68,2026-02-28,Completed,PayPal
101985,780,73,2025-04-19,In Progress,PayPal
101986,121,2,2025-06-15,In Progress,Invoice
101987,731,27,2024-03-17,In Progress,Bank Transfer
101988,479,2,2025-08-28,Completed,Bank Transfer
101989,990,5,2024-06-29,Completed,Invoice
101990,772,27,2024-02-01,Completed,Invoice
101991,117,27,2026-02-01,In Progress,Bank Transfer
101992,157,2,2025-12-27,In Progress,PayPal
101993,944,5,2025-11-17,Completed,Invoice
101994,151,1,2026-02-23,Completed,Bank Transfer
101995,68,35,2024-09-16,In Progress,Credit Card
101996,681,27,2023-09-15,Completed,Invoice
101997,64,1,2024-03-03,Completed,Credit Card
101998,91,5,2026-06-09,Completed,Invoice
101999,633,5,2025-10-03,Completed,Invoice
102000,825,27,2025-12-01,In Progress,Credit Card
102001,80,68,2024-09-05,In Progress,Credit Card
102002,337,27,2024-10-01,In Progress,Credit Card
102003,775,55,2024-07-06,Cancelled,Invoice
102004,242,2,2025-12-07,Completed,Bank Transfer
102005,134,1,2024-12-25,In Progress,Bank Transfer
102006,269,7,2025-07-03,In Progress,Bank Transfer
102007,101,27,2023-07-29,Completed,PayPal
102008,168,73,2025-04-21,Completed,Credit Card
102009,391,68,2024-06-04,In Progress,Invoice
102010,610,68,2024-10-11,Completed,Credit Card
102011,472,73,2025-02-25,Completed,Bank Transfer
102012,169,1,2026-07-09,Completed,Invoice
102013,662,1,2024-12-16,In Progress,PayPal
102014,535,2,2023-11-13,Completed,Credit Card
102015,496,7,2024-02-10,Completed,Bank Transfer
102016,94,7,2026-02-26,Cancelled,Invoice
102017,288,68,2023-09-11,Completed,Bank Transfer
102018,562,72,2024-06-28,Cancelled,Invoice
102019,465,35,2025-03-20,Completed,Bank Transfer
102020,254,27,2026-01-19,Completed,Credit Card
102021,186,5,2024-11-29,Completed,PayPal
102022,960,27,2024-04-22,Completed,Credit Card
102023,118,73,2026-07-25,Completed,Bank Transfer
102024,286,27,2025-12-30,Cancelled,Credit Card
102025,510,27,2025-07-28,Completed,Bank Transfer
102026,187,73,2024-06-20,Cancelled,Invoice
102027,55,5,2024-07-21,Completed,Invoice
102028,336,27,2024-09-10,Completed,PayPal
102029,164,73,2026-01-28,In Progress,Bank Transfer
102030,840,35,2023-08-23,Completed,Credit Card
102031,26,35,2025-10-14,Completed,PayPal
102032,126,27,2026-04-14,Cancelled,Invoice
102033,257,35,2023-10-25,In Progress,Credit Card
102034,229,55,2024-11-25,Cancelled,Invoice
102035,957,7,2025-05-04,Completed,Bank Transfer
102036,540,72,2026-04-28,In Progress,Invoice
102037,290,5,2025-01-11,Completed,Credit Card
102038,118,7,2026-04-11,Completed,Bank Transfer
102039,396,35,2025-04-25,Completed,Invoice
102040,126,5,2025-09-08,Cancelled,Bank Transfer
102041,752,7,2025-03-27,In Progress,PayPal
102042,572,73,2026-06-27,In Progress,Invoice
102043,148,5,2025-03-11,Completed,Credit Card
102044,301,7,2024-08-06,Cancelled,PayPal
102045,860,68,2024-08-18,Cancelled,Bank Transfer
102046,762,68,2026-06-28,Completed,Bank Transfer
102047,387,2,2024-01-22,Cancelled,Credit Card
102048,445,5,2026-01-08,Completed,PayPal
102049,833,27,2024-08-27,Completed,Invoice
102050,108,73,2023-09-12,Completed,Bank Transfer
102051,102,5,2025-03-31,Cancelled,PayPal
102052,194,72,2024-10-05,Completed,PayPal
102053,501,72,2025-05-17,Completed,Invoice
102054,913,1,2025-11-05,Completed,Invoice
102055,298,1,2024-03-02,In Progress,Bank Transfer
102056,430,68,2025-08-02,Cancelled,PayPal
102057,578,2,2025-12-23,Completed,Credit Card
102058,784,73,2025-06-21,Completed,Credit Card
102059,970,68,2026-03-13,Completed,Bank Transfer
102060,703,2,2023-11-10,Cancelled,Invoice
102061,730,35,2024-11-12,Completed,PayPal
102062,416,2,2024-12-27,Completed,Bank Transfer
102063,312,27,2025-09-19,Cancelled,PayPal
102064,868,68,2024-04-28,Completed,Credit Card
102065,439,73,2025-01-11,Completed,Invoice
102066,930,73,2024-03-19,Cancelled,PayPal
102067,486,68,2025-12-22,In Progress,Invoice
102068,42,5,2024-07-31,Completed,Invoice
102069,115,73,2024-02-19,In Progress,Credit Card
102070,564,73,2025-11-18,Completed,PayPal
102071,439,27,2023-10-12,In Progress,Invoice
102072,920,1,2024-11-05,Completed,Bank Transfer
102073,426,55,2024-02-17,Cancelled,PayPal
102074,200,72,2024-06-23,Completed,Bank Transfer
102075,144,35,2025-04-23,Completed,Invoice
102076,85,27,2024-11-25,Completed,Credit Card
102077,113,72,2025-07-11,Completed,PayPal
102078,484,27,2023-10-08,Completed,Invoice
102079,525,1,2024-09-04,In Progress,Bank Transfer
102080,974,72,2024-06-05,Cancelled,PayPal
102081,977,55,2024-04-28,Completed,Invoice
102082,258,5,2026-05-26,Completed,Credit Card
102083,766,5,2025-02-05,Completed,Invoice
102084,701,55,2026-02-16,Cancelled,PayPal
102085,397,7,2023-11-28,Cancelled,Invoice
102086,653,73,2025-10-09,In Progress,PayPal
102087,75,68,2026-01-02,Completed,Credit Card
102088,241,2,2025-11-07,Completed,Invoice
102089,159,27,2025-07-13,Completed,Credit Card
102090,632,68,2026-03-21,Completed,Credit Card
102091,526,5,2025-04-13,Cancelled,Invoice
102092,631,27,2024-05-04,Completed,PayPal
102093,605,5,2025-02-20,Completed,Credit Card
102094,325,7,2026-01-30,Cancelled,Credit Card
102095,895,73,2025-05-22,Cancelled,PayPal
102096,843,1,2025-02-10,In Progress,Invoice
102097,379,2,2025-02-25,Completed,Bank Transfer
102098,796,1,2026-01-02,Completed,Bank Transfer
102099,149,5,2024-10-02,Cancelled,Bank Transfer
102100,544,73,2026-02-11,Cancelled,PayPal
102101,212,1,2025-04-22,Completed,Credit Card
102102,568,2,2025-06-17,Completed,PayPal
102103,178,1,2025-12-20,Completed,PayPal
102104,243,27,2024-03-16,Completed,Bank Transfer
102105,202,1,2024-10-26,In Progress,PayPal
102106,562,72,2025-09-20,Completed,Bank Transfer
102107,808,72,2025-01-02,Completed,PayPal
102108,393,27,2026-02-02,Cancelled,Bank Transfer
102109,933,35,2024-08-04,Completed,Credit Card
102110,8,73,2025-12-05,Completed,Invoice
102111,265,55,2024-08-12,In Progress,Invoice
102112,852,35,2025-08-31,In Progress,Bank Transfer
102113,316,27,2024-03-28,Cancelled,Invoice
102114,939,68,2025-11-19,In Progress,Invoice
102115,482,73,2025-04-02,Completed,Invoice
102116,567,68,2024-07-01,Completed,Invoice
102117,694,35,2025-07-27,Completed,Invoice
102118,293,5,2024-05-18,In Progress,PayPal
102119,887,68,2023-10-20,In Progress,Credit Card
102120,998,73,2025-04-18,Cancelled,Bank Transfer
102121,245,68,2023-08-10,Cancelled,PayPal
102122,571,73,2026-01-16,Completed,PayPal
102123,854,73,2023-09-01,In Progress,Credit Card
102124,968,7,2023-09-05,Completed,Invoice
102125,560,72,2026-02-21,Completed,Credit Card
102126,988,55,2025-12-26,Completed,PayPal
102127,420,73,2025-07-05,Completed,Invoice
102128,831,73,2025-06-29,Cancelled,Bank Transfer
102129,70,73,2024-03-31,Completed,PayPal
102130,512,68,2024-03-15,In Progress,Bank Transfer
102131,228,55,2026-04-17,Completed,Credit Card
102132,238,68,2024-12-12,Completed,Bank Transfer
102133,351,72,2026-02-24,Cancelled,Credit Card
102134,907,27,2024-12-02,Cancelled,PayPal
102135,118,73,2023-11-11,Completed,Invoice
102136,594,35,2025-11-15,Completed,PayPal
102137,666,1,2024-02-14,In Progress,Bank Transfer
102138,13,7,2025-03-18,Completed,Credit Card
102139,212,35,2024-05-09,Cancelled,Credit Card
102140,76,72,2024-06-12,Completed,Invoice
102141,297,7,2025-06-23,Cancelled,PayPal
102142,632,2,2024-01-11,In Progress,Invoice
102143,802,1,2024-07-29,Cancelled,PayPal
102144,770,2,2024-08-02,Completed,PayPal
102145,622,35,2025-02-26,Cancelled,PayPal
102146,760,27,2024-08-24,In Progress,Invoice
102147,848,27,2023-11-19,Completed,Credit Card
102148,355,27,2023-08-16,Cancelled,Invoice
102149,335,1,2024-05-07,Completed,PayPal
102150,3,7,2025-11-08,Completed,Bank Transfer
102151,399,55,2025-09-13,Completed,Credit Card
102152,379,72,2023-08-02,Completed,Invoice
102153,440,35,2024-03-22,Completed,Credit Card
102154,738,7,2023-09-30,Completed,Invoice
102155,776,73,2023-11-18,Completed,PayPal
102156,985,72,2025-08-04,In Progress,PayPal
102157,558,73,2025-04-11,In Progress,Credit Card
102158,832,27,2024-11-01,Completed,Bank Transfer
102159,257,5,2026-02-08,In Progress,PayPal
102160,509,55,2024-05-13,In Progress,PayPal
102161,461,27,2023-10-12,Completed,Invoice
102162,305,5,2025-07-12,In Progress,Credit Card
102163,826,5,2024-02-07,Cancelled,PayPal
102164,854,55,2025-05-26,Cancelled,Bank Transfer
102165,425,73,2023-10-23,Cancelled,Invoice
102166,3,27,2024-02-14,Completed,PayPal
102167,443,2,2024-07-04,Cancelled,Credit Card
102168,991,7,2026-03-21,Cancelled,PayPal
102169,808,73,2025-01-13,In Progress,Bank Transfer
102170,208,27,2023-08-28,Completed,PayPal
102171,182,27,2023-11-09,Completed,Bank Transfer
102172,567,5,2024-10-19,Completed,PayPal
102173,276,73,2026-01-09,Completed,Bank Transfer
102174,989,2,2025-10-18,Completed,Bank Transfer
102175,535,72,2023-10-13,In Progress,Credit Card
102176,784,1,2025-02-26,In Progress,Credit Card
102177,56,1,2025-03-06,In Progress,Credit Card
102178,483,5,2025-10-28,In Progress,PayPal
102179,638,35,2025-02-28,Cancelled,Credit Card
102180,427,2,2025-01-15,Completed,PayPal
102181,482,7,2025-02-20,In Progress,Bank Transfer
102182,870,35,2024-11-13,Completed,Invoice
102183,813,72,2023-12-27,Completed,Invoice
102184,485,5,2025-02-06,Cancelled,PayPal
102185,596,7,2024-05-06,Completed,Invoice
102186,447,7,2024-07-28,In Progress,PayPal
102187,916,7,2025-08-13,Completed,Invoice
102188,873,68,2026-02-22,Cancelled,Credit Card
102189,537,2,2026-04-23,Completed,Credit Card
102190,154,55,2023-12-08,Completed,Bank Transfer
102191,436,73,2024-02-14,Completed,Credit Card
102192,114,35,2024-03-01,Completed,Invoice
102193,403,55,2025-03-31,Completed,Invoice
102194,430,7,2025-10-30,Completed,PayPal
102195,945,7,2024-02-13,Completed,PayPal
102196,44,2,2026-06-29,Cancelled,Bank Transfer
102197,226,68,2024-10-09,Cancelled,Bank Transfer
102198,550,27,2026-01-07,Completed,Credit Card
102199,880,35,2025-06-15,In Progress,Invoice
102200,877,55,2024-07-25,Completed,PayPal
102201,684,2,2025-08-11,Completed,Credit Card
102202,458,2,2026-03-19,Completed,Bank Transfer
102203,403,68,2025-06-10,In Progress,Invoice
102204,652,68,2024-03-04,In Progress,PayPal
102205,678,72,2025-01-26,Completed,Invoice
102206,403,68,2026-01-09,Completed,PayPal
102207,712,55,2025-07-29,Completed,Invoice
102208,100,2,2024-02-17,Completed,Credit Card
102209,896,1,2025-12-07,Completed,Invoice
102210,480,5,2026-06-03,Completed,Bank Transfer
102211,882,72,2024-04-19,Completed,Invoice
102212,838,68,2024-07-27,In Progress,PayPal
102213,751,55,2023-11-19,In Progress,PayPal
102214,958,5,2026-01-08,In Progress,Bank Transfer
102215,788,5,2024-08-21,In Progress,Credit Card
102216,185,2,2026-06-06,In Progress,Invoice
102217,89,2,2024-04-11,In Progress,Invoice
102218,899,73,2023-11-11,Completed,PayPal
102219,783,2,2024-07-27,Completed,Invoice
102220,855,35,2023-10-24,Completed,Credit Card
102221,690,7,2025-11-14,Completed,PayPal
102222,466,72,2024-10-01,Completed,Invoice
102223,124,5,2026-04-14,Completed,Invoice
102224,457,2,2025-09-09,Completed,Credit Card
102225,726,27,2026-02-04,Completed,Credit Card
102226,350,7,2025-11-24,Cancelled,PayPal
102227,13,55,2026-01-02,Completed,Invoice
102228,204,68,2023-10-28,Completed,Credit Card
102229,156,73,2024-01-17,Completed,Credit Card
102230,143,35,2025-07-12,In Progress,Invoice
102231,205,72,2024-05-30,Completed,Bank Transfer
102232,764,2,2024-12-05,Completed,Bank Transfer
102233,561,27,2025-04-06,Completed,Credit Card
102234,366,73,2023-09-22,Completed,PayPal
102235,62,1,2024-12-24,Completed,Credit Card
102236,948,5,2023-10-13,Cancelled,PayPal
102237,74,35,2025-11-12,In Progress,Credit Card
102238,107,5,2026-03-07,In Progress,Credit Card
102239,255,27,2026-01-04,Cancelled,Bank Transfer
102240,188,27,2025-06-08,Completed,PayPal
102241,474,2,2025-09-20,In Progress,Credit Card
102242,930,27,2023-11-28,In Progress,Credit Card
102243,524,72,2024-09-24,Completed,Invoice
102244,314,72,2024-07-27,In Progress,Bank Transfer
102245,224,72,2023-12-09,Completed,Bank Transfer
102246,169,68,2025-05-09,Completed,PayPal
102247,466,27,2024-06-14,Completed,Bank Transfer
102248,777,73,2025-02-17,Cancelled,PayPal
102249,868,2,2024-03-22,Cancelled,Credit Card
102250,974,72,2024-10-02,Cancelled,PayPal
102251,498,72,2024-12-24,Completed,PayPal
102252,515,27,2025-01-24,Cancelled,Invoice
102253,594,27,2025-01-21,Completed,Credit Card
102254,249,2,2026-05-25,In Progress,Bank Transfer
102255,494,55,2024-05-21,Completed,PayPal
102256,942,1,2023-08-18,Cancelled,PayPal
102257,516,35,2023-11-29,Cancelled,Bank Transfer
102258,301,7,2026-06-17,Cancelled,PayPal
102259,497,73,2023-08-12,Completed,Bank Transfer
102260,960,72,2024-07-01,In Progress,Invoice
102261,596,5,2024-04-17,Completed,Bank Transfer
102262,81,35,2025-01-17,Completed,Invoice
102263,635,1,2026-01-08,Completed,Bank Transfer
102264,677,35,2025-07-14,Completed,Credit Card
102265,95,35,2023-10-11,Completed,Bank Transfer
102266,270,35,2024-04-26,Completed,Credit Card
102267,821,5,2024-07-12,In Progress,Invoice
102268,220,73,2023-12-02,Cancelled,Invoice
102269,572,2,2024-11-06,Completed,Credit Card
102270,281,55,2025-09-30,Completed,Credit Card
102271,581,68,2026-04-10,Cancelled,Bank Transfer
102272,162,35,2025-07-09,Completed,PayPal
102273,509,1,2025-12-10,In Progress,Credit Card
102274,138,27,2026-06-10,Cancelled,Bank Transfer
102275,648,55,2024-02-20,Completed,PayPal
102276,157,2,2025-01-12,Completed,Credit Card
102277,445,2,2026-07-20,In Progress,Bank Transfer
102278,517,35,2023-08-01,Cancelled,Invoice
102279,736,7,2025-03-05,Completed,Invoice
102280,661,55,2025-06-29,Completed,Bank Transfer
102281,748,35,2024-05-27,Completed,Bank Transfer
102282,336,55,2025-05-12,In Progress,Bank Transfer
102283,617,35,2024-04-01,Completed,Bank Transfer
102284,710,5,2024-12-27,Completed,Credit Card
102285,166,35,2025-05-05,Cancelled,Invoice
102286,946,35,2024-03-13,In Progress,PayPal
102287,789,35,2026-03-28,Completed,Bank Transfer
102288,805,5,2026-05-28,In Progress,Bank Transfer
102289,178,27,2025-03-03,Cancelled,Credit Card
102290,233,72,2025-10-15,Cancelled,PayPal
102291,851,1,2025-11-03,Completed,Invoice
102292,730,73,2025-08-17,Completed,Credit Card
102293,449,73,2026-02-15,In Progress,PayPal
102294,727,27,2025-02-03,In Progress,Credit Card
102295,590,72,2023-12-25,In Progress,PayPal
102296,525,2,2023-09-05,In Progress,Bank Transfer
102297,852,7,2024-02-23,Completed,PayPal
102298,471,35,2023-08-13,Completed,Credit Card
102299,298,55,2025-09-04,Completed,Bank Transfer
102300,624,68,2025-03-31,Cancelled,Invoice
102301,417,1,2026-06-22,In Progress,Bank Transfer
102302,324,35,2024-10-31,Completed,PayPal
102303,226,68,2025-03-08,Completed,Bank Transfer
102304,262,73,2024-01-27,Cancelled,Bank Transfer
102305,445,72,2024-06-15,In Progress,PayPal
102306,446,1,2025-04-09,Completed,Credit Card
102307,700,73,2023-09-02,Completed,PayPal
102308,717,27,2025-09-16,Completed,PayPal
102309,777,27,2024-08-11,Completed,Invoice
102310,811,7,2023-12-07,Completed,Bank Transfer
102311,666,1,2024-12-07,In Progress,Invoice
102312,415,27,2023-08-21,In Progress,PayPal
102313,462,73,2025-03-16,Cancelled,Invoice
102314,155,72,2023-12-08,In Progress,Bank Transfer
102315,612,7,2025-03-04,Completed,Credit Card
102316,564,72,2026-05-08,Completed,Credit Card
102317,95,1,2025-07-28,Completed,Bank Transfer
102318,432,2,2024-01-11,Completed,PayPal
102319,859,73,2025-01-22,In Progress,Bank Transfer
102320,654,73,2025-01-29,Completed,Invoice
102321,385,35,2026-04-01,In Progress,Bank Transfer
102322,818,68,2024-05-26,Cancelled,PayPal
102323,482,1,2025-01-05,Completed,PayPal
102324,900,2,2024-01-17,Completed,Bank Transfer
102325,850,7,2026-05-04,Completed,Invoice
102326,811,72,2024-10-30,Completed,Bank Transfer
102327,907,27,2025-09-07,In Progress,Invoice
102328,531,7,2024-11-21,Cancelled,Bank Transfer
102329,719,55,2026-07-13,Completed,Credit Card
102330,275,27,2024-08-09,Completed,PayPal
102331,737,2,2023-08-10,Completed,Credit Card
102332,108,2,2023-09-07,Completed,Invoice
102333,290,73,2024-06-03,In Progress,Credit Card
102334,370,68,2024-02-09,Completed,Credit Card
102335,718,35,2025-03-02,Completed,Bank Transfer
102336,639,68,2024-03-21,Completed,PayPal
102337,658,73,2025-05-09,In Progress,Credit Card
102338,48,2,2025-10-21,Completed,Bank Transfer
102339,267,7,2025-11-15,In Progress,Invoice
102340,148,2,2025-07-12,Completed,Credit Card
102341,755,73,2024-11-03,Completed,Bank Transfer
102342,785,2,2025-09-05,Completed,Invoice
102343,342,73,2025-12-07,Completed,PayPal
102344,306,72,2026-05-13,Completed,Credit Card
102345,23,27,2025-05-31,Completed,Credit Card
102346,862,35,2024-08-29,Completed,Credit Card
102347,626,68,2025-05-23,Completed,Bank Transfer
102348,605,27,2026-04-09,Completed,Credit Card
102349,929,68,2025-06-24,Cancelled,Bank Transfer
102350,493,68,2024-09-23,Cancelled,PayPal
102351,583,1,2025-01-22,In Progress,Invoice
102352,938,68,2024-08-15,In Progress,Invoice
102353,348,35,2024-11-12,Completed,Credit Card
102354,912,72,2024-10-03,In Progress,Bank Transfer
102355,437,7,2025-05-20,Completed,Bank Transfer
102356,146,2,2025-12-08,In Progress,PayPal
102357,256,5,2024-01-06,Cancelled,PayPal
102358,691,73,2024-01-30,In Progress,Credit Card
102359,622,7,2025-04-06,Completed,Invoice
102360,480,55,2026-05-03,In Progress,Credit Card
102361,19,35,2023-09-22,Completed,Invoice
102362,95,68,2025-11-04,Completed,Credit Card
102363,720,2,2026-07-24,Completed,Bank Transfer
102364,381,55,2024-12-14,Completed,Credit Card
102365,719,27,2026-07-24,Completed,Invoice
102366,50,2,2025-06-21,Completed,Credit Card
102367,275,5,2026-04-11,In Progress,Bank Transfer
102368,906,72,2025-10-06,In Progress,Invoice
102369,363,73,2025-08-02,Completed,Invoice
102370,431,27,2024-12-18,Completed,PayPal
102371,461,27,2023-09-23,Cancelled,Bank Transfer
102372,598,1,2024-03-10,In Progress,PayPal
102373,254,72,2025-10-06,In Progress,PayPal
102374,496,73,2023-11-09,Completed,Invoice
102375,417,2,2025-02-25,Completed,Invoice
102376,985,2,2024-08-18,Completed,Bank Transfer
102377,155,7,2024-07-27,Cancelled,Credit Card
102378,500,1,2025-06-24,In Progress,PayPal
102379,840,72,2024-11-21,Completed,Bank Transfer
102380,652,27,2025-11-22,Completed,Credit Card
102381,544,72,2023-12-11,Completed,Credit Card
102382,533,72,2025-03-12,Completed,Invoice
102383,830,35,2025-09-27,Completed,Invoice
102384,120,1,2024-06-21,Completed,PayPal
102385,405,68,2026-03-20,In Progress,Credit Card
102386,841,55,2024-06-27,Cancelled,Bank Transfer
102387,798,1,2026-02-23,Completed,PayPal
102388,316,2,2025-10-26,Completed,Invoice
102389,420,1,2024-06-26,Completed,PayPal
102390,405,1,2025-08-04,Completed,Credit Card
102391,553,7,2024-10-16,Completed,Credit Card
102392,133,1,2024-07-28,Completed,Bank Transfer
102393,967,5,2025-12-01,Completed,Credit Card
102394,744,2,2024-01-18,Cancelled,Invoice
102395,701,2,2026-05-09,In Progress,Credit Card
102396,149,35,2025-08-12,Cancelled,PayPal
102397,261,73,2024-06-19,Completed,Invoice
102398,407,35,2023-07-28,Completed,Credit Card
102399,876,1,2025-09-26,Completed,Credit Card
102400,444,55,2024-07-23,In Progress,Invoice
102401,281,73,2024-03-04,Cancelled,Invoice
102402,718,1,2026-07-02,Cancelled,Credit Card
102403,420,35,2025-05-05,Completed,Bank Transfer
102404,839,2,2026-07-10,In Progress,Credit Card
102405,415,5,2025-11-23,Cancelled,Credit Card
102406,779,7,2024-11-16,In Progress,Bank Transfer
102407,69,27,2023-10-01,Cancelled,Invoice
102408,154,72,2026-03-05,In Progress,Credit Card
102409,342,68,2024-09-14,Completed,Credit Card
102410,375,5,2024-06-12,Completed,Credit Card
102411,334,7,2024-10-07,Completed,PayPal
102412,195,55,2025-03-01,Cancelled,Credit Card
102413,504,7,2024-12-31,Completed,Bank Transfer
102414,653,55,2023-07-26,Completed,PayPal
102415,407,55,2025-04-01,Completed,PayPal
102416,772,35,2024-12-16,Completed,Invoice
102417,48,2,2024-03-26,Completed,Invoice
102418,281,27,2026-01-18,Completed,Credit Card
102419,928,1,2025-06-26,Completed,Credit Card
102420,665,35,2024-12-20,In Progress,PayPal
102421,890,1,2024-08-17,Cancelled,Credit Card
102422,92,73,2024-10-16,In Progress,Invoice
102423,66,1,2025-06-25,Cancelled,Bank Transfer
102424,172,55,2024-09-29,Completed,PayPal
102425,209,72,2025-01-21,Cancelled,PayPal
102426,336,5,2026-04-11,Completed,PayPal
102427,869,5,2024-05-22,Completed,Credit Card
102428,520,7,2024-11-16,Completed,Invoice
102429,813,72,2024-10-31,Cancelled,Bank Transfer
102430,482,1,2025-05-03,Cancelled,Bank Transfer
102431,229,1,2025-11-08,In Progress,PayPal
102432,937,5,2023-10-24,Completed,PayPal
102433,451,72,2026-05-02,In Progress,Bank Transfer
102434,813,1,2025-03-19,In Progress,Credit Card
102435,512,72,2024-10-13,Completed,PayPal
102436,79,72,2025-02-11,In Progress,Credit Card
102437,101,73,2025-09-18,Cancelled,Credit Card
102438,797,68,2025-11-27,Completed,Bank Transfer
102439,902,72,2025-05-21,In Progress,Bank Transfer
102440,546,5,2026-02-24,Completed,Credit Card
102441,94,5,2025-06-07,Completed,Credit Card
102442,536,2,2023-07-30,Completed,Credit Card
102443,747,73,2024-01-26,Completed,Bank Transfer
102444,110,2,2024-02-21,In Progress,Invoice
102445,958,35,2024-10-06,Cancelled,Bank Transfer
102446,219,55,2025-03-24,In Progress,Invoice
102447,528,68,2024-10-10,Completed,PayPal
102448,552,2,2025-07-27,Completed,Bank Transfer
102449,823,55,2025-08-14,Completed,Invoice
102450,549,1,2023-11-20,In Progress,Invoice
102451,782,1,2023-09-19,Completed,Bank Transfer
102452,81,72,2024-09-11,Completed,Invoice
102453,765,27,2026-07-12,Cancelled,PayPal
102454,194,35,2026-05-07,Completed,Invoice
102455,748,68,2025-04-04,In Progress,PayPal
102456,312,35,2024-11-05,In Progress,Credit Card
102457,25,2,2024-04-05,Cancelled,Invoice
102458,607,35,2025-03-15,Completed,Credit Card
102459,983,27,2025-02-24,Completed,Invoice
102460,969,2,2024-08-20,Completed,Credit Card
102461,354,27,2026-06-26,Completed,Invoice
102462,139,35,2025-06-27,Completed,Credit Card
102463,404,72,2024-03-29,Completed,Bank Transfer
102464,825,55,2026-04-09,Completed,Bank Transfer
102465,615,1,2024-10-28,Cancelled,Bank Transfer
102466,776,55,2024-08-01,Completed,Credit Card
102467,775,68,2023-11-11,Completed,PayPal
102468,447,72,2024-05-12,Cancelled,PayPal
102469,859,55,2024-02-05,Completed,Bank Transfer
102470,346,1,2025-01-17,Completed,Credit Card
102471,823,5,2023-10-27,Completed,Invoice
102472,758,68,2024-11-18,Completed,Bank Transfer
102473,282,5,2025-10-08,In Progress,Bank Transfer
102474,267,72,2023-08-31,Completed,Bank Transfer
102475,619,73,2023-11-27,Completed,Bank Transfer
102476,667,72,2026-06-12,In Progress,Invoice
102477,306,72,2024-06-25,Cancelled,Credit Card
102478,226,27,2024-12-25,In Progress,Credit Card
102479,562,55,2025-12-04,In Progress,Bank Transfer
102480,500,55,2024-03-16,Completed,PayPal
102481,354,1,2025-06-03,Completed,Credit Card
102482,328,68,2024-11-01,In Progress,Bank Transfer
102483,414,27,2026-02-17,Completed,Invoice
102484,615,2,2025-07-15,In Progress,Invoice
102485,361,27,2025-09-16,Completed,Invoice
102486,4,1,2024-06-27,Completed,Credit Card
102487,969,27,2025-10-14,Completed,PayPal
102488,968,2,2024-05-07,Completed,Invoice
102489,413,55,2025-10-27,Cancelled,Invoice
102490,144,73,2025-02-16,Cancelled,Credit Card
102491,474,5,2025-09-08,In Progress,PayPal
102492,514,68,2026-04-22,In Progress,PayPal
102493,771,5,2024-11-05,Completed,Credit Card
102494,254,68,2026-02-09,Completed,Credit Card
102495,677,68,2023-11-13,Completed,Credit Card
102496,405,1,2026-05-05,Completed,Invoice
102497,874,1,2025-01-05,Completed,Bank Transfer
102498,21,73,2024-03-23,Completed,Credit Card
102499,889,72,2024-06-08,In Progress,Bank Transfer
102500,288,5,2026-07-15,Cancelled,PayPal
102501,388,27,2024-06-18,Completed,Invoice
102502,112,7,2024-09-19,Completed,Bank Transfer
102503,734,73,2024-04-08,Completed,Credit Card
102504,599,27,2024-03-18,Cancelled,PayPal
102505,957,7,2025-05-17,Completed,Credit Card
102506,138,27,2024-12-15,Completed,Credit Card
102507,730,35,2025-02-02,Completed,Bank Transfer
102508,362,5,2023-07-27,Completed,Credit Card
102509,753,27,2026-06-23,Completed,Bank Transfer
102510,318,73,2025-09-28,Completed,PayPal
102511,438,73,2025-11-18,Completed,Invoice
102512,883,55,2024-06-23,Completed,PayPal
102513,179,55,2026-01-16,Cancelled,Invoice
102514,343,72,2026-03-24,Completed,Credit Card
102515,17,2,2023-09-15,Cancelled,PayPal
102516,78,5,2024-08-21,Completed,Credit Card
102517,51,55,2023-09-29,Completed,PayPal
102518,463,7,2025-02-01,In Progress,Bank Transfer
102519,502,68,2026-07-09,In Progress,Invoice
102520,573,27,2026-04-23,Completed,Bank Transfer
102521,43,72,2024-04-01,Cancelled,Invoice
102522,473,1,2024-08-22,Completed,PayPal
102523,909,73,2024-12-05,Cancelled,Bank Transfer
102524,842,27,2023-07-30,Completed,PayPal
102525,665,35,2024-07-24,In Progress,Credit Card
102526,195,1,2026-04-16,Completed,Invoice
102527,184,72,2023-10-24,Completed,PayPal
102528,7,73,2025-08-02,Completed,Bank Transfer
102529,943,35,2025-03-02,In Progress,Bank Transfer
102530,487,68,2025-01-25,In Progress,Credit Card
102531,736,27,2025-04-23,Completed,Invoice
102532,366,72,2025-12-29,Completed,PayPal
102533,936,55,2024-08-19,Completed,Invoice
102534,423,5,2026-01-17,Completed,Invoice
102535,384,2,2023-11-13,Completed,PayPal
102536,848,72,2024-08-03,Cancelled,PayPal
102537,255,68,2025-05-19,Completed,Invoice
102538,808,1,2025-05-13,In Progress,Bank Transfer
102539,924,55,2025-01-13,Cancelled,Bank Transfer
102540,847,68,2026-01-22,In Progress,Credit Card
102541,875,5,2025-03-20,Cancelled,Bank Transfer
102542,788,55,2026-05-28,Completed,Bank Transfer
102543,970,68,2026-06-07,Completed,Credit Card
102544,708,2,2025-10-16,Completed,Invoice
102545,26,27,2024-12-08,Completed,PayPal
102546,589,73,2023-09-26,Completed,Credit Card
102547,124,1,2025-02-02,Completed,PayPal
102548,631,27,2025-03-17,Completed,PayPal
102549,79,27,2024-11-15,Completed,PayPal
102550,290,68,2025-05-29,Completed,Credit Card
102551,509,68,2025-02-08,In Progress,Credit Card
102552,596,55,2024-08-09,Completed,Bank Transfer
102553,705,5,2023-12-20,Completed,Invoice
102554,893,27,2026-03-30,In Progress,PayPal
102555,505,2,2025-06-07,Completed,Invoice
102556,412,55,2024-12-10,Cancelled,PayPal
102557,861,27,2024-12-02,Cancelled,PayPal
102558,290,73,2024-11-02,Cancelled,PayPal
102559,524,2,2024-10-11,Completed,Invoice
102560,777,73,2023-08-10,Completed,Bank Transfer
102561,743,35,2023-08-06,Cancelled,Invoice
102562,154,2,2024-10-30,Completed,Invoice
102563,432,68,2024-06-15,In Progress,Invoice
102564,496,73,2024-11-01,Completed,Bank Transfer
102565,574,1,2024-09-25,Completed,Invoice
102566,317,72,2026-07-01,Completed,Bank Transfer
102567,509,7,2024-10-28,Cancelled,Bank Transfer
102568,470,2,2026-02-26,Cancelled,Bank Transfer
102569,889,73,2025-08-07,Completed,Bank Transfer
102570,739,2,2025-12-31,Completed,Bank Transfer
102571,889,1,2025-10-23,In Progress,PayPal
102572,683,35,2026-06-27,In Progress,Credit Card
102573,173,5,2024-09-20,Completed,PayPal
102574,73,7,2025-02-27,Completed,Bank Transfer
102575,74,7,2023-09-30,Completed,Invoice
102576,209,2,2025-01-02,Cancelled,PayPal
102577,605,2,2025-02-25,Cancelled,PayPal
102578,834,35,2025-06-02,Cancelled,Invoice
102579,508,27,2024-10-11,Completed,Invoice
102580,70,7,2026-02-06,In Progress,Bank Transfer
102581,138,1,2023-12-25,Completed,Bank Transfer
102582,36,72,2024-12-02,In Progress,Credit Card
102583,455,1,2024-09-26,Completed,Credit Card
102584,747,5,2023-10-08,Cancelled,Invoice
102585,44,27,2026-07-18,Completed,PayPal
102586,115,1,2024-03-19,Completed,Bank Transfer
102587,997,55,2024-11-24,In Progress,Bank Transfer
102588,733,55,2026-04-04,Cancelled,Bank Transfer
102589,767,5,2025-05-19,Completed,PayPal
102590,986,2,2026-03-17,Completed,Invoice
102591,427,2,2023-08-26,Cancelled,Credit Card
102592,293,55,2024-07-29,Completed,Invoice
102593,635,72,2023-10-29,Completed,Credit Card
102594,121,5,2024-02-09,In Progress,Bank Transfer
102595,259,68,2023-07-29,Completed,Invoice
102596,667,72,2025-10-15,In Progress,Bank Transfer
102597,796,27,2025-06-11,In Progress,Bank Transfer
102598,252,72,2023-11-18,Completed,Credit Card
102599,953,27,2024-03-22,Cancelled,Bank Transfer
102600,989,27,2023-09-22,Completed,Invoice
102601,508,2,2024-10-30,Cancelled,Bank Transfer
102602,198,73,2025-06-11,In Progress,Bank Transfer
102603,852,2,2023-11-19,Cancelled,Invoice
102604,160,72,2023-10-17,Completed,Bank Transfer
102605,32,2,2025-12-26,Completed,PayPal
102606,820,55,2025-10-22,Cancelled,PayPal
102607,426,35,2024-05-03,Completed,Invoice
102608,99,73,2026-06-17,Completed,Invoice
102609,23,55,2023-09-27,Completed,Credit Card
102610,675,35,2025-03-15,Completed,Invoice
102611,102,68,2025-11-17,In Progress,Invoice
102612,822,7,2024-03-05,Completed,PayPal
102613,868,35,2023-12-31,Completed,Invoice
102614,703,55,2025-10-16,In Progress,Credit Card
102615,886,68,2023-10-20,In Progress,PayPal
102616,662,7,2026-05-08,Cancelled,PayPal
102617,45,1,2023-11-17,Completed,PayPal
102618,840,35,2025-04-05,Completed,Invoice
102619,366,72,2025-10-24,Completed,Credit Card
102620,189,27,2024-02-21,In Progress,PayPal
102621,900,1,2025-07-01,Completed,Invoice
102622,16,1,2025-07-08,Completed,Bank Transfer
102623,430,7,2026-01-20,Completed,Invoice
102624,363,1,2023-11-12,Completed,Invoice
102625,508,27,2023-08-27,Cancelled,Invoice
102626,483,72,2026-06-22,Cancelled,Credit Card
102627,318,27,2024-05-13,Cancelled,PayPal
102628,816,27,2024-07-04,In Progress,Invoice
102629,640,27,2025-12-11,Completed,Bank Transfer
102630,282,5,2026-06-11,Completed,Invoice
102631,611,73,2025-12-28,In Progress,PayPal
102632,20,1,2026-07-05,In Progress,Bank Transfer
102633,370,55,2026-05-02,In Progress,PayPal
102634,814,1,2024-10-24,In Progress,Bank Transfer
102635,923,73,2024-01-23,In Progress,PayPal
102636,964,1,2026-04-18,Completed,Credit Card
102637,709,68,2023-07-30,Completed,Credit Card
102638,370,2,2023-12-06,Cancelled,Bank Transfer
102639,479,72,2025-04-21,In Progress,Bank Transfer
102640,872,68,2026-06-09,Completed,Invoice
102641,432,35,2024-06-03,Completed,Credit Card
102642,954,68,2024-09-23,Completed,PayPal
102643,158,2,2026-05-09,In Progress,Invoice
102644,901,5,2023-12-11,Completed,Invoice
102645,746,55,2024-05-25,In Progress,Bank Transfer
102646,491,35,2024-02-07,Completed,Bank Transfer
102647,783,7,2024-01-23,Cancelled,Bank Transfer
102648,843,73,2025-10-05,Completed,Invoice
102649,265,27,2025-02-26,Cancelled,Credit Card
102650,423,72,2025-08-31,In Progress,Credit Card
102651,266,35,2025-07-02,Cancelled,PayPal
102652,906,7,2026-02-19,Completed,Bank Transfer
102653,648,2,2023-10-05,Cancelled,PayPal
102654,54,72,2026-04-13,In Progress,Invoice
102655,341,2,2025-05-09,In Progress,Invoice
102656,516,5,2023-12-11,In Progress,Invoice
102657,525,73,2024-07-15,Completed,Bank Transfer
102658,128,73,2025-10-15,Completed,Invoice
102659,438,2,2024-06-15,Cancelled,Credit Card
102660,775,5,2023-10-02,Cancelled,Credit Card
102661,97,7,2024-11-02,In Progress,PayPal
102662,458,1,2024-09-21,Completed,Credit Card
102663,227,72,2023-08-06,Cancelled,PayPal
102664,777,2,2026-04-15,Cancelled,Credit Card
102665,420,73,2024-11-27,Completed,Bank Transfer
102666,278,7,2023-12-03,In Progress,Bank Transfer
102667,548,73,2024-07-10,In Progress,Bank Transfer
102668,220,7,2023-08-09,Cancelled,Invoice
102669,285,2,2026-06-19,Completed,Bank Transfer
102670,772,68,2025-08-05,In Progress,PayPal
102671,757,7,2024-11-17,Completed,Invoice
102672,240,72,2024-06-18,Completed,PayPal
102673,113,27,2025-02-04,Completed,Bank Transfer
102674,796,73,2024-06-24,Completed,Credit Card
102675,125,7,2024-02-12,Completed,Bank Transfer
102676,911,35,2025-08-02,Cancelled,Credit Card
102677,850,72,2023-11-12,Completed,PayPal
102678,985,72,2025-01-17,Completed,Bank Transfer
102679,466,55,2025-12-16,Completed,Credit Card
102680,772,27,2024-12-26,Cancelled,Credit Card
102681,623,2,2024-06-07,Completed,Credit Card
102682,992,27,2025-07-05,Completed,Credit Card
102683,395,2,2023-08-08,Completed,PayPal
102684,824,35,2026-04-04,Completed,Credit Card
102685,385,7,2026-06-19,Completed,Credit Card
102686,628,68,2023-09-20,Cancelled,Credit Card
102687,921,55,2024-03-30,Completed,Bank Transfer
102688,998,7,2023-07-28,In Progress,PayPal
102689,146,35,2024-04-25,Cancelled,PayPal
102690,993,72,2025-05-05,Completed,PayPal
102691,535,1,2023-09-09,Completed,PayPal
102692,360,27,2023-08-08,Completed,Credit Card
102693,882,7,2024-04-17,Completed,Credit Card
102694,883,68,2024-11-24,Completed,Credit Card
102695,798,5,2023-08-05,In Progress,PayPal
102696,239,7,2024-12-14,Completed,Invoice
102697,308,7,2025-08-16,Completed,Bank Transfer
102698,366,1,2024-12-02,Completed,Bank Transfer
102699,4,1,2025-12-12,Completed,Invoice
102700,326,1,2025-03-17,Cancelled,Bank Transfer
102701,418,1,2025-02-06,Completed,PayPal
102702,320,55,2023-12-09,Completed,Credit Card
102703,513,72,2026-03-09,Completed,PayPal
102704,754,5,2025-06-19,Completed,PayPal
102705,536,73,2026-03-24,Completed,Bank Transfer
102706,201,27,2024-02-11,Completed,PayPal
102707,633,35,2024-09-20,Cancelled,PayPal
102708,194,35,2025-04-23,Completed,PayPal
102709,732,5,2025-08-31,In Progress,Bank Transfer
102710,576,72,2025-07-31,Completed,Bank Transfer
102711,457,27,2025-06-16,Completed,PayPal
102712,156,68,2023-12-14,Completed,PayPal
102713,108,2,2025-04-17,Completed,Bank Transfer
102714,823,2,2026-02-14,Completed,Bank Transfer
102715,370,27,2025-08-07,Completed,Invoice
102716,516,2,2024-10-09,Cancelled,Credit Card
102717,522,55,2025-01-18,In Progress,PayPal
102718,799,27,2023-08-06,Completed,Bank Transfer
102719,395,1,2024-04-25,In Progress,Bank Transfer
102720,382,7,2026-05-03,Completed,Bank Transfer
102721,86,1,2025-09-27,Completed,Invoice
102722,635,55,2025-08-03,Completed,PayPal
102723,849,73,2025-01-28,Cancelled,PayPal
102724,658,7,2026-03-12,Completed,PayPal
102725,38,27,2023-09-15,Cancelled,Credit Card
102726,85,7,2025-08-09,Cancelled,PayPal
102727,367,72,2026-05-24,Completed,Invoice
102728,789,35,2024-07-26,In Progress,Credit Card
102729,450,35,2026-04-23,In Progress,PayPal
102730,59,68,2024-01-19,Completed,Credit Card
102731,73,73,2024-04-28,Completed,Bank Transfer
102732,229,55,2025-05-04,Completed,Invoice
102733,505,2,2023-12-23,Cancelled,Invoice
102734,462,5,2024-11-29,Completed,PayPal
102735,657,55,2023-10-14,Completed,Bank Transfer
102736,895,1,2024-01-20,Completed,Invoice
102737,540,68,2023-10-09,In Progress,Credit Card
102738,700,73,2025-06-24,In Progress,Credit Card
102739,73,27,2026-07-13,Completed,Credit Card
102740,360,27,2026-04-11,Completed,Credit Card
102741,377,35,2025-04-22,Completed,Bank Transfer
102742,281,73,2025-02-18,Completed,PayPal
102743,147,27,2025-01-04,Completed,Invoice
102744,211,1,2025-08-20,Completed,Credit Card
102745,1000,55,2025-03-20,Completed,Bank Transfer
102746,651,72,2023-08-06,In Progress,Credit Card
102747,749,68,2024-04-25,Completed,Invoice
102748,151,72,2025-07-18,Completed,Credit Card
102749,169,55,2025-01-21,Cancelled,PayPal
102750,891,7,2024-01-05,Completed,Invoice
102751,113,7,2025-02-10,Completed,Bank Transfer
102752,400,72,2026-04-18,Completed,Bank Transfer
102753,702,35,2025-10-25,Completed,PayPal
102754,908,2,2026-06-23,Completed,Bank Transfer
102755,879,1,2024-10-09,In Progress,Credit Card
102756,758,7,2024-02-26,Cancelled,Bank Transfer
102757,242,35,2024-05-20,Completed,Credit Card
102758,938,2,2025-05-31,Cancelled,Credit Card
102759,169,2,2026-02-17,In Progress,Invoice
102760,781,7,2023-09-19,Completed,PayPal
102761,57,5,2023-09-21,Completed,PayPal
102762,969,27,2024-01-14,Completed,Credit Card
102763,642,1,2025-01-02,Cancelled,PayPal
102764,609,5,2025-05-10,In Progress,PayPal
102765,854,73,2025-02-07,Completed,Invoice
102766,329,35,2025-08-28,Completed,Invoice
102767,681,73,2026-05-28,Completed,Credit Card
102768,347,72,2024-04-25,Completed,Invoice
102769,98,7,2026-05-27,Completed,Bank Transfer
102770,767,35,2024-11-24,Cancelled,PayPal
102771,526,72,2023-10-05,Cancelled,Invoice
102772,529,1,2024-03-25,Completed,Invoice
102773,322,35,2025-11-28,Completed,PayPal
102774,795,68,2024-10-05,In Progress,PayPal
102775,517,5,2023-10-09,Completed,Bank Transfer
102776,377,73,2025-05-07,In Progress,Invoice
102777,660,27,2025-04-22,Completed,PayPal
102778,830,7,2023-12-14,Completed,Bank Transfer
102779,923,35,2026-07-20,Completed,Invoice
102780,373,55,2025-11-10,Completed,PayPal
102781,993,72,2024-01-01,Cancelled,Credit Card
102782,678,27,2024-03-13,Completed,Credit Card
102783,445,27,2025-11-09,Completed,Invoice
102784,655,27,2025-07-26,Completed,Invoice
102785,681,68,2024-05-15,In Progress,PayPal
102786,590,2,2024-02-14,Completed,Credit Card
102787,349,5,2026-05-05,In Progress,Credit Card
102788,583,72,2025-08-05,Completed,Invoice
102789,86,68,2026-06-08,In Progress,Bank Transfer
102790,525,5,2025-02-25,Completed,Bank Transfer
102791,535,68,2025-01-10,Completed,PayPal
102792,435,72,2026-06-12,Completed,PayPal
102793,985,72,2023-08-17,Completed,Invoice
102794,107,2,2024-12-25,Completed,Bank Transfer
102795,683,27,2026-03-05,Cancelled,Invoice
102796,422,35,2024-03-07,Completed,Invoice
102797,207,68,2024-12-07,In Progress,Invoice
102798,567,55,2023-12-06,Completed,Bank Transfer
102799,989,2,2025-08-16,Completed,PayPal
102800,151,7,2025-10-16,Completed,Invoice
102801,430,73,2025-01-25,Completed,PayPal
102802,739,1,2025-11-24,Completed,PayPal
102803,613,73,2026-04-06,Completed,Credit Card
102804,2,1,2025-12-02,Completed,Bank Transfer
102805,61,55,2024-12-09,Completed,Bank Transfer
102806,200,73,2025-04-16,Cancelled,Invoice
102807,82,1,2026-05-29,In Progress,Invoice
102808,219,7,2023-08-28,Cancelled,Bank Transfer
102809,167,7,2025-11-09,Cancelled,Credit Card
102810,491,1,2023-12-08,Completed,PayPal
102811,823,55,2024-01-26,Completed,PayPal
102812,635,73,2025-09-29,In Progress,PayPal
102813,795,55,2024-03-21,Completed,Invoice
102814,181,73,2023-09-12,Cancelled,PayPal
102815,483,55,2023-12-19,Completed,Bank Transfer
102816,945,5,2024-11-07,Completed,Invoice
102817,445,35,2026-02-09,In Progress,Bank Transfer
102818,278,55,2025-02-03,Completed,Bank Transfer
102819,791,55,2024-06-16,Cancelled,PayPal
102820,517,1,2025-01-15,Cancelled,Invoice
102821,565,5,2025-03-28,Completed,Bank Transfer
102822,463,55,2024-03-18,In Progress,Bank Transfer
102823,532,2,2024-03-08,Completed,PayPal
102824,576,1,2025-02-22,Completed,Invoice
102825,986,2,2024-03-14,Completed,Credit Card
102826,256,2,2025-05-03,Cancelled,Invoice
102827,480,72,2026-07-01,Completed,PayPal
102828,692,7,2024-10-12,Cancelled,Credit Card
102829,803,5,2025-04-16,Completed,Invoice
102830,874,2,2025-11-24,Cancelled,Invoice
102831,564,68,2025-12-31,In Progress,Bank Transfer
102832,377,73,2023-12-19,Completed,Invoice
102833,485,7,2024-04-03,In Progress,PayPal
102834,872,27,2026-05-15,Completed,Credit Card
102835,731,55,2024-09-10,In Progress,PayPal
102836,204,7,2025-08-20,Completed,Credit Card
102837,945,2,2025-07-14,Completed,Credit Card
102838,153,73,2025-07-13,Completed,Bank Transfer
102839,929,72,2025-10-28,Cancelled,Invoice
102840,361,55,2025-09-02,In Progress,PayPal
102841,823,73,2024-12-06,In Progress,Credit Card
102842,699,35,2025-04-17,Completed,Bank Transfer
102843,449,35,2025-02-23,Completed,Invoice
102844,898,7,2024-06-07,In Progress,Bank Transfer
102845,284,1,2024-10-05,Completed,Invoice
102846,163,55,2026-05-08,Cancelled,Invoice
102847,991,2,2024-05-14,Completed,PayPal
102848,624,1,2024-05-02,In Progress,Bank Transfer
102849,311,5,2024-03-13,Cancelled,Invoice
102850,407,1,2025-07-01,Completed,Credit Card
102851,327,2,2025-01-27,Cancelled,Credit Card
102852,274,35,2024-09-29,In Progress,Invoice
102853,93,7,2025-08-10,In Progress,PayPal
102854,218,72,2025-09-19,In Progress,Invoice
102855,175,1,2023-12-07,Completed,Invoice
102856,638,68,2023-08-06,Completed,Bank Transfer
102857,614,2,2024-09-21,Completed,Bank Transfer
102858,829,2,2025-06-05,Cancelled,PayPal
102859,334,2,2025-01-25,In Progress,Credit Card
102860,788,55,2023-11-18,In Progress,Invoice
102861,719,55,2024-01-25,Completed,PayPal
102862,973,7,2024-12-06,Completed,PayPal
102863,22,68,2023-10-28,Cancelled,Bank Transfer
102864,973,68,2023-12-05,Cancelled,Invoice
102865,180,27,2024-09-23,In Progress,Bank Transfer
102866,831,73,2024-05-26,Cancelled,Invoice
102867,613,1,2024-07-07,Completed,Invoice
102868,830,68,2025-11-11,Completed,PayPal
102869,126,73,2025-08-03,Cancelled,Bank Transfer
102870,855,5,2023-08-24,Cancelled,Invoice
102871,700,68,2026-02-14,In Progress,PayPal
102872,853,68,2026-05-15,Cancelled,Invoice
102873,639,35,2026-06-02,Completed,PayPal
102874,14,2,2025-09-20,Cancelled,Invoice
102875,901,1,2026-05-01,Completed,Invoice
102876,969,72,2026-04-17,Completed,Credit Card
102877,717,27,2025-11-17,In Progress,Credit Card
102878,92,27,2023-09-30,Completed,Bank Transfer
102879,577,7,2025-09-28,Completed,Credit Card
102880,223,7,2024-08-04,Completed,Bank Transfer
102881,229,35,2024-09-07,Completed,Invoice
102882,14,35,2026-04-19,Completed,PayPal
102883,238,68,2025-02-18,Completed,Bank Transfer
102884,458,1,2025-12-11,Completed,PayPal
102885,756,35,2025-10-27,Completed,Invoice
102886,485,73,2025-05-08,Completed,Bank Transfer
102887,520,35,2026-03-19,In Progress,Bank Transfer
102888,174,55,2024-11-22,Completed,Bank Transfer
102889,85,68,2025-04-17,Completed,Credit Card
102890,892,55,2024-12-23,Cancelled,Invoice
102891,483,68,2023-11-18,Completed,PayPal
102892,402,5,2025-01-10,In Progress,Invoice
102893,814,1,2024-10-16,Completed,Credit Card
102894,678,5,2024-07-12,Completed,Bank Transfer
102895,866,68,2026-04-07,Completed,Credit Card
102896,688,7,2024-09-23,Completed,Invoice
102897,350,73,2025-04-05,Completed,Invoice
102898,556,2,2023-09-04,Completed,Credit Card
102899,813,73,2025-05-28,Cancelled,Credit Card
102900,269,55,2025-06-28,Completed,Invoice
102901,676,55,2026-02-23,Completed,Bank Transfer
102902,575,1,2026-03-18,Completed,Credit Card
102903,245,68,2025-09-08,Completed,Credit Card
102904,190,35,2025-10-24,In Progress,PayPal
102905,628,2,2025-11-13,In Progress,Bank Transfer
102906,883,2,2025-01-23,Completed,Invoice
102907,766,55,2024-12-02,Completed,PayPal
102908,346,27,2024-03-26,Completed,PayPal
102909,664,5,2024-12-19,Completed,Invoice
102910,647,1,2025-08-12,Completed,Credit Card
102911,425,68,2025-03-07,In Progress,PayPal
102912,691,73,2025-03-21,Completed,Credit Card
102913,529,1,2026-02-19,Completed,PayPal
102914,98,55,2025-09-06,Cancelled,Invoice
102915,61,7,2025-09-28,Completed,Invoice
102916,317,2,2026-04-22,Cancelled,Bank Transfer
102917,318,27,2023-08-19,Cancelled,Credit Card
102918,653,35,2025-06-24,Completed,Credit Card
102919,296,72,2025-09-14,Completed,Bank Transfer
102920,453,35,2025-06-30,Cancelled,Credit Card
102921,271,7,2025-06-17,Completed,Bank Transfer
102922,559,27,2023-10-20,Completed,Credit Card
102923,790,68,2025-06-05,In Progress,Credit Card
102924,913,5,2025-12-07,In Progress,Bank Transfer
102925,714,5,2025-12-11,Cancelled,Bank Transfer
102926,751,35,2026-03-09,Completed,PayPal
102927,825,35,2025-12-30,In Progress,Bank Transfer
102928,734,7,2025-08-08,Cancelled,Credit Card
102929,854,5,2026-06-20,Completed,Bank Transfer
102930,922,73,2026-07-15,Completed,PayPal
102931,471,27,2024-10-22,Completed,Credit Card
102932,573,27,2024-06-18,Completed,PayPal
102933,478,27,2024-07-23,Completed,Bank Transfer
102934,700,2,2025-03-19,Completed,Invoice
102935,936,72,2024-08-23,Completed,Credit Card
102936,957,5,2025-10-14,Cancelled,PayPal
102937,665,7,2023-09-28,Completed,PayPal
102938,927,68,2024-10-03,Cancelled,Credit Card
102939,561,72,2026-05-01,Cancelled,Credit Card
102940,762,5,2024-02-21,Completed,Invoice
102941,830,7,2025-07-23,Completed,Bank Transfer
102942,784,72,2026-03-04,Cancelled,Credit Card
102943,311,5,2026-02-06,Cancelled,Invoice
102944,411,35,2024-04-10,Completed,Credit Card
102945,596,73,2024-08-14,Completed,Credit Card
102946,283,73,2024-08-24,Completed,PayPal
102947,629,5,2024-11-29,In Progress,PayPal
102948,201,5,2025-06-21,Cancelled,Invoice
102949,550,55,2025-12-27,Completed,Credit Card
102950,422,27,2025-05-02,Cancelled,PayPal
102951,425,72,2026-01-31,In Progress,Invoice
102952,289,73,2024-12-14,Cancelled,Invoice
102953,545,72,2024-09-28,Completed,Bank Transfer
102954,605,68,2026-06-15,In Progress,Invoice
102955,391,55,2026-04-05,Completed,Invoice
102956,445,7,2023-12-12,Completed,Bank Transfer
102957,982,1,2024-11-13,Cancelled,Bank Transfer
102958,372,27,2025-09-17,Cancelled,Invoice
102959,490,68,2025-02-16,Completed,Bank Transfer
102960,299,35,2026-06-16,In Progress,Bank Transfer
102961,573,68,2023-10-01,Completed,Bank Transfer
102962,960,72,2025-03-29,Completed,Credit Card
102963,395,72,2025-07-21,In Progress,Bank Transfer
102964,543,1,2025-10-13,Completed,Invoice
102965,617,68,2024-09-07,Completed,Invoice
102966,829,27,2025-05-01,Completed,Invoice
102967,954,2,2024-04-14,In Progress,Invoice
102968,973,27,2025-10-07,In Progress,PayPal
102969,794,55,2024-12-20,Completed,PayPal
102970,803,5,2024-10-01,Completed,Credit Card
102971,363,1,2025-01-04,In Progress,PayPal
102972,402,27,2024-04-10,Cancelled,Credit Card
102973,855,72,2024-03-22,Completed,PayPal
102974,768,7,2023-07-26,Cancelled,Bank Transfer
102975,547,73,2024-04-30,Completed,PayPal
102976,357,7,2025-06-19,In Progress,PayPal
102977,402,1,2025-11-18,In Progress,PayPal
102978,349,2,2024-10-20,Completed,Invoice
102979,858,5,2026-03-17,Completed,Invoice
102980,787,2,2024-11-12,Completed,Invoice
102981,460,73,2024-06-10,In Progress,PayPal
102982,43,55,2025-01-08,Completed,PayPal
102983,14,27,2024-12-29,Completed,PayPal
102984,330,27,2024-12-28,Cancelled,Credit Card
102985,58,2,2023-11-10,Completed,Invoice
102986,247,55,2026-01-31,Cancelled,Invoice
102987,536,7,2023-11-23,Cancelled,Credit Card
102988,121,5,2025-10-14,Completed,Invoice
102989,735,73,2026-02-01,In Progress,PayPal
102990,890,2,2024-04-18,Cancelled,PayPal
102991,263,5,2026-04-08,Completed,Bank Transfer
102992,519,35,2024-10-04,Completed,Credit Card
102993,792,55,2025-04-01,Cancelled,Bank Transfer
102994,831,73,2025-08-26,Completed,Invoice
102995,240,7,2024-08-01,Completed,PayPal
102996,828,2,2023-09-14,Completed,PayPal
102997,759,1,2024-04-05,Cancelled,PayPal
102998,772,68,2023-08-22,Completed,Invoice
102999,38,72,2024-02-07,In Progress,Bank Transfer
103000,809,73,2023-08-18,Completed,Credit Card
103001,680,55,2024-02-22,Completed,Bank Transfer
103002,580,55,2024-12-02,Completed,PayPal
103003,810,7,2026-06-18,Completed,Bank Transfer
103004,893,68,2026-03-22,Completed,Invoice
103005,58,5,2026-03-01,Completed,PayPal
103006,454,72,2025-05-13,Completed,Bank Transfer
103007,634,73,2024-11-17,Cancelled,Bank Transfer
103008,927,73,2024-08-30,In Progress,Invoice
103009,386,73,2024-11-04,Cancelled,Invoice
103010,970,2,2026-04-22,Completed,Credit Card
103011,586,27,2025-12-07,Completed,PayPal
103012,678,5,2024-07-22,Completed,Invoice
103013,22,1,2024-03-11,In Progress,Bank Transfer
103014,864,68,2026-03-12,In Progress,Bank Transfer
103015,826,7,2024-02-23,Cancelled,Credit Card
103016,6,35,2023-10-20,Completed,Bank Transfer
103017,452,72,2025-02-09,Completed,Credit Card
103018,168,7,2023-09-21,Completed,Bank Transfer
103019,954,55,2025-10-26,Completed,Invoice
103020,596,55,2026-03-20,Cancelled,Invoice
103021,673,2,2024-05-23,Cancelled,Invoice
103022,130,68,2026-05-29,In Progress,Credit Card
103023,981,7,2024-05-13,Completed,PayPal
103024,806,35,2024-03-21,In Progress,Credit Card
103025,157,5,2024-01-01,Completed,Credit Card
103026,462,27,2025-05-07,Completed,Invoice
103027,513,5,2024-10-11,Completed,PayPal
103028,860,72,2025-05-15,Completed,PayPal
103029,464,7,2023-09-14,Completed,Credit Card
103030,33,5,2023-12-08,In Progress,Credit Card
103031,120,72,2024-09-15,Completed,Invoice
103032,688,1,2026-05-09,Cancelled,Credit Card
103033,830,5,2024-05-08,Completed,Invoice
103034,126,5,2023-10-21,Completed,Credit Card
103035,923,55,2023-07-29,Completed,Credit Card
103036,216,5,2025-09-02,Completed,Credit Card
103037,322,68,2026-05-20,Cancelled,Credit Card
103038,754,68,2025-11-15,Completed,Invoice
103039,173,1,2025-04-27,In Progress,Invoice
103040,801,2,2024-01-10,Cancelled,Credit Card
103041,324,73,2026-06-06,Completed,PayPal
103042,917,5,2024-04-14,Completed,Credit Card
103043,807,35,2025-10-30,Completed,Bank Transfer
103044,490,55,2026-05-29,In Progress,Credit Card
103045,747,68,2026-04-27,Completed,PayPal
103046,724,27,2024-11-05,Completed,Credit Card
103047,29,73,2024-07-11,Cancelled,Bank Transfer
103048,728,5,2025-11-28,Completed,Bank Transfer
103049,835,73,2024-10-12,Completed,Credit Card
103050,285,73,2026-04-08,Completed,Credit Card
103051,379,2,2026-04-26,In Progress,Invoice
103052,378,7,2024-05-11,Cancelled,Bank Transfer
103053,804,2,2024-05-30,Completed,Credit Card
103054,642,2,2024-06-13,In Progress,Invoice
103055,739,55,2023-10-25,Completed,Credit Card
103056,70,2,2024-08-15,Completed,Bank Transfer
103057,576,1,2024-12-11,Completed,Invoice
103058,882,55,2024-12-29,Completed,Invoice
103059,702,35,2026-05-11,In Progress,Invoice
103060,942,73,2024-02-18,In Progress,PayPal
103061,617,27,2023-09-17,In Progress,Invoice
103062,32,5,2024-10-11,In Progress,Credit Card
103063,667,73,2024-04-29,Completed,Bank Transfer
103064,45,73,2026-04-15,Cancelled,Invoice
103065,561,5,2026-03-01,Completed,Invoice
103066,719,55,2025-08-06,Completed,PayPal
103067,620,55,2025-04-29,In Progress,Credit Card
103068,175,35,2024-01-15,Completed,PayPal
103069,991,2,2023-10-06,Completed,Bank Transfer
103070,902,72,2025-07-16,Completed,Invoice
103071,627,73,2024-11-30,Completed,Invoice
103072,282,55,2026-01-25,Cancelled,Bank Transfer
103073,934,27,2025-01-24,Completed,Invoice
103074,67,7,2023-11-24,Completed,Credit Card
103075,639,72,2025-01-08,Cancelled,PayPal
103076,894,1,2023-12-18,Completed,Bank Transfer
103077,465,27,2023-08-27,In Progress,Bank Transfer
103078,776,7,2026-06-28,In Progress,Invoice
103079,542,2,2023-10-10,Completed,Invoice
103080,478,73,2024-10-25,Completed,PayPal
103081,746,35,2025-05-29,Completed,Invoice
103082,899,73,2024-06-12,Completed,Credit Card
103083,178,68,2026-02-16,Completed,Credit Card
103084,600,55,2024-09-11,Completed,PayPal
103085,185,35,2023-09-21,Completed,Credit Card
103086,335,55,2025-07-07,Cancelled,Bank Transfer
103087,389,73,2025-07-23,In Progress,Bank Transfer
103088,441,73,2026-06-14,In Progress,Credit Card
103089,100,35,2025-12-23,In Progress,Bank Transfer
103090,292,55,2024-10-05,In Progress,PayPal
103091,118,35,2024-03-31,Completed,Credit Card
103092,630,55,2024-02-10,Completed,Bank Transfer
103093,831,68,2025-03-09,Completed,Credit Card
103094,555,68,2025-07-11,Completed,PayPal
103095,110,27,2024-09-28,In Progress,Bank Transfer
103096,345,5,2024-02-05,Completed,Invoice
103097,601,2,2024-09-22,Completed,Credit Card
103098,29,72,2023-10-19,Completed,PayPal
103099,160,68,2026-06-17,Completed,PayPal
103100,551,35,2026-03-14,Completed,Bank Transfer
103101,546,27,2023-12-28,Completed,Bank Transfer
103102,821,68,2026-04-23,Cancelled,Bank Transfer
103103,129,68,2026-01-25,Completed,PayPal
103104,495,1,2023-08-08,Completed,Invoice
103105,581,1,2023-11-26,Cancelled,Invoice
103106,786,72,2026-01-04,Completed,PayPal
103107,835,73,2025-08-11,Cancelled,PayPal
103108,787,35,2023-12-09,Completed,Bank Transfer
103109,944,68,2025-02-01,Completed,Invoice
103110,273,7,2026-01-03,Completed,PayPal
103111,143,1,2026-02-01,In Progress,PayPal
103112,334,27,2025-10-13,In Progress,Credit Card
103113,408,73,2025-03-10,Completed,Invoice
103114,1000,35,2024-10-06,Completed,Invoice
103115,803,35,2024-06-10,Completed,Invoice
103116,683,27,2025-09-10,Cancelled,Bank Transfer
103117,947,35,2025-10-09,Cancelled,PayPal
103118,290,1,2023-11-21,Completed,PayPal
103119,788,5,2024-05-05,Completed,PayPal
103120,5,1,2025-02-23,Completed,Bank Transfer
103121,101,72,2025-12-21,Completed,Invoice
103122,562,1,2025-12-10,Completed,Bank Transfer
103123,45,7,2023-12-02,Completed,Invoice
103124,187,1,2024-06-08,Cancelled,Invoice
103125,664,35,2024-03-20,Completed,Invoice
103126,591,55,2025-01-12,In Progress,Bank Transfer
103127,169,1,2026-01-07,In Progress,Invoice
103128,635,35,2024-05-16,Completed,Invoice
103129,29,1,2026-05-14,Completed,Invoice
103130,957,35,2026-07-01,In Progress,Invoice
103131,833,1,2025-03-19,In Progress,Invoice
103132,398,68,2025-01-25,Completed,Credit Card
103133,958,72,2026-05-26,Completed,PayPal
103134,221,1,2024-09-24,Completed,Invoice
103135,276,35,2025-01-28,Cancelled,PayPal
103136,946,68,2026-03-19,Cancelled,Bank Transfer
103137,976,5,2026-02-02,Completed,PayPal
103138,41,7,2024-09-26,Completed,PayPal
103139,558,27,2024-01-25,Completed,PayPal
103140,782,68,2025-08-29,Completed,Invoice
103141,486,2,2025-11-29,Completed,Credit Card
103142,684,7,2024-07-04,Completed,Bank Transfer
103143,691,55,2025-04-29,Completed,PayPal
103144,426,2,2025-04-23,In Progress,Invoice
103145,845,73,2026-06-20,Completed,Invoice
103146,346,73,2024-07-05,Cancelled,Invoice
103147,737,5,2026-04-02,Completed,Bank Transfer
103148,348,73,2026-03-01,Completed,Credit Card
103149,343,5,2026-03-18,Cancelled,Credit Card
103150,639,73,2024-02-14,In Progress,PayPal
103151,130,35,2023-10-10,Completed,Invoice
103152,757,2,2024-02-07,Completed,PayPal
103153,424,7,2024-12-30,Completed,PayPal
103154,311,68,2025-06-26,Completed,Bank Transfer
103155,838,2,2024-08-24,Cancelled,Bank Transfer
103156,31,7,2025-12-04,Completed,PayPal
103157,595,1,2026-03-04,Cancelled,PayPal
103158,991,5,2024-08-26,Completed,Credit Card
103159,430,68,2024-08-06,Completed,Credit Card
103160,62,2,2023-12-19,Cancelled,Invoice
103161,961,5,2025-09-27,Completed,PayPal
103162,652,2,2024-08-04,In Progress,Credit Card
103163,833,73,2023-12-07,In Progress,PayPal
103164,53,1,2024-12-05,Completed,Bank Transfer
103165,115,27,2023-09-21,Cancelled,Credit Card
103166,992,2,2024-03-23,Completed,Bank Transfer
103167,25,5,2025-06-29,In Progress,PayPal
103168,292,55,2025-10-13,Completed,PayPal
103169,247,35,2024-06-13,Completed,Credit Card
103170,131,72,2023-11-06,Completed,PayPal
103171,3,5,2023-10-14,Cancelled,PayPal
103172,110,72,2026-07-07,Completed,Bank Transfer
103173,976,68,2025-04-21,Completed,PayPal
103174,521,55,2024-03-22,Completed,Invoice
103175,760,73,2025-06-20,Completed,PayPal
103176,332,7,2025-02-07,In Progress,PayPal
103177,258,5,2025-03-13,Cancelled,Credit Card
103178,778,35,2024-04-24,Completed,PayPal
103179,199,1,2024-11-09,Completed,PayPal
103180,6,68,2024-02-21,Completed,PayPal
103181,430,2,2024-03-29,Completed,Invoice
103182,798,72,2024-08-21,Completed,Credit Card
103183,537,73,2025-10-12,Completed,Bank Transfer
103184,536,5,2025-10-11,Completed,Bank Transfer
103185,307,1,2024-10-09,Completed,Invoice
103186,542,72,2024-08-14,Completed,Invoice
103187,796,1,2024-10-25,Completed,Bank Transfer
103188,455,73,2025-03-09,Cancelled,Invoice
103189,523,35,2024-09-24,Completed,Invoice
103190,345,7,2026-07-02,Completed,Credit Card
103191,255,2,2024-07-11,Completed,Invoice
103192,673,7,2024-07-23,Completed,Invoice
103193,62,72,2025-09-21,In Progress,Bank Transfer
103194,123,7,2026-07-22,Completed,Credit Card
103195,97,7,2026-05-29,Completed,Bank Transfer
103196,361,2,2025-12-10,Completed,Credit Card
103197,543,35,2026-05-18,Completed,Bank Transfer
103198,844,55,2025-12-27,Completed,Bank Transfer
103199,562,72,2024-11-02,In Progress,Credit Card
103200,202,1,2023-08-03,Completed,Invoice
103201,749,27,2025-02-13,Completed,Bank Transfer
103202,499,2,2026-02-25,Completed,Invoice
103203,589,72,2024-09-04,Cancelled,Invoice
103204,276,72,2026-04-17,Cancelled,Credit Card
103205,1,2,2026-05-16,Completed,Bank Transfer
103206,939,35,2024-02-20,Completed,Credit Card
103207,390,1,2025-10-04,In Progress,Bank Transfer
103208,537,2,2023-08-06,Completed,Bank Transfer
103209,93,68,2023-08-10,Completed,Bank Transfer
103210,773,5,2025-11-18,Completed,PayPal
103211,667,35,2024-04-05,Completed,Invoice
103212,177,1,2024-02-29,Cancelled,PayPal
103213,678,27,2025-05-30,Completed,Bank Transfer
103214,504,55,2023-09-18,Completed,Bank Transfer
103215,897,68,2025-04-19,Cancelled,Credit Card
103216,332,1,2025-07-29,Completed,Credit Card
103217,86,73,2024-08-05,Cancelled,Invoice
103218,651,35,2025-12-17,In Progress,Invoice
103219,814,1,2024-04-17,Cancelled,Invoice
103220,874,7,2023-11-18,In Progress,Bank Transfer
103221,914,68,2024-08-03,Completed,PayPal
103222,511,35,2025-11-26,Completed,Bank Transfer
103223,629,7,2024-12-12,Completed,PayPal
103224,650,27,2024-08-18,In Progress,Invoice
103225,871,73,2024-09-13,Completed,Bank Transfer
103226,944,5,2023-11-10,In Progress,Credit Card
103227,39,27,2023-08-14,Completed,PayPal
103228,23,1,2024-10-15,Completed,Invoice
103229,688,2,2024-09-18,In Progress,Bank Transfer
103230,586,68,2024-02-04,Completed,Credit Card
103231,209,7,2024-03-30,Completed,Credit Card
103232,24,7,2026-02-12,Completed,Invoice
103233,1,73,2023-10-15,Completed,Invoice
103234,113,68,2023-09-06,In Progress,PayPal
103235,746,55,2026-03-11,Completed,Bank Transfer
103236,183,5,2025-03-24,Completed,Bank Transfer
103237,376,27,2024-07-27,Cancelled,PayPal
103238,789,7,2024-03-14,Completed,PayPal
103239,777,72,2024-08-11,Completed,Bank Transfer
103240,472,68,2024-12-29,Completed,Invoice
103241,987,72,2024-09-17,Completed,PayPal
103242,875,5,2024-04-29,Completed,Invoice
103243,131,68,2024-11-14,Cancelled,Bank Transfer
103244,519,7,2025-01-07,In Progress,Credit Card
103245,593,1,2025-12-03,Completed,Invoice
103246,963,1,2026-05-25,Completed,PayPal
103247,230,1,2023-08-13,Completed,PayPal
103248,46,68,2024-01-30,Completed,Invoice
103249,569,5,2025-09-26,Completed,PayPal
103250,851,27,2026-02-05,Completed,Credit Card
103251,829,5,2025-11-27,Completed,Invoice
103252,258,35,2024-11-28,Completed,Bank Transfer
103253,232,55,2025-03-03,In Progress,Bank Transfer
103254,899,73,2025-12-27,Completed,Credit Card
103255,530,1,2024-07-27,Completed,PayPal
103256,174,1,2024-01-04,Completed,Invoice
103257,135,68,2024-09-29,In Progress,PayPal
103258,936,2,2025-12-11,Completed,Bank Transfer
103259,82,35,2025-04-18,In Progress,PayPal
103260,42,55,2024-01-21,Completed,Invoice
103261,253,35,2025-06-19,Completed,Bank Transfer
103262,700,68,2024-03-04,Completed,Invoice
103263,583,68,2025-10-06,Completed,PayPal
103264,794,72,2025-06-12,In Progress,PayPal
103265,993,7,2024-03-27,Completed,Invoice
103266,57,5,2026-06-16,Completed,Bank Transfer
103267,95,1,2023-08-16,Completed,Bank Transfer
103268,558,73,2025-08-22,Completed,PayPal
103269,733,68,2024-01-25,Cancelled,Invoice
103270,827,73,2024-03-29,Completed,Bank Transfer
103271,967,1,2026-04-27,Completed,Bank Transfer
103272,364,1,2024-09-13,Cancelled,PayPal
103273,870,5,2024-01-30,Completed,Credit Card
103274,716,35,2023-09-06,Completed,PayPal
103275,149,68,2025-02-01,Completed,Credit Card
103276,120,7,2025-06-17,Cancelled,PayPal
103277,95,5,2026-02-04,Completed,Credit Card
103278,120,72,2024-02-07,Completed,Credit Card
103279,142,35,2025-05-22,In Progress,Bank Transfer
103280,515,72,2023-11-17,Completed,Invoice
103281,889,35,2024-03-26,In Progress,Bank Transfer
103282,376,68,2025-06-05,In Progress,Invoice
103283,346,55,2024-06-14,Completed,Credit Card
103284,536,5,2026-07-13,In Progress,Bank Transfer
103285,539,73,2024-08-28,Completed,PayPal
103286,896,55,2024-10-07,Cancelled,Invoice
103287,980,35,2023-11-07,Cancelled,Bank Transfer
103288,442,55,2024-05-04,In Progress,Invoice
103289,760,68,2025-07-07,Completed,Bank Transfer
103290,858,73,2023-11-17,Completed,Bank Transfer
103291,948,55,2023-11-01,Completed,Invoice
103292,431,5,2026-06-13,Completed,Bank Transfer
103293,90,55,2024-09-20,Cancelled,Invoice
103294,464,35,2026-05-07,In Progress,PayPal
103295,991,55,2025-04-06,Completed,Credit Card
103296,230,7,2025-08-28,Completed,PayPal
103297,239,72,2024-02-10,In Progress,Invoice
103298,849,72,2024-07-02,Completed,Invoice
103299,997,72,2026-06-07,Completed,PayPal
103300,793,27,2025-08-02,Completed,Invoice
103301,290,35,2025-06-19,Cancelled,Invoice
103302,428,68,2025-08-21,Completed,PayPal
103303,125,68,2024-03-14,Cancelled,PayPal
103304,870,2,2025-11-15,Completed,Invoice
103305,463,35,2024-10-16,Cancelled,PayPal
103306,768,73,2024-08-23,In Progress,Invoice
103307,235,1,2025-03-29,Completed,Invoice
103308,134,68,2024-03-01,Completed,Invoice
103309,683,5,2024-10-20,Completed,Credit Card
103310,179,72,2025-01-17,Completed,Bank Transfer
103311,733,1,2024-09-15,In Progress,Bank Transfer
103312,349,2,2023-11-15,In Progress,PayPal
103313,176,55,2025-11-22,Cancelled,Bank Transfer
103314,147,35,2024-09-30,Cancelled,Invoice
103315,55,5,2024-05-11,Completed,Bank Transfer
103316,941,27,2025-05-09,Cancelled,Credit Card
103317,843,27,2024-05-29,Completed,Bank Transfer
103318,126,73,2025-08-03,Completed,Credit Card
103319,277,1,2025-07-17,Completed,Credit Card
103320,665,2,2024-04-12,Cancelled,Bank Transfer
103321,976,55,2026-05-04,Completed,Invoice
103322,700,5,2025-10-19,Completed,Credit Card
103323,905,68,2023-10-30,Completed,Bank Transfer
103324,698,68,2024-03-07,Cancelled,Bank Transfer
103325,862,72,2026-01-25,Completed,Invoice
103326,326,1,2026-05-09,Cancelled,PayPal
103327,878,2,2024-01-09,Completed,Bank Transfer
103328,748,72,2026-05-12,Completed,PayPal
103329,283,55,2025-12-13,Cancelled,Bank Transfer
103330,535,1,2024-02-10,Completed,Bank Transfer
103331,525,35,2026-04-14,In Progress,Credit Card
103332,151,27,2024-06-12,Cancelled,PayPal
103333,251,7,2025-07-13,In Progress,Bank Transfer
103334,967,73,2025-02-14,Completed,Invoice
103335,440,35,2024-09-08,Completed,Invoice
103336,674,5,2025-01-07,Completed,Bank Transfer
103337,266,5,2025-09-29,In Progress,Credit Card
103338,445,68,2024-04-18,Completed,Bank Transfer
103339,596,55,2024-01-02,Cancelled,Credit Card
103340,622,1,2023-09-11,Cancelled,Credit Card
103341,55,55,2025-05-08,In Progress,Credit Card
103342,100,5,2023-09-15,Completed,PayPal
103343,240,27,2025-10-04,Cancelled,Invoice
103344,578,27,2025-08-07,In Progress,PayPal
103345,170,72,2024-12-17,In Progress,Bank Transfer
103346,135,35,2024-04-30,Completed,Bank Transfer
103347,750,68,2024-10-25,Completed,PayPal
103348,186,2,2024-10-09,Cancelled,Invoice
103349,517,5,2026-03-29,Completed,Bank Transfer
103350,646,35,2024-02-14,Completed,Invoice
103351,981,35,2025-04-14,Completed,PayPal
103352,500,5,2024-07-21,Completed,Bank Transfer
103353,230,68,2025-07-31,Completed,Invoice
103354,86,55,2024-04-11,In Progress,Credit Card
103355,766,27,2026-03-24,Completed,Bank Transfer
103356,508,72,2025-02-03,In Progress,PayPal
103357,631,35,2023-10-01,Cancelled,PayPal
103358,879,55,2023-09-22,Completed,Invoice
103359,768,27,2024-04-30,Completed,Invoice
103360,639,27,2024-03-15,Cancelled,Invoice
103361,184,68,2026-01-02,Cancelled,Credit Card
103362,288,5,2024-12-31,Completed,PayPal
103363,193,1,2025-07-09,Cancelled,Bank Transfer
103364,864,7,2025-08-31,Completed,Credit Card
103365,742,5,2024-05-31,Completed,PayPal
103366,670,1,2023-08-19,Completed,Bank Transfer
103367,175,7,2024-08-29,In Progress,Credit Card
103368,570,35,2026-06-02,Cancelled,Bank Transfer
103369,309,55,2024-01-15,Cancelled,Invoice
103370,227,27,2025-02-02,Completed,PayPal
103371,71,1,2024-09-03,Completed,Invoice
103372,399,72,2025-02-04,Cancelled,PayPal
103373,118,72,2025-01-12,Completed,Invoice
103374,470,35,2024-05-19,Cancelled,Bank Transfer
103375,598,73,2025-11-12,Cancelled,Invoice
103376,43,27,2024-07-27,Completed,Invoice
103377,644,7,2025-02-18,In Progress,PayPal
103378,740,73,2025-02-05,In Progress,Invoice
103379,4,35,2024-01-12,In Progress,Credit Card
103380,207,7,2026-03-01,Completed,PayPal
103381,538,35,2026-06-28,Completed,Credit Card
103382,968,35,2025-07-12,Completed,Credit Card
103383,658,35,2026-02-16,Cancelled,Invoice
103384,305,35,2024-08-18,Completed,Credit Card
103385,151,73,2023-09-06,Completed,Bank Transfer
103386,75,7,2025-11-26,Cancelled,PayPal
103387,224,35,2024-05-27,Completed,Bank Transfer
103388,399,1,2025-05-14,Completed,Invoice
103389,613,35,2024-06-18,Completed,Invoice
103390,714,72,2025-08-26,Completed,Bank Transfer
103391,857,27,2024-01-08,Completed,PayPal
103392,76,1,2024-01-26,In Progress,PayPal
103393,448,5,2024-02-01,In Progress,Credit Card
103394,853,5,2025-01-31,Cancelled,PayPal
103395,67,2,2024-07-24,Cancelled,Invoice
103396,381,5,2026-03-25,Completed,PayPal
103397,72,73,2025-01-15,In Progress,Bank Transfer
103398,798,7,2024-01-25,Completed,Invoice
103399,601,5,2024-03-15,Completed,Bank Transfer
103400,748,73,2024-04-20,In Progress,Invoice
103401,691,5,2024-09-13,In Progress,PayPal
103402,332,2,2025-12-08,Completed,Bank Transfer
103403,815,7,2026-05-23,In Progress,Invoice
103404,173,55,2024-12-12,Completed,Bank Transfer
103405,562,27,2024-03-28,Cancelled,Invoice
103406,29,72,2024-02-17,Completed,Bank Transfer
103407,719,1,2024-09-18,Completed,Bank Transfer
103408,800,1,2024-06-22,In Progress,Invoice
103409,558,35,2025-12-19,Completed,Bank Transfer
103410,856,72,2024-08-18,Completed,PayPal
103411,276,5,2024-12-15,Completed,Credit Card
103412,848,35,2024-03-03,In Progress,PayPal
103413,933,27,2026-02-28,In Progress,Invoice
103414,937,27,2024-07-15,Completed,Credit Card
103415,507,68,2025-01-08,Completed,Bank Transfer
103416,847,35,2023-08-23,Cancelled,Bank Transfer
103417,877,72,2023-10-02,Completed,Bank Transfer
103418,596,55,2026-06-15,In Progress,Credit Card
103419,400,55,2024-03-03,Completed,PayPal
103420,638,7,2026-04-04,In Progress,Bank Transfer
103421,590,68,2024-12-13,In Progress,Bank Transfer
103422,641,35,2024-08-30,Cancelled,PayPal
103423,297,1,2024-10-18,Cancelled,Invoice
103424,5,35,2024-08-20,Completed,Invoice
103425,968,1,2024-08-16,Completed,Credit Card
103426,225,68,2024-08-04,Cancelled,PayPal
103427,272,2,2024-08-16,In Progress,Invoice
103428,724,72,2023-08-15,Cancelled,Invoice
103429,284,27,2024-04-28,In Progress,PayPal
103430,417,7,2024-05-17,Completed,Invoice
103431,799,72,2025-02-10,Completed,PayPal
103432,513,35,2024-11-06,Completed,Invoice
103433,898,55,2024-02-16,Completed,Bank Transfer
103434,695,7,2025-12-20,Completed,Bank Transfer
103435,298,5,2024-04-06,In Progress,Invoice
103436,512,55,2025-05-20,Completed,Invoice
103437,643,55,2024-10-13,In Progress,Invoice
103438,934,7,2025-10-05,Cancelled,Credit Card
103439,610,27,2024-12-29,Completed,Bank Transfer
103440,815,1,2023-08-02,Completed,Invoice
103441,376,1,2025-05-27,Cancelled,Credit Card
103442,863,73,2023-08-18,Cancelled,Bank Transfer
103443,125,7,2023-12-16,Completed,Bank Transfer
103444,290,72,2023-12-03,Cancelled,Credit Card
103445,508,72,2025-10-06,Cancelled,Credit Card
103446,84,68,2025-04-27,Completed,Invoice
103447,867,55,2024-06-03,Completed,Invoice
103448,867,27,2025-06-19,Cancelled,Invoice
103449,874,1,2024-01-21,Completed,Credit Card
103450,841,1,2023-10-29,Completed,Invoice
103451,541,5,2026-05-06,Completed,Credit Card
103452,274,73,2024-07-05,Completed,Credit Card
103453,638,35,2024-09-27,Completed,Invoice
103454,436,35,2026-02-12,Completed,Credit Card
103455,378,55,2023-11-05,Cancelled,Bank Transfer
103456,442,7,2025-05-14,In Progress,PayPal
103457,75,73,2025-02-04,In Progress,Invoice
103458,872,5,2023-09-22,Completed,PayPal
103459,664,55,2024-08-17,Completed,Credit Card
103460,787,1,2024-11-28,Completed,PayPal
103461,233,73,2024-12-29,Completed,PayPal
103462,264,68,2025-01-19,Completed,Credit Card
103463,109,72,2024-02-03,Cancelled,Bank Transfer
103464,875,1,2025-12-23,Completed,Invoice
103465,612,68,2025-03-11,Completed,Bank Transfer
103466,113,7,2024-10-08,Completed,Invoice
103467,28,5,2026-03-16,In Progress,Invoice
103468,941,7,2026-02-18,Completed,Invoice
103469,763,73,2025-11-24,Completed,Bank Transfer
103470,111,73,2026-06-12,Completed,PayPal
103471,997,35,2025-07-20,Cancelled,Bank Transfer
103472,496,68,2025-01-06,Completed,Invoice
103473,489,73,2025-02-08,Cancelled,PayPal
103474,9,72,2024-10-01,In Progress,Bank Transfer
103475,566,35,2025-08-19,Completed,Bank Transfer
103476,400,72,2023-08-19,Completed,PayPal
103477,470,27,2026-01-12,Completed,Credit Card
103478,786,2,2025-08-07,Cancelled,Credit Card
103479,28,1,2025-06-27,In Progress,Invoice
103480,736,35,2025-09-10,Completed,Invoice
103481,53,55,2026-02-06,In Progress,Bank Transfer
103482,657,1,2024-07-14,Completed,Credit Card
103483,473,1,2025-04-19,Completed,Credit Card
103484,130,68,2024-06-28,Completed,Bank Transfer
103485,299,72,2024-10-22,Completed,Bank Transfer
103486,809,73,2025-11-19,Completed,Invoice
103487,691,2,2024-11-18,In Progress,Invoice
103488,899,1,2025-02-22,Completed,Invoice
103489,323,2,2026-02-10,Completed,Invoice
103490,686,27,2023-12-02,Completed,Bank Transfer
103491,198,7,2025-05-22,Completed,PayPal
103492,596,1,2025-03-11,In Progress,Invoice
103493,98,68,2025-03-25,In Progress,Bank Transfer
103494,792,1,2025-08-09,Cancelled,Invoice
103495,609,55,2025-04-13,In Progress,PayPal
103496,217,55,2023-09-19,In Progress,Bank Transfer
103497,684,72,2025-02-25,In Progress,Bank Transfer
103498,172,55,2025-02-04,Completed,Bank Transfer
103499,98,5,2026-04-18,Completed,Bank Transfer
103500,257,27,2024-08-26,Completed,PayPal
103501,564,68,2026-02-16,Completed,Bank Transfer
103502,601,27,2025-11-07,Completed,Bank Transfer
103503,737,72,2025-10-28,Cancelled,Bank Transfer
103504,338,35,2025-03-17,Completed,Invoice
103505,121,73,2026-04-15,Completed,PayPal
103506,454,68,2025-09-26,Completed,PayPal
103507,623,1,2025-06-08,Completed,PayPal
103508,960,73,2023-08-03,Completed,Bank Transfer
103509,855,5,2025-12-16,Completed,Bank Transfer
103510,651,2,2026-05-25,In Progress,Credit Card
103511,895,7,2024-12-09,In Progress,Bank Transfer
103512,31,27,2025-04-10,In Progress,PayPal
103513,235,7,2025-10-20,Completed,Invoice
103514,319,72,2026-06-19,Completed,Invoice
103515,105,1,2024-07-24,In Progress,Bank Transfer
103516,94,2,2024-11-21,Completed,PayPal
103517,477,72,2025-08-22,Completed,PayPal
103518,152,2,2023-09-15,In Progress,PayPal
103519,671,1,2024-10-30,Completed,PayPal
103520,336,7,2025-07-27,Completed,PayPal
103521,435,35,2025-02-02,Completed,PayPal
103522,337,5,2025-06-07,Completed,Invoice
103523,360,27,2026-07-23,Cancelled,Bank Transfer
103524,571,68,2023-10-01,Completed,Invoice
103525,676,72,2026-01-04,Completed,Bank Transfer
103526,498,1,2023-08-25,Completed,PayPal
103527,713,5,2023-12-25,Completed,Invoice
103528,932,55,2023-09-25,Completed,Bank Transfer
103529,985,7,2024-11-20,Completed,Bank Transfer
103530,396,68,2024-01-19,In Progress,Bank Transfer
103531,500,2,2025-03-08,Completed,Credit Card
103532,411,5,2024-04-08,Completed,PayPal
103533,936,2,2024-07-04,Completed,Bank Transfer
103534,466,27,2025-09-08,Completed,Bank Transfer
103535,487,68,2024-03-22,Completed,Invoice
103536,384,5,2026-04-23,In Progress,Invoice
103537,29,1,2024-04-29,In Progress,Credit Card
103538,798,55,2024-05-28,Completed,Bank Transfer
103539,109,72,2025-03-10,Cancelled,Bank Transfer
103540,283,1,2025-08-08,Completed,Bank Transfer
103541,642,7,2026-04-30,Completed,Credit Card
103542,278,27,2023-11-27,Completed,Credit Card
103543,714,27,2026-01-29,Cancelled,Invoice
103544,380,73,2025-10-13,In Progress,PayPal
103545,985,27,2023-08-27,Completed,PayPal
103546,993,72,2026-04-11,Completed,Credit Card
103547,191,35,2026-07-04,In Progress,Invoice
103548,196,72,2024-09-06,Completed,Invoice
103549,709,73,2026-04-07,In Progress,Bank Transfer
103550,806,5,2024-09-12,Completed,Bank Transfer
103551,647,2,2024-07-18,In Progress,Bank Transfer
103552,462,1,2026-01-28,Completed,Credit Card
103553,423,5,2024-06-02,Completed,Bank Transfer
103554,414,1,2024-03-23,Cancelled,Bank Transfer
103555,604,27,2024-07-25,Completed,Invoice
103556,649,72,2025-03-05,Completed,PayPal
103557,546,1,2025-05-16,Completed,Bank Transfer
103558,934,68,2024-04-07,Completed,Invoice
103559,428,35,2026-07-19,Completed,Invoice
103560,759,5,2024-11-08,Completed,PayPal
103561,847,5,2026-06-15,Completed,PayPal
103562,674,55,2026-01-07,Completed,Invoice
103563,42,27,2025-12-07,In Progress,Bank Transfer
103564,214,73,2025-04-18,Completed,Bank Transfer
103565,531,2,2023-07-30,Cancelled,Credit Card
103566,125,55,2024-04-22,Cancelled,Credit Card
103567,748,7,2025-06-11,Completed,Bank Transfer
103568,269,2,2025-08-30,Completed,Bank Transfer
103569,878,73,2026-01-17,Completed,Invoice
103570,750,5,2026-02-19,In Progress,Bank Transfer
103571,561,1,2026-01-27,Cancelled,Bank Transfer
103572,916,2,2025-12-15,Completed,PayPal
103573,202,7,2023-11-16,Completed,Invoice
103574,745,55,2025-02-19,Cancelled,PayPal
103575,881,68,2025-02-16,Completed,PayPal
103576,558,1,2025-06-26,In Progress,Bank Transfer
103577,683,7,2025-01-15,Completed,Invoice
103578,348,73,2026-01-22,Completed,Credit Card
103579,750,2,2024-04-14,Cancelled,Invoice
103580,315,27,2024-08-12,In Progress,Credit Card
103581,485,7,2023-12-13,Completed,Invoice
103582,294,72,2024-03-21,Completed,Bank Transfer
103583,788,27,2023-08-10,Cancelled,Credit Card
103584,552,72,2025-04-12,Cancelled,PayPal
103585,710,68,2024-11-23,In Progress,PayPal
103586,749,55,2026-03-29,Completed,Credit Card
103587,849,5,2024-04-19,Completed,Bank Transfer
103588,664,73,2024-06-01,Completed,Invoice
103589,300,1,2024-10-15,Completed,Invoice
103590,557,7,2026-03-26,In Progress,Bank Transfer
103591,868,68,2025-08-31,Cancelled,Invoice
103592,27,27,2025-11-10,Completed,Invoice
103593,859,5,2023-10-23,Completed,Invoice
103594,163,73,2025-03-07,Completed,Bank Transfer
103595,765,2,2025-04-23,Completed,Credit Card
103596,871,68,2023-11-10,Completed,PayPal
103597,911,35,2023-11-02,Cancelled,Invoice
103598,557,27,2023-09-03,Completed,Bank Transfer
103599,776,5,2025-06-29,Completed,Invoice
103600,255,5,2024-06-07,In Progress,PayPal
103601,484,73,2025-06-10,Completed,Credit Card
103602,552,7,2025-07-24,Completed,PayPal
103603,176,1,2024-02-01,In Progress,Credit Card
103604,954,7,2024-05-12,Completed,Invoice
103605,877,7,2025-05-17,Completed,Invoice
103606,362,73,2023-12-15,Completed,Invoice
103607,446,68,2024-07-13,Completed,PayPal
103608,397,68,2025-04-13,Completed,Credit Card
103609,94,55,2024-08-01,Completed,Credit Card
103610,763,7,2024-10-24,In Progress,Credit Card
103611,486,73,2023-09-25,Completed,Invoice
103612,796,68,2025-10-23,Completed,Invoice
103613,796,5,2024-09-24,Completed,PayPal
103614,557,55,2025-02-25,In Progress,Bank Transfer
103615,615,5,2026-06-07,Cancelled,Bank Transfer
103616,583,1,2026-07-07,Cancelled,PayPal
103617,577,68,2024-08-18,Completed,Credit Card
103618,96,68,2025-11-28,Completed,Credit Card
103619,80,27,2023-10-29,Completed,Invoice
103620,634,35,2024-04-05,Completed,Invoice
103621,425,73,2025-03-12,Completed,Invoice
103622,139,68,2025-02-02,Cancelled,Credit Card
103623,786,2,2025-07-16,Cancelled,Bank Transfer
103624,981,27,2024-11-24,Completed,Bank Transfer
103625,782,68,2025-10-24,In Progress,PayPal
103626,618,72,2026-05-30,Cancelled,Invoice
103627,542,73,2024-03-02,Completed,Credit Card
103628,422,68,2025-03-09,Cancelled,Invoice
103629,912,5,2025-06-25,In Progress,Invoice
103630,312,35,2025-11-26,In Progress,Invoice
103631,771,1,2025-12-03,Completed,PayPal
103632,412,7,2025-04-26,Completed,Credit Card
103633,522,72,2025-07-04,In Progress,Bank Transfer
103634,669,73,2025-03-22,In Progress,Bank Transfer
103635,941,1,2025-01-12,Cancelled,Credit Card
103636,601,5,2023-09-03,Completed,Invoice
103637,625,5,2023-10-07,Completed,Bank Transfer
103638,167,73,2023-08-18,Completed,Bank Transfer
103639,581,55,2025-12-18,Cancelled,Bank Transfer
103640,166,35,2024-06-10,Completed,PayPal
103641,475,55,2023-10-14,Completed,Credit Card
103642,508,27,2026-01-27,In Progress,Bank Transfer
103643,634,2,2026-03-30,Completed,Credit Card
103644,90,1,2023-10-11,Completed,Invoice
103645,883,35,2024-12-27,Completed,Invoice
103646,860,7,2024-04-02,Completed,PayPal
103647,85,72,2023-09-12,Completed,PayPal
103648,186,1,2025-12-27,In Progress,Bank Transfer
103649,146,5,2024-04-11,Completed,Invoice
103650,638,2,2025-11-09,Completed,Bank Transfer
103651,95,35,2024-06-02,Cancelled,Invoice
103652,600,72,2025-11-08,In Progress,Bank Transfer
103653,610,7,2026-04-29,In Progress,Bank Transfer
103654,413,7,2025-10-08,Completed,PayPal
103655,913,35,2023-10-24,In Progress,Credit Card
103656,16,27,2023-11-05,Completed,Credit Card
103657,464,5,2024-11-12,Completed,PayPal
103658,826,27,2023-09-26,In Progress,Bank Transfer
103659,63,27,2025-06-30,Completed,Credit Card
103660,634,72,2025-11-03,Completed,Credit Card
103661,201,68,2025-12-25,Completed,Credit Card
103662,667,5,2025-09-07,Completed,PayPal
103663,240,68,2024-07-22,Completed,PayPal
103664,781,72,2026-06-14,In Progress,Invoice
103665,283,72,2025-04-13,Completed,Invoice
103666,788,1,2025-02-20,Completed,Bank Transfer
103667,258,72,2026-03-23,Completed,PayPal
103668,281,5,2026-05-02,Completed,Bank Transfer
103669,482,7,2023-07-28,Completed,Invoice
103670,137,68,2025-05-22,In Progress,PayPal
103671,172,27,2025-08-05,Completed,Credit Card
103672,808,5,2024-11-15,In Progress,PayPal
103673,989,72,2024-09-02,Completed,Bank Transfer
103674,268,5,2026-02-17,Completed,PayPal
103675,570,72,2025-12-15,Completed,PayPal
103676,792,72,2025-06-02,In Progress,Invoice
103677,374,27,2026-03-04,Completed,PayPal
103678,42,7,2024-12-06,In Progress,Credit Card
103679,40,1,2025-12-04,Completed,PayPal
103680,320,72,2025-12-14,Completed,PayPal
103681,195,72,2025-05-03,Completed,Invoice
103682,82,27,2025-01-09,Cancelled,Credit Card
103683,916,55,2025-01-13,Completed,Bank Transfer
103684,124,1,2026-03-21,Completed,Invoice
103685,451,68,2024-07-05,Completed,PayPal
103686,931,2,2024-08-31,Cancelled,Bank Transfer
103687,824,68,2024-09-14,Completed,Credit Card
103688,624,73,2024-09-13,Completed,Credit Card
103689,910,1,2024-10-22,In Progress,Invoice
103690,375,7,2025-07-07,Completed,Credit Card
103691,628,27,2026-05-26,In Progress,Invoice
103692,722,1,2026-01-29,Cancelled,PayPal
103693,231,68,2025-06-18,In Progress,Invoice
103694,953,1,2025-12-12,Completed,Invoice
103695,256,72,2025-04-27,Completed,PayPal
103696,602,35,2025-05-29,Completed,PayPal
103697,662,2,2026-04-25,Completed,Credit Card
103698,95,5,2024-01-16,Cancelled,Invoice
103699,725,7,2026-03-30,In Progress,Credit Card
103700,811,5,2024-11-19,Cancelled,Credit Card
103701,989,2,2023-12-20,In Progress,Credit Card
103702,995,73,2024-12-09,Completed,Invoice
103703,35,68,2025-10-01,Cancelled,Bank Transfer
103704,223,2,2024-01-10,Completed,Bank Transfer
103705,995,68,2023-09-06,Completed,Bank Transfer
103706,690,55,2025-02-11,Cancelled,PayPal
103707,31,68,2026-06-11,Completed,PayPal
103708,790,2,2023-11-20,Cancelled,Credit Card
103709,728,5,2025-03-19,Completed,Bank Transfer
103710,903,35,2024-04-28,Completed,PayPal
103711,80,27,2025-11-05,In Progress,PayPal
103712,16,5,2024-08-13,Completed,PayPal
103713,22,68,2024-08-05,In Progress,Bank Transfer
103714,365,1,2024-11-05,Completed,Bank Transfer
103715,684,27,2024-04-02,Completed,Invoice
103716,475,35,2025-03-20,Completed,Invoice
103717,304,1,2024-05-31,Completed,Invoice
103718,169,1,2025-04-11,Completed,Invoice
103719,758,72,2024-06-21,In Progress,Bank Transfer
103720,681,72,2024-01-25,Completed,PayPal
103721,687,72,2024-02-14,Completed,PayPal
103722,258,55,2025-11-03,Completed,PayPal
103723,488,2,2023-09-24,Completed,Bank Transfer
103724,400,7,2025-07-17,Cancelled,Invoice
103725,978,68,2025-06-24,In Progress,Bank Transfer
103726,569,2,2023-09-13,Completed,PayPal
103727,626,68,2024-06-04,Cancelled,Bank Transfer
103728,508,35,2024-05-18,Completed,Bank Transfer
103729,32,2,2025-02-10,Completed,PayPal
103730,98,68,2026-02-04,Completed,PayPal
103731,26,1,2024-05-26,Completed,PayPal
103732,202,72,2023-08-28,Completed,Bank Transfer
103733,168,72,2025-04-08,Completed,Invoice
103734,906,27,2024-05-04,Completed,Bank Transfer
103735,844,68,2024-02-09,Completed,Invoice
103736,195,72,2026-05-22,Completed,PayPal
103737,531,72,2026-01-01,In Progress,Bank Transfer
103738,110,72,2024-10-10,In Progress,Bank Transfer
103739,645,2,2026-05-24,Cancelled,Invoice
103740,367,2,2026-01-03,Completed,Credit Card
103741,868,7,2024-10-10,Cancelled,Bank Transfer
103742,308,7,2023-09-20,In Progress,Invoice
103743,940,55,2024-06-29,Completed,PayPal
103744,919,7,2024-06-03,Completed,Invoice
103745,144,27,2026-05-02,Completed,PayPal
103746,577,27,2023-09-30,Cancelled,Bank Transfer
103747,875,5,2025-07-23,Completed,Invoice
103748,458,1,2024-04-01,Cancelled,Invoice
103749,676,27,2023-11-09,Completed,Invoice
103750,140,7,2025-10-24,Completed,Bank Transfer
103751,318,1,2024-02-23,Completed,PayPal
103752,418,1,2024-04-28,In Progress,Credit Card
103753,857,7,2023-09-16,Completed,Invoice
103754,731,68,2025-07-13,Completed,Invoice
103755,474,55,2026-07-24,Completed,Bank Transfer
103756,786,68,2026-01-31,Cancelled,PayPal
103757,807,7,2024-08-29,Cancelled,Credit Card
103758,352,55,2024-11-18,Completed,PayPal
103759,78,35,2026-05-03,Completed,Bank Transfer
103760,795,27,2024-03-22,Completed,Bank Transfer
103761,17,27,2023-09-09,In Progress,Credit Card
103762,149,73,2024-08-30,Completed,Bank Transfer
103763,37,55,2025-08-19,Completed,Bank Transfer
103764,703,68,2025-04-08,Cancelled,Invoice
103765,340,55,2025-09-07,In Progress,Credit Card
103766,786,1,2026-04-01,Completed,PayPal
103767,6,27,2025-06-22,Completed,Bank Transfer
103768,654,72,2026-03-21,Completed,Invoice
103769,605,2,2026-07-01,Cancelled,Invoice
103770,330,2,2025-03-05,Completed,Credit Card
103771,36,7,2025-09-25,Completed,PayPal
103772,974,27,2025-05-02,Completed,Invoice
103773,280,35,2023-12-27,Cancelled,Invoice
103774,634,27,2024-06-11,Completed,PayPal
103775,724,73,2025-09-11,Completed,Credit Card
103776,270,2,2024-06-08,Completed,Credit Card
103777,790,2,2025-04-17,In Progress,Bank Transfer
103778,135,1,2025-01-20,Completed,Invoice
103779,688,73,2026-07-02,Cancelled,Invoice
103780,680,1,2023-11-05,Completed,Bank Transfer
103781,885,1,2025-07-14,Completed,PayPal
103782,724,35,2026-01-09,In Progress,Bank Transfer
103783,741,72,2024-01-25,In Progress,Credit Card
103784,684,5,2023-08-26,Cancelled,Invoice
103785,924,35,2023-09-23,Completed,PayPal
103786,58,5,2023-11-19,In Progress,Bank Transfer
103787,754,68,2024-08-17,Cancelled,Bank Transfer
103788,985,1,2024-11-19,Completed,Bank Transfer
103789,168,7,2025-11-04,Completed,Bank Transfer
103790,81,73,2026-01-11,In Progress,Bank Transfer
103791,108,5,2025-05-26,Cancelled,Credit Card
103792,316,7,2025-07-13,Completed,PayPal
103793,107,7,2023-12-17,Completed,Invoice
103794,961,5,2025-05-26,In Progress,Invoice
103795,836,5,2024-02-11,Completed,Invoice
103796,612,35,2025-03-30,In Progress,Invoice
103797,608,1,2026-04-24,In Progress,Credit Card
103798,229,1,2025-04-16,In Progress,Bank Transfer
103799,906,73,2023-12-06,Completed,Credit Card
103800,12,55,2024-10-07,Completed,PayPal
103801,995,72,2024-09-08,In Progress,Credit Card
103802,149,35,2025-07-16,Completed,PayPal
103803,538,35,2025-10-30,Completed,Invoice
103804,113,68,2023-10-27,Completed,Credit Card
103805,271,7,2023-10-01,Completed,Credit Card
103806,456,73,2025-12-12,Cancelled,Invoice
103807,206,68,2024-11-26,Cancelled,Credit Card
103808,958,7,2024-10-25,In Progress,Invoice
103809,941,27,2024-04-14,Completed,Bank Transfer
103810,658,55,2024-03-15,In Progress,Credit Card
103811,689,35,2024-03-20,In Progress,PayPal
103812,999,5,2025-11-13,Completed,PayPal
103813,158,55,2023-12-08,In Progress,Credit Card
103814,76,7,2024-09-22,Cancelled,Invoice
103815,367,1,2025-06-15,Completed,Credit Card
103816,482,27,2024-03-19,Completed,PayPal
103817,253,1,2024-12-19,Completed,Bank Transfer
103818,568,5,2026-07-12,Completed,Credit Card
103819,608,68,2024-11-05,Completed,PayPal
103820,643,2,2025-04-29,Completed,PayPal
103821,962,68,2024-10-23,Cancelled,Credit Card
103822,826,73,2025-06-18,Completed,PayPal
103823,125,55,2026-01-21,In Progress,PayPal
103824,979,1,2026-01-12,Completed,Invoice
103825,606,35,2026-04-29,Completed,Credit Card
103826,169,7,2025-06-06,Completed,Credit Card
103827,397,35,2025-08-10,Cancelled,Invoice
103828,835,55,2025-01-02,Cancelled,Bank Transfer
103829,920,68,2026-03-24,Completed,Credit Card
103830,342,1,2025-12-16,Cancelled,Credit Card
103831,850,73,2025-01-30,Completed,PayPal
103832,937,55,2025-10-25,Completed,PayPal
103833,610,5,2026-04-22,Completed,Credit Card
103834,75,5,2024-08-25,Completed,Bank Transfer
103835,121,68,2024-10-10,Completed,Credit Card
103836,733,7,2025-06-13,In Progress,Invoice
103837,499,73,2024-08-24,Completed,PayPal
103838,197,2,2024-03-03,Completed,Bank Transfer
103839,885,5,2024-01-30,Completed,PayPal
103840,963,5,2025-08-17,Cancelled,Bank Transfer
103841,596,7,2026-04-25,Completed,Credit Card
103842,534,35,2024-03-26,Completed,Invoice
103843,909,35,2026-06-21,Completed,PayPal
103844,917,68,2024-06-29,Completed,Bank Transfer
103845,285,68,2025-03-25,Cancelled,Invoice
103846,39,68,2025-01-01,Cancelled,PayPal
103847,74,2,2025-06-10,Completed,Invoice
103848,495,55,2025-02-18,Completed,Bank Transfer
103849,223,1,2025-01-22,Completed,Invoice
103850,121,2,2026-01-19,Completed,PayPal
103851,444,35,2024-07-22,Completed,Invoice
103852,181,7,2024-08-30,In Progress,PayPal
103853,630,27,2024-12-25,Completed,Invoice
103854,56,35,2025-12-12,Completed,Invoice
103855,607,35,2023-08-29,Cancelled,Bank Transfer
103856,279,68,2026-02-07,In Progress,Invoice
103857,995,68,2026-01-18,In Progress,Invoice
103858,329,73,2024-08-16,Completed,PayPal
103859,393,27,2026-06-25,Completed,PayPal
103860,781,68,2025-09-22,Completed,Credit Card
103861,78,68,2025-04-11,Completed,Bank Transfer
103862,188,55,2025-08-06,Completed,PayPal
103863,956,2,2024-07-20,Cancelled,Credit Card
103864,254,1,2023-11-22,Completed,Credit Card
103865,489,68,2023-07-30,In Progress,PayPal
103866,814,1,2025-01-16,Completed,PayPal
103867,41,35,2024-09-17,In Progress,PayPal
103868,464,35,2024-12-01,Completed,Bank Transfer
103869,832,68,2024-08-03,In Progress,Credit Card
103870,414,68,2025-12-11,Completed,Invoice
103871,975,55,2025-09-27,Completed,PayPal
103872,897,73,2025-04-21,Completed,Bank Transfer
103873,210,7,2026-06-17,Completed,Invoice
103874,360,72,2024-01-22,Completed,Credit Card
103875,261,7,2025-01-07,Completed,PayPal
103876,620,5,2024-12-10,In Progress,Credit Card
103877,406,73,2025-10-18,Completed,Invoice
103878,339,35,2025-09-26,Completed,Bank Transfer
103879,424,1,2025-03-10,Completed,Invoice
103880,832,55,2025-07-28,Completed,Credit Card
103881,79,73,2024-01-17,Completed,PayPal
103882,809,2,2024-03-05,Completed,Credit Card
103883,703,27,2023-08-18,Cancelled,Credit Card
103884,971,35,2025-06-06,Completed,PayPal
103885,128,72,2026-04-10,In Progress,PayPal
103886,804,1,2025-08-30,Cancelled,Bank Transfer
103887,342,27,2024-07-23,Completed,PayPal
103888,361,73,2024-10-30,Cancelled,Credit Card
103889,328,68,2025-01-08,In Progress,Credit Card
103890,641,73,2025-04-12,Completed,PayPal
103891,158,35,2025-04-12,Completed,Invoice
103892,322,73,2025-10-21,Completed,Bank Transfer
103893,455,2,2024-03-05,Completed,PayPal
103894,443,68,2024-07-04,Completed,Bank Transfer
103895,64,5,2023-09-20,Completed,Invoice
103896,349,2,2024-08-11,In Progress,Bank Transfer
103897,833,73,2024-04-29,Completed,Invoice
103898,331,72,2023-10-08,Completed,Credit Card
103899,167,5,2025-11-23,Completed,PayPal
103900,693,5,2023-07-27,Completed,Invoice
103901,987,35,2024-02-04,Completed,Bank Transfer
103902,574,1,2025-03-02,Completed,Credit Card
103903,305,27,2025-09-13,In Progress,Credit Card
103904,164,68,2023-11-06,In Progress,PayPal
103905,800,68,2024-09-10,Completed,Bank Transfer
103906,324,1,2025-10-07,Cancelled,Bank Transfer
103907,662,72,2024-09-13,Completed,Credit Card
103908,335,5,2025-11-27,Completed,Credit Card
103909,833,35,2026-06-01,Completed,Invoice
103910,293,73,2026-07-14,Completed,Invoice
103911,240,1,2026-06-23,Completed,PayPal
103912,828,55,2026-05-23,In Progress,PayPal
103913,491,2,2025-12-22,Completed,Invoice
103914,353,35,2024-04-14,Completed,Credit Card
103915,935,73,2026-04-21,Completed,Invoice
103916,362,7,2023-12-29,In Progress,Bank Transfer
103917,420,27,2026-05-09,Cancelled,Invoice
103918,473,35,2023-10-24,Completed,Credit Card
103919,207,73,2026-03-01,Completed,Invoice
103920,741,2,2025-07-06,Completed,PayPal
103921,429,73,2025-11-14,Completed,Credit Card
103922,150,35,2024-04-12,Completed,PayPal
103923,606,2,2024-04-09,Cancelled,Invoice
103924,779,55,2023-12-27,In Progress,Bank Transfer
103925,730,5,2025-04-01,Completed,PayPal
103926,12,72,2024-12-09,Completed,Credit Card
103927,888,5,2026-07-18,Completed,Credit Card
103928,952,7,2024-07-06,Completed,Bank Transfer
103929,572,68,2025-06-24,Cancelled,Bank Transfer
103930,336,2,2025-02-22,Completed,Bank Transfer
103931,518,1,2025-03-28,In Progress,Credit Card
103932,830,73,2025-02-03,Completed,PayPal
103933,926,55,2024-05-05,Cancelled,PayPal
103934,704,5,2023-10-12,Completed,PayPal
103935,409,27,2025-05-15,Completed,Bank Transfer
103936,642,2,2024-10-20,Completed,Invoice
103937,996,7,2025-07-08,In Progress,Bank Transfer
103938,482,1,2024-10-06,Cancelled,Credit Card
103939,386,73,2023-10-11,Completed,Bank Transfer
103940,158,5,2023-12-23,Completed,Invoice
103941,827,5,2025-08-17,Completed,Bank Transfer
103942,575,7,2024-11-23,Completed,Credit Card
103943,382,72,2025-03-20,Completed,Invoice
103944,379,73,2026-01-12,Cancelled,Credit Card
103945,799,5,2025-11-22,In Progress,Bank Transfer
103946,257,73,2025-10-23,Completed,Bank Transfer
103947,670,7,2025-03-25,Completed,Credit Card
103948,396,72,2025-05-12,Cancelled,Credit Card
103949,141,1,2024-11-13,In Progress,PayPal
103950,526,68,2024-05-06,Completed,PayPal
103951,827,1,2025-08-20,Completed,PayPal
103952,102,7,2023-12-29,Cancelled,PayPal
103953,688,5,2024-08-05,Completed,Credit Card
103954,155,27,2026-03-31,In Progress,PayPal
103955,594,7,2024-04-05,In Progress,Bank Transfer
103956,582,68,2024-06-22,Completed,Bank Transfer
103957,743,2,2025-03-06,Completed,PayPal
103958,142,73,2024-02-10,Completed,PayPal
103959,582,55,2026-04-25,Cancelled,PayPal
103960,32,73,2026-04-10,Completed,Bank Transfer
103961,279,27,2025-01-23,Cancelled,PayPal
103962,569,27,2025-11-09,Cancelled,PayPal
103963,178,55,2023-10-12,Completed,PayPal
103964,450,73,2026-02-01,Completed,PayPal
103965,93,1,2026-03-18,Completed,Invoice
103966,543,1,2026-06-16,Completed,Bank Transfer
103967,199,1,2024-07-02,Completed,PayPal
103968,830,2,2024-02-02,Completed,Invoice
103969,705,5,2023-12-14,In Progress,Invoice
103970,777,68,2025-01-28,Completed,PayPal
103971,562,68,2025-07-29,Completed,Invoice
103972,890,5,2026-05-08,Completed,Credit Card
103973,445,55,2024-01-10,Cancelled,Credit Card
103974,165,55,2025-09-19,Completed,PayPal
103975,488,73,2024-03-23,Cancelled,Invoice
103976,89,27,2025-08-26,In Progress,Credit Card
103977,944,35,2024-10-19,Cancelled,Bank Transfer
103978,680,72,2025-06-22,In Progress,Credit Card
103979,866,27,2026-01-20,Completed,PayPal
103980,616,2,2024-01-08,Completed,PayPal
103981,2,7,2025-09-23,In Progress,Bank Transfer
103982,976,72,2024-07-27,In Progress,Credit Card
103983,841,5,2024-11-15,Completed,Bank Transfer
103984,544,55,2023-08-05,In Progress,Credit Card
103985,461,27,2024-06-04,Completed,Invoice
103986,823,7,2024-12-15,Completed,PayPal
103987,538,68,2026-06-29,In Progress,PayPal
103988,661,72,2023-12-22,Completed,Credit Card
103989,456,1,2026-01-12,Cancelled,Bank Transfer
103990,778,27,2026-02-15,Completed,Credit Card
103991,693,72,2026-04-13,Completed,Credit Card
103992,91,68,2023-12-29,Completed,PayPal
103993,481,55,2024-06-13,Completed,PayPal
103994,757,1,2026-04-15,Cancelled,Bank Transfer
103995,754,27,2025-03-18,Completed,Credit Card
103996,932,72,2025-04-09,Completed,Credit Card
103997,745,1,2023-09-01,Cancelled,Bank Transfer
103998,724,55,2023-11-09,Completed,Bank Transfer
103999,822,73,2023-11-18,Completed,Bank Transfer
104000,397,72,2023-08-04,Completed,Bank Transfer
104001,912,55,2026-04-25,Cancelled,PayPal
104002,439,2,2023-08-24,In Progress,Bank Transfer
104003,38,7,2026-03-12,Completed,Invoice
104004,339,2,2024-12-02,Completed,Credit Card
104005,500,55,2026-01-06,Cancelled,Credit Card
104006,275,7,2024-11-28,Completed,PayPal
104007,642,72,2023-09-12,Cancelled,Credit Card
104008,677,68,2024-11-14,Completed,Bank Transfer
104009,41,73,2025-04-08,In Progress,PayPal
104010,878,72,2026-03-31,In Progress,Invoice
104011,195,73,2026-01-14,Cancelled,Bank Transfer
104012,332,73,2025-03-03,Cancelled,Bank Transfer
104013,755,68,2026-01-15,Completed,PayPal
104014,253,1,2025-12-20,Completed,PayPal
104015,651,7,2026-07-21,In Progress,Credit Card
104016,924,5,2024-12-04,Completed,Credit Card
104017,800,55,2023-08-28,Completed,Bank Transfer
104018,881,72,2023-08-25,Completed,Credit Card
104019,51,7,2025-01-18,Completed,Bank Transfer
104020,101,72,2025-10-04,In Progress,PayPal
104021,48,5,2025-11-16,In Progress,Credit Card
104022,789,35,2023-08-15,In Progress,Invoice
104023,454,68,2025-04-18,In Progress,PayPal
104024,171,72,2025-08-13,Cancelled,Invoice
104025,991,5,2024-04-11,In Progress,Invoice
104026,915,72,2026-07-15,In Progress,Bank Transfer
104027,141,1,2026-06-04,Completed,Bank Transfer
104028,506,5,2023-12-12,Completed,Invoice
104029,483,68,2024-02-11,Completed,Invoice
104030,782,2,2024-10-11,Completed,Bank Transfer
104031,370,7,2026-03-08,Completed,PayPal
104032,79,73,2025-08-31,Cancelled,Bank Transfer
104033,778,27,2025-06-01,Completed,PayPal
104034,596,73,2025-01-20,Completed,Credit Card
104035,567,73,2026-07-15,Completed,Credit Card
104036,691,1,2025-08-30,Completed,Bank Transfer
104037,67,7,2024-02-03,Completed,PayPal
104038,164,2,2026-05-15,Completed,Credit Card
104039,648,55,2025-01-13,Completed,Invoice
104040,728,72,2024-04-19,Completed,Credit Card
104041,78,73,2024-04-14,Completed,PayPal
104042,804,27,2023-10-17,Cancelled,Bank Transfer
104043,947,73,2026-01-09,In Progress,Invoice
104044,97,68,2025-01-22,Completed,Credit Card
104045,285,2,2025-10-28,Completed,PayPal
104046,785,72,2023-09-01,Cancelled,PayPal
104047,165,68,2025-10-08,Completed,Invoice
104048,191,5,2026-07-15,Completed,Credit Card
104049,476,55,2023-09-09,Cancelled,Bank Transfer
104050,293,2,2026-01-23,In Progress,PayPal
104051,196,68,2025-11-14,Completed,Invoice
104052,320,55,2026-05-29,Completed,Invoice
104053,260,55,2024-11-03,Completed,PayPal
104054,43,2,2026-03-29,Completed,Credit Card
104055,858,5,2024-09-10,In Progress,PayPal
104056,636,27,2024-05-10,Cancelled,Credit Card
104057,152,5,2026-03-05,Completed,Invoice
104058,550,7,2026-05-18,Cancelled,PayPal
104059,158,7,2024-06-05,Cancelled,PayPal
104060,932,55,2024-02-05,Completed,Credit Card
104061,817,5,2025-12-03,Completed,Credit Card
104062,524,73,2024-10-08,Completed,Credit Card
104063,608,68,2024-08-18,Completed,Invoice
104064,312,27,2026-04-18,In Progress,Bank Transfer
104065,264,68,2025-08-26,Completed,Credit Card
104066,92,35,2025-09-26,Cancelled,Invoice
104067,253,1,2024-06-09,Completed,Credit Card
104068,510,27,2026-01-13,In Progress,Credit Card
104069,684,72,2025-02-16,Completed,PayPal
104070,367,2,2025-11-26,Completed,Credit Card
104071,772,7,2025-06-24,Completed,Bank Transfer
104072,225,27,2026-05-06,Completed,Invoice
104073,183,7,2025-12-25,Cancelled,Credit Card
104074,611,1,2026-01-11,Completed,Invoice
104075,39,35,2026-04-25,In Progress,PayPal
104076,750,7,2025-03-23,Completed,PayPal
104077,301,68,2023-12-03,Completed,Invoice
104078,343,55,2025-03-03,In Progress,PayPal
104079,981,7,2026-01-27,Completed,PayPal
104080,514,5,2023-09-09,Completed,Bank Transfer
104081,877,27,2025-05-19,Completed,PayPal
104082,704,5,2024-01-12,Completed,Bank Transfer
104083,387,55,2024-01-06,Cancelled,PayPal
104084,807,35,2026-05-15,Cancelled,Bank Transfer
104085,627,27,2023-12-31,Completed,Credit Card
104086,753,5,2024-02-12,Cancelled,Bank Transfer
104087,271,27,2025-08-20,Cancelled,Bank Transfer
104088,439,72,2024-01-01,Cancelled,PayPal
104089,64,35,2024-06-24,Cancelled,PayPal
104090,392,72,2025-10-12,Cancelled,PayPal
104091,670,72,2024-12-01,Completed,Invoice
104092,16,7,2023-11-12,Completed,Bank Transfer
104093,884,2,2025-07-02,Completed,Credit Card
104094,835,35,2025-07-07,Completed,Credit Card
104095,902,2,2024-03-11,Completed,Bank Transfer
104096,259,35,2025-01-29,Completed,Credit Card
104097,822,2,2025-10-21,In Progress,Bank Transfer
104098,721,2,2025-09-04,Completed,PayPal
104099,277,27,2025-11-24,Completed,Bank Transfer
104100,93,55,2024-02-22,Cancelled,PayPal
104101,174,35,2025-10-14,In Progress,Bank Transfer
104102,918,5,2025-08-09,In Progress,Bank Transfer
104103,666,2,2025-05-17,Cancelled,Invoice
104104,48,1,2024-01-22,Cancelled,Bank Transfer
104105,324,72,2024-07-04,Completed,Credit Card
104106,795,72,2024-02-25,In Progress,Bank Transfer
104107,910,2,2025-11-22,In Progress,PayPal
104108,183,35,2023-07-28,Completed,PayPal
104109,142,7,2025-11-15,Completed,PayPal
104110,394,2,2024-10-09,In Progress,Credit Card
104111,955,72,2025-07-09,Completed,Credit Card
104112,120,72,2025-10-31,Cancelled,PayPal
104113,215,1,2025-04-28,Completed,PayPal
104114,458,72,2024-10-30,Completed,Invoice
104115,436,1,2025-05-11,Completed,PayPal
104116,955,73,2024-04-27,Completed,Credit Card
104117,920,68,2026-06-16,Completed,PayPal
104118,316,73,2024-11-03,Cancelled,Invoice
104119,398,5,2025-05-29,Completed,Bank Transfer
104120,881,27,2023-07-31,Completed,PayPal
104121,952,2,2024-11-22,Completed,Bank Transfer
104122,574,27,2024-02-21,Cancelled,Invoice
104123,475,7,2026-02-01,Completed,Invoice
104124,299,27,2025-10-13,Completed,Credit Card
104125,449,35,2024-09-13,Completed,Invoice
104126,146,5,2026-03-05,In Progress,Bank Transfer
104127,881,72,2024-04-29,In Progress,Bank Transfer
104128,33,35,2023-10-28,Completed,PayPal
104129,532,27,2024-11-17,In Progress,Bank Transfer
104130,748,7,2025-01-14,Completed,Bank Transfer
104131,389,7,2025-04-08,Completed,Bank Transfer
104132,615,5,2026-06-15,In Progress,PayPal
104133,290,27,2024-10-02,Completed,Bank Transfer
104134,692,1,2024-03-24,In Progress,Credit Card
104135,382,2,2024-05-12,Completed,Invoice
104136,610,73,2025-11-09,Completed,Credit Card
104137,258,35,2024-10-09,Completed,Invoice
104138,977,7,2023-12-30,In Progress,Invoice
104139,409,72,2025-08-12,Cancelled,PayPal
104140,508,68,2025-12-05,Completed,PayPal
104141,547,5,2023-09-27,Completed,PayPal
104142,628,2,2025-04-21,Completed,Credit Card
104143,865,2,2024-05-19,Completed,Credit Card
104144,858,73,2023-11-17,Cancelled,PayPal
104145,869,2,2023-12-16,Completed,Credit Card
104146,852,27,2026-01-01,In Progress,Invoice
104147,650,7,2023-08-19,Completed,Credit Card
104148,89,68,2024-08-23,Completed,Bank Transfer
104149,652,68,2023-08-05,In Progress,Bank Transfer
104150,687,27,2023-10-04,Cancelled,Bank Transfer
104151,87,68,2026-05-30,Completed,Credit Card
104152,823,2,2024-11-18,Completed,Credit Card
104153,955,72,2025-10-06,Completed,Invoice
104154,254,72,2025-03-29,Cancelled,Invoice
104155,35,1,2024-10-31,Completed,Invoice
104156,963,5,2025-01-02,In Progress,Bank Transfer
104157,138,7,2024-01-20,In Progress,Credit Card
104158,594,7,2026-01-21,Completed,Credit Card
104159,407,2,2024-07-22,Cancelled,Bank Transfer
104160,844,72,2025-01-15,Cancelled,Credit Card
104161,294,68,2026-04-17,Cancelled,Credit Card
104162,518,73,2025-11-30,Cancelled,Bank Transfer
104163,875,2,2026-01-12,In Progress,PayPal
104164,843,73,2025-08-31,Completed,Credit Card
104165,403,27,2024-02-05,Completed,Bank Transfer
104166,721,5,2026-02-24,Completed,Credit Card
104167,85,2,2025-07-16,Cancelled,Invoice
104168,195,68,2025-05-05,In Progress,Credit Card
104169,882,55,2025-10-14,In Progress,Credit Card
104170,109,73,2024-06-04,Cancelled,Invoice
104171,822,1,2025-07-01,Completed,PayPal
104172,212,2,2026-04-19,Completed,Invoice
104173,108,27,2025-10-29,Completed,Invoice
104174,894,5,2024-03-30,Completed,PayPal
104175,175,55,2025-02-21,Completed,Bank Transfer
104176,991,68,2023-08-02,In Progress,Credit Card
104177,159,73,2026-01-12,Completed,Invoice
104178,905,27,2025-10-08,Cancelled,Bank Transfer
104179,153,73,2023-11-23,Completed,Bank Transfer
104180,809,72,2024-04-25,Completed,Credit Card
104181,523,5,2023-08-26,Cancelled,Credit Card
104182,984,1,2024-09-26,In Progress,Bank Transfer
104183,814,7,2024-12-22,Completed,Bank Transfer
104184,875,35,2026-02-11,Completed,Credit Card
104185,132,68,2024-06-02,Completed,Credit Card
104186,869,7,2024-12-29,In Progress,Credit Card
104187,10,73,2025-04-25,Completed,Invoice
104188,307,72,2025-07-30,In Progress,Bank Transfer
104189,748,72,2025-07-08,Completed,PayPal
104190,326,1,2026-02-12,Completed,Credit Card
104191,246,2,2026-06-23,Completed,Bank Transfer
104192,990,5,2025-11-11,In Progress,PayPal
104193,366,73,2023-09-10,Completed,PayPal
104194,821,2,2024-11-09,Completed,Invoice
104195,472,68,2026-05-25,Completed,Bank Transfer
104196,845,7,2026-06-27,In Progress,PayPal
104197,468,7,2024-06-14,Completed,Credit Card
104198,861,1,2025-08-17,Cancelled,Credit Card
104199,743,73,2024-01-31,Completed,Credit Card
104200,487,35,2023-07-28,Completed,Bank Transfer
104201,168,35,2024-03-07,Cancelled,Credit Card
104202,408,5,2024-03-21,Completed,Credit Card
104203,338,1,2024-04-10,Completed,Credit Card
104204,577,7,2025-09-20,Completed,Invoice
104205,7,2,2023-11-07,Cancelled,Bank Transfer
104206,339,35,2024-10-24,Completed,PayPal
104207,782,5,2025-07-14,Completed,Credit Card
104208,530,73,2024-03-06,Completed,PayPal
104209,947,7,2025-03-24,Cancelled,Bank Transfer
104210,642,1,2025-01-17,Completed,Invoice
104211,858,27,2025-07-02,Cancelled,Credit Card
104212,209,35,2025-05-10,Cancelled,Invoice
104213,729,68,2024-03-18,Completed,Invoice
104214,787,1,2024-09-18,Completed,Bank Transfer
104215,910,72,2024-02-06,Completed,Credit Card
104216,123,2,2024-07-05,Cancelled,Invoice
104217,632,35,2025-04-12,Completed,PayPal
104218,598,35,2025-05-03,Completed,Credit Card
104219,809,7,2025-06-11,Completed,Invoice
104220,544,5,2026-04-22,Completed,PayPal
104221,883,72,2025-11-26,Completed,Credit Card
104222,238,5,2024-12-18,Completed,Bank Transfer
104223,216,55,2025-02-14,Cancelled,Credit Card
104224,728,27,2026-06-01,Completed,Credit Card
104225,793,27,2025-06-24,Completed,Bank Transfer
104226,190,73,2024-07-13,In Progress,Invoice
104227,328,68,2024-03-31,Completed,Credit Card
104228,185,55,2025-11-03,In Progress,Invoice
104229,78,1,2023-10-21,Completed,Invoice
104230,805,1,2026-01-16,Completed,Credit Card
104231,194,68,2025-04-27,Completed,Credit Card
104232,864,27,2026-07-24,Completed,Credit Card
104233,610,1,2025-03-21,Cancelled,PayPal
104234,331,68,2024-01-08,Cancelled,Invoice
104235,396,55,2025-09-02,Completed,Credit Card
104236,486,72,2025-11-14,Completed,Bank Transfer
104237,201,1,2023-08-20,Cancelled,Bank Transfer
104238,397,73,2025-08-02,Completed,PayPal
104239,14,55,2025-06-24,Completed,Credit Card
104240,2,7,2023-11-05,In Progress,Bank Transfer
104241,497,2,2025-12-30,Completed,Credit Card
104242,631,55,2023-08-04,In Progress,Bank Transfer
104243,638,55,2025-06-04,Completed,Invoice
104244,387,72,2026-06-14,Completed,Invoice
104245,30,7,2023-12-29,Completed,Credit Card
104246,167,5,2024-03-10,Cancelled,Invoice
104247,585,7,2024-03-06,Cancelled,PayPal
104248,983,35,2024-05-31,Completed,PayPal
104249,402,55,2026-05-30,Cancelled,Invoice
104250,754,5,2024-10-04,In Progress,Credit Card
104251,113,5,2024-05-03,Completed,Invoice
104252,849,5,2025-12-24,Cancelled,PayPal
104253,310,2,2024-06-27,Completed,Invoice
104254,610,1,2026-04-16,In Progress,PayPal
104255,335,68,2026-05-08,In Progress,Bank Transfer
104256,646,73,2025-08-16,In Progress,PayPal
104257,720,5,2023-08-16,In Progress,Invoice
104258,114,2,2025-08-16,Completed,PayPal
104259,400,2,2024-12-21,Cancelled,Invoice
104260,735,2,2024-02-23,In Progress,Credit Card
104261,649,73,2025-09-11,In Progress,PayPal
104262,668,2,2024-11-29,In Progress,Credit Card
104263,740,55,2025-01-02,Cancelled,Bank Transfer
104264,337,5,2024-03-26,Cancelled,Bank Transfer
104265,934,72,2024-02-10,Completed,Credit Card
104266,799,1,2026-04-08,Completed,Bank Transfer
104267,280,27,2025-06-21,In Progress,PayPal
104268,770,1,2026-05-06,Cancelled,Bank Transfer
104269,578,1,2024-12-04,Cancelled,Credit Card
104270,631,5,2024-05-25,Cancelled,PayPal
104271,282,27,2025-06-24,Cancelled,Credit Card
104272,453,2,2023-08-31,Completed,Bank Transfer
104273,30,27,2025-05-12,Cancelled,Credit Card
104274,203,73,2026-02-14,Completed,Credit Card
104275,838,2,2026-03-27,Cancelled,Invoice
104276,665,35,2025-12-14,Completed,PayPal
104277,61,72,2025-11-18,Completed,Invoice
104278,871,2,2024-02-23,Completed,Bank Transfer
104279,694,35,2024-07-17,Completed,Credit Card
104280,389,27,2025-06-24,Completed,Invoice
104281,358,35,2026-04-04,Completed,PayPal
104282,685,7,2026-07-15,Cancelled,Bank Transfer
104283,76,1,2024-11-10,Completed,Credit Card
104284,637,73,2024-05-21,Completed,Invoice
104285,934,55,2024-10-21,Cancelled,Bank Transfer
104286,984,72,2023-10-23,Cancelled,Bank Transfer
104287,218,27,2024-12-03,Completed,Bank Transfer
104288,653,72,2024-05-23,Completed,Bank Transfer
104289,791,55,2025-07-07,Completed,PayPal
104290,120,5,2023-08-16,In Progress,Invoice
104291,857,55,2023-08-29,Cancelled,Invoice
104292,284,55,2025-08-22,Completed,Bank Transfer
104293,582,55,2026-07-12,In Progress,Invoice
104294,149,55,2023-11-13,Cancelled,Invoice
104295,356,5,2024-09-27,Cancelled,Bank Transfer
104296,706,68,2024-03-30,Completed,Credit Card
104297,928,55,2025-09-12,Completed,PayPal
104298,39,55,2025-06-18,In Progress,Credit Card
104299,725,35,2025-09-03,Completed,Bank Transfer
104300,18,73,2026-03-15,Cancelled,Invoice
104301,690,55,2026-03-12,Completed,Bank Transfer
104302,610,73,2024-03-13,Completed,PayPal
104303,583,2,2024-01-31,Completed,Bank Transfer
104304,482,35,2025-05-07,Completed,Invoice
104305,594,55,2026-04-09,Completed,Invoice
104306,886,2,2023-11-12,Completed,PayPal
104307,522,55,2024-08-19,Completed,Bank Transfer
104308,921,2,2024-09-26,Cancelled,Bank Transfer
104309,40,35,2025-12-30,Completed,Invoice
104310,732,72,2025-01-06,Completed,Credit Card
104311,765,1,2025-08-05,Completed,Credit Card
104312,811,7,2024-06-17,Completed,Credit Card
104313,587,73,2023-10-09,Completed,Bank Transfer
104314,497,73,2025-03-09,Completed,Bank Transfer
104315,557,35,2024-12-14,In Progress,PayPal
104316,82,73,2024-08-02,Cancelled,Bank Transfer
104317,377,2,2024-01-07,In Progress,Invoice
104318,308,55,2025-04-06,Completed,Bank Transfer
104319,80,1,2024-11-25,Cancelled,Invoice
104320,82,7,2026-02-19,Cancelled,Invoice
104321,569,27,2024-09-12,Cancelled,PayPal
104322,67,55,2023-11-21,In Progress,PayPal
104323,820,5,2026-02-23,In Progress,Bank Transfer
104324,154,5,2025-11-06,Completed,Bank Transfer
104325,748,35,2024-09-04,Completed,PayPal
104326,543,2,2025-05-28,Cancelled,Invoice
104327,585,7,2024-03-30,Completed,PayPal
104328,670,68,2023-11-26,Completed,Credit Card
104329,746,73,2025-12-19,In Progress,Bank Transfer
104330,567,55,2023-09-05,Cancelled,Bank Transfer
104331,156,73,2025-03-31,Completed,Invoice
104332,542,35,2026-06-16,Completed,Bank Transfer
104333,912,73,2026-03-17,Cancelled,PayPal
104334,466,68,2024-01-12,Completed,Invoice
104335,416,27,2026-04-01,Completed,Credit Card
104336,343,72,2025-05-11,Cancelled,PayPal
104337,372,27,2023-11-27,Completed,Invoice
104338,136,55,2024-06-15,In Progress,Credit Card
104339,960,5,2025-05-26,Completed,Invoice
104340,418,5,2024-08-30,Completed,Invoice
104341,294,2,2024-03-31,Completed,Credit Card
104342,242,2,2024-01-28,Completed,PayPal
104343,712,68,2024-09-10,In Progress,Bank Transfer
104344,902,35,2025-05-29,Completed,Credit Card
104345,609,73,2025-04-18,Completed,PayPal
104346,802,55,2024-03-03,Completed,Invoice
104347,844,73,2025-07-11,Cancelled,Invoice
104348,792,1,2024-05-30,Completed,Bank Transfer
104349,772,5,2023-11-14,In Progress,PayPal
104350,489,68,2023-11-28,Completed,Invoice
104351,76,5,2024-06-12,Completed,Bank Transfer
104352,96,1,2024-05-23,Cancelled,PayPal
104353,599,2,2024-02-17,Cancelled,Invoice
104354,462,1,2023-12-30,Completed,Invoice
104355,43,5,2025-04-02,In Progress,PayPal
104356,267,2,2024-02-08,Completed,PayPal
104357,735,73,2023-11-25,In Progress,PayPal
104358,658,5,2026-07-17,Completed,Credit Card
104359,966,27,2026-07-06,Completed,Credit Card
104360,590,7,2023-11-12,Completed,Bank Transfer
104361,351,55,2025-04-09,Completed,Bank Transfer
104362,673,73,2026-06-30,Cancelled,Bank Transfer
104363,390,55,2025-05-19,Completed,PayPal
104364,355,73,2026-02-18,Completed,Credit Card
104365,269,35,2025-06-20,Completed,Credit Card
104366,116,68,2025-09-06,Cancelled,PayPal
104367,160,55,2025-04-21,Cancelled,Credit Card
104368,822,55,2024-04-25,Completed,Invoice
104369,211,5,2025-05-15,Completed,Invoice
104370,720,2,2024-02-10,Completed,Invoice
104371,209,1,2026-07-12,Completed,Credit Card
104372,931,27,2023-12-30,Completed,Credit Card
104373,508,73,2023-10-18,Cancelled,PayPal
104374,971,27,2025-01-22,Completed,Bank Transfer
104375,358,55,2025-06-30,Completed,Bank Transfer
104376,407,27,2023-11-20,Completed,PayPal
104377,991,7,2025-05-01,Completed,Credit Card
104378,656,73,2025-02-23,In Progress,PayPal
104379,917,7,2026-02-03,Completed,Bank Transfer
104380,69,7,2026-06-02,Completed,Bank Transfer
104381,348,1,2023-09-01,Completed,PayPal
104382,136,7,2025-12-26,Completed,Bank Transfer
104383,283,72,2025-04-21,Completed,Invoice
104384,153,68,2026-05-21,Completed,Bank Transfer
104385,525,68,2024-10-02,Completed,Bank Transfer
104386,479,73,2025-07-28,Completed,Credit Card
104387,914,55,2024-10-24,Completed,Invoice
104388,328,55,2026-05-11,In Progress,Invoice
104389,299,2,2025-06-05,Completed,Credit Card
104390,876,7,2025-06-29,Completed,Credit Card
104391,239,73,2024-08-27,In Progress,PayPal
104392,935,55,2025-02-11,Completed,Invoice
104393,554,2,2025-10-08,Completed,Bank Transfer
104394,285,2,2024-10-03,Completed,Bank Transfer
104395,313,68,2026-01-03,In Progress,Invoice
104396,850,35,2025-12-07,Completed,Bank Transfer
104397,759,55,2025-01-03,In Progress,Credit Card
104398,932,73,2024-05-15,Completed,PayPal
104399,197,7,2024-04-27,Completed,Bank Transfer
104400,905,35,2024-03-08,Completed,PayPal
104401,740,5,2024-01-10,Completed,Invoice
104402,52,2,2026-03-24,Cancelled,PayPal
104403,141,5,2024-12-22,Completed,Bank Transfer
104404,868,2,2023-09-24,Completed,Invoice
104405,211,72,2026-03-22,Cancelled,Bank Transfer
104406,564,27,2024-10-25,Completed,Invoice
104407,822,1,2025-10-22,Completed,Credit Card
104408,39,1,2023-10-28,Cancelled,Bank Transfer
104409,468,73,2023-11-18,Cancelled,Credit Card
104410,51,1,2024-04-10,Completed,PayPal
104411,905,55,2025-12-14,Completed,Bank Transfer
104412,481,35,2025-12-19,Completed,PayPal
104413,379,72,2025-10-01,Completed,Invoice
104414,286,72,2026-07-10,Completed,Invoice
104415,980,73,2025-02-20,Cancelled,PayPal
104416,315,27,2024-02-25,Completed,Credit Card
104417,132,2,2025-12-15,Completed,Credit Card
104418,444,35,2024-02-18,Cancelled,Credit Card
104419,212,72,2026-05-26,In Progress,Credit Card
104420,142,68,2025-05-09,Cancelled,Bank Transfer
104421,219,27,2023-11-03,In Progress,Invoice
104422,429,73,2026-03-11,Completed,PayPal
104423,748,1,2025-05-09,Completed,Credit Card
104424,971,55,2025-01-20,Completed,Credit Card
104425,874,27,2024-09-18,Completed,Invoice
104426,236,1,2026-01-14,Completed,Bank Transfer
104427,279,27,2023-11-11,Completed,PayPal
104428,888,2,2025-02-28,In Progress,Invoice
104429,718,5,2026-04-22,Cancelled,Bank Transfer
104430,54,68,2024-08-26,Completed,Invoice
104431,484,68,2024-08-29,Completed,Invoice
104432,676,55,2024-04-16,Completed,Bank Transfer
104433,692,35,2024-11-26,In Progress,PayPal
104434,606,7,2023-09-22,Cancelled,Bank Transfer
104435,342,7,2026-07-06,Cancelled,Invoice
104436,49,27,2023-11-16,Completed,PayPal
104437,792,55,2025-10-09,Cancelled,Invoice
104438,151,5,2024-01-03,Cancelled,PayPal
104439,443,55,2026-03-31,Completed,Bank Transfer
104440,320,35,2026-05-28,Completed,Bank Transfer
104441,916,35,2026-07-09,Completed,Invoice
104442,200,1,2026-01-29,Completed,Bank Transfer
104443,827,2,2025-03-31,Completed,PayPal
104444,354,5,2026-03-31,Completed,Credit Card
104445,393,27,2026-02-02,Cancelled,Bank Transfer
104446,601,7,2023-08-20,Completed,Bank Transfer
104447,164,1,2024-10-13,Completed,Invoice
104448,851,5,2024-06-14,Completed,Credit Card
104449,423,27,2024-10-17,Cancelled,Bank Transfer
104450,333,5,2024-11-30,Completed,Invoice
104451,290,73,2025-01-01,In Progress,Invoice
104452,609,73,2023-09-12,Completed,PayPal
104453,166,35,2024-11-03,Completed,Invoice
104454,23,35,2024-12-29,In Progress,Bank Transfer
104455,199,7,2026-02-02,Completed,PayPal
104456,863,27,2025-11-30,In Progress,Bank Transfer
104457,664,55,2023-08-26,Cancelled,Invoice
104458,711,7,2026-07-20,Completed,Bank Transfer
104459,510,7,2024-12-16,Completed,Invoice
104460,970,7,2024-08-21,Completed,Invoice
104461,453,2,2026-06-20,Cancelled,Bank Transfer
104462,695,7,2025-06-04,Completed,Invoice
104463,640,1,2024-05-04,In Progress,Invoice
104464,629,2,2024-10-16,Completed,PayPal
104465,167,7,2026-05-06,Completed,PayPal
104466,283,73,2023-10-02,Cancelled,PayPal
104467,534,27,2026-04-07,Completed,Invoice
104468,141,27,2026-05-28,Cancelled,Credit Card
104469,589,68,2025-05-08,Cancelled,PayPal
104470,276,1,2026-06-29,In Progress,Credit Card
104471,434,5,2023-11-23,Completed,PayPal
104472,249,27,2025-07-29,Completed,Invoice
104473,198,5,2023-12-15,Completed,Invoice
104474,661,7,2026-06-09,Completed,Bank Transfer
104475,577,73,2025-05-17,In Progress,Credit Card
104476,862,55,2024-07-17,Completed,Credit Card
104477,750,27,2026-03-09,Completed,Bank Transfer
104478,476,68,2025-01-03,In Progress,Credit Card
104479,117,72,2026-03-06,Completed,Bank Transfer
104480,642,35,2026-03-31,In Progress,PayPal
104481,477,27,2024-03-03,Cancelled,PayPal
104482,892,7,2026-04-11,Cancelled,Invoice
104483,37,73,2026-05-27,Cancelled,Invoice
104484,920,73,2025-05-14,In Progress,Bank Transfer
104485,741,68,2024-06-27,Cancelled,PayPal
104486,832,1,2025-10-13,Cancelled,Bank Transfer
104487,452,7,2024-11-07,Completed,Credit Card
104488,612,68,2023-12-09,Completed,Bank Transfer
104489,54,72,2026-01-20,Completed,PayPal
104490,669,2,2026-06-01,In Progress,PayPal
104491,256,27,2024-10-26,Completed,Bank Transfer
104492,904,35,2024-03-26,Completed,Credit Card
104493,459,68,2023-10-24,Completed,PayPal
104494,49,73,2025-02-20,Completed,Credit Card
104495,172,68,2026-01-25,Completed,Invoice
104496,222,2,2025-10-12,Completed,Credit Card
104497,985,7,2026-06-06,Cancelled,PayPal
104498,942,35,2025-04-13,In Progress,Credit Card
104499,67,72,2023-08-19,Completed,Invoice
104500,100,5,2025-02-05,In Progress,Bank Transfer
104501,686,68,2025-08-03,Cancelled,Bank Transfer
104502,214,68,2024-11-23,Completed,Bank Transfer
104503,229,2,2024-07-18,Cancelled,Invoice
104504,569,68,2026-06-29,In Progress,Bank Transfer
104505,686,7,2023-08-08,Completed,Invoice
104506,590,2,2026-05-15,Completed,Bank Transfer
104507,212,68,2024-03-16,Completed,Invoice
104508,441,55,2024-03-24,Completed,PayPal
104509,451,2,2025-04-17,Completed,Bank Transfer
104510,743,72,2024-10-04,Completed,PayPal
104511,393,2,2025-03-03,Completed,Bank Transfer
104512,552,5,2025-03-15,In Progress,Invoice
104513,520,1,2025-01-05,Cancelled,PayPal
104514,525,7,2025-07-01,Completed,Bank Transfer
104515,658,1,2025-05-01,Completed,Bank Transfer
104516,317,68,2024-12-18,In Progress,Bank Transfer
104517,172,72,2024-03-04,Completed,PayPal
104518,970,2,2025-11-08,Completed,PayPal
104519,107,1,2024-12-28,Completed,Invoice
104520,9,5,2025-02-15,Completed,Credit Card
104521,72,68,2024-07-15,Completed,PayPal
104522,354,1,2026-05-15,Completed,Credit Card
104523,106,72,2024-11-07,Cancelled,Invoice
104524,665,68,2026-04-24,In Progress,Credit Card
104525,592,68,2026-07-19,Completed,PayPal
104526,203,35,2025-07-13,Completed,PayPal
104527,626,55,2026-05-11,In Progress,Invoice
104528,199,72,2024-08-15,Cancelled,Invoice
104529,155,35,2025-05-15,Cancelled,Bank Transfer
104530,138,1,2025-11-17,Completed,PayPal
104531,754,35,2025-12-03,Completed,Credit Card
104532,964,68,2026-07-21,In Progress,PayPal
104533,788,7,2024-08-22,Completed,Invoice
104534,163,5,2025-06-30,Cancelled,Invoice
104535,609,5,2025-07-28,Completed,Credit Card
104536,332,2,2025-12-05,Completed,Credit Card
104537,703,27,2024-08-27,In Progress,Bank Transfer
104538,616,68,2023-10-13,Completed,Invoice
104539,389,72,2025-11-01,Completed,Invoice
104540,696,72,2025-08-17,Completed,Bank Transfer
104541,216,27,2023-10-29,Completed,Bank Transfer
104542,888,27,2025-05-17,Completed,Bank Transfer
104543,822,68,2025-11-27,Completed,Credit Card
104544,201,1,2025-02-13,Completed,Invoice
104545,23,27,2023-11-14,Completed,Credit Card
104546,7,72,2024-03-20,Cancelled,Bank Transfer
104547,102,27,2025-02-06,In Progress,PayPal
104548,718,1,2026-07-17,Cancelled,Invoice
104549,655,5,2025-05-27,Completed,Credit Card
104550,230,72,2025-02-19,Cancelled,Credit Card
104551,580,73,2025-12-11,Cancelled,Invoice
104552,502,5,2023-10-17,Completed,Invoice
104553,630,72,2025-08-08,In Progress,PayPal
104554,294,35,2024-10-21,In Progress,Credit Card
104555,299,5,2026-06-01,Cancelled,Invoice
104556,292,73,2026-03-01,In Progress,PayPal
104557,120,73,2024-09-22,Completed,Invoice
104558,343,73,2024-07-23,Completed,Bank Transfer
104559,284,5,2026-02-25,Completed,PayPal
104560,138,35,2026-06-08,Completed,Invoice
104561,830,5,2025-01-19,Completed,Bank Transfer
104562,995,27,2023-10-05,Completed,Credit Card
104563,165,27,2026-07-08,Completed,Invoice
104564,554,2,2024-02-12,Completed,Bank Transfer
104565,837,1,2025-06-20,Completed,PayPal
104566,123,72,2025-08-29,Cancelled,Bank Transfer
104567,156,5,2025-08-11,Completed,Invoice
104568,888,7,2023-08-28,Cancelled,Invoice
104569,120,68,2025-11-02,Completed,Invoice
104570,914,73,2025-04-22,In Progress,Bank Transfer
104571,138,73,2024-05-04,Completed,PayPal
104572,590,5,2023-10-20,In Progress,Invoice
104573,403,27,2024-01-16,Cancelled,Credit Card
104574,56,73,2024-07-02,Completed,Credit Card
104575,691,68,2024-07-25,In Progress,Invoice
104576,796,72,2024-10-22,In Progress,Invoice
104577,158,7,2024-03-27,Completed,PayPal
104578,924,55,2024-07-04,Completed,Bank Transfer
104579,240,1,2026-01-23,Completed,Credit Card
104580,30,73,2025-06-07,Completed,Invoice
104581,899,2,2025-03-27,Cancelled,PayPal
104582,912,2,2024-08-12,Completed,PayPal
104583,229,55,2025-07-25,Cancelled,Credit Card
104584,35,2,2026-05-04,In Progress,PayPal
104585,307,7,2025-11-18,Completed,Invoice
104586,942,72,2026-04-13,Completed,Bank Transfer
104587,950,72,2026-07-06,Completed,Invoice
104588,770,7,2026-03-04,Completed,PayPal
104589,892,7,2024-02-24,Completed,Invoice
104590,318,73,2023-10-07,Completed,Invoice
104591,106,72,2024-01-30,In Progress,PayPal
104592,919,2,2026-01-17,Completed,PayPal
104593,797,68,2023-09-18,Completed,PayPal
104594,343,35,2025-08-25,In Progress,Bank Transfer
104595,454,27,2024-10-30,Completed,Bank Transfer
104596,406,1,2024-09-27,Completed,Bank Transfer
104597,327,68,2025-06-04,Completed,Bank Transfer
104598,36,2,2024-03-05,Cancelled,Bank Transfer
104599,156,7,2025-02-13,Completed,Credit Card
104600,539,72,2025-08-24,Cancelled,Credit Card
104601,673,72,2024-07-25,Cancelled,Bank Transfer
104602,9,27,2025-11-02,Completed,Credit Card
104603,852,72,2025-07-21,Cancelled,Invoice
104604,452,5,2025-12-22,Completed,Bank Transfer
104605,94,1,2025-10-01,Completed,Invoice
104606,649,72,2024-07-27,Completed,Bank Transfer
104607,390,5,2023-12-01,In Progress,Bank Transfer
104608,509,2,2023-07-29,Completed,Bank Transfer
104609,402,5,2024-03-03,Cancelled,Credit Card
104610,206,7,2025-05-21,Completed,Bank Transfer
104611,506,72,2024-04-28,Cancelled,Invoice
104612,173,72,2025-06-10,Cancelled,Invoice
104613,898,35,2024-05-23,Completed,Invoice
104614,649,35,2025-06-26,Completed,PayPal
104615,226,73,2024-09-08,Completed,Bank Transfer
104616,76,55,2024-10-27,Completed,Bank Transfer
104617,13,7,2025-09-09,In Progress,PayPal
104618,836,5,2024-10-10,Completed,Invoice
104619,512,1,2025-05-03,Cancelled,Invoice
104620,581,72,2024-08-23,Completed,Invoice
104621,646,27,2025-11-26,Completed,PayPal
104622,846,27,2025-10-02,Cancelled,Invoice
104623,655,5,2025-05-24,In Progress,PayPal
104624,877,27,2024-12-16,Completed,PayPal
104625,410,2,2024-11-28,In Progress,Credit Card
104626,371,35,2024-04-15,Completed,Credit Card
104627,9,1,2025-02-17,In Progress,Invoice
104628,137,35,2024-10-12,Completed,PayPal
104629,440,35,2026-02-09,In Progress,Invoice
104630,644,72,2023-10-08,Completed,Credit Card
104631,215,1,2025-07-12,Completed,PayPal
104632,276,68,2025-08-12,Cancelled,PayPal
104633,59,5,2025-06-25,Completed,Credit Card
104634,765,73,2026-05-06,Completed,Invoice
104635,103,72,2025-04-09,Completed,Invoice
104636,1000,27,2023-12-04,Completed,Credit Card
104637,6,35,2025-07-24,Completed,PayPal
104638,303,2,2025-03-21,Cancelled,PayPal
104639,300,55,2023-09-22,Completed,Credit Card
104640,650,35,2023-08-17,In Progress,Invoice
104641,443,27,2025-05-20,Completed,Invoice
104642,496,2,2024-09-04,In Progress,Credit Card
104643,983,35,2026-05-20,In Progress,PayPal
104644,5,1,2024-06-14,Completed,Credit Card
104645,58,27,2024-08-11,Cancelled,PayPal
104646,201,68,2025-09-21,Completed,Bank Transfer
104647,834,27,2023-12-29,Cancelled,Credit Card
104648,9,55,2025-11-02,In Progress,Invoice
104649,177,27,2024-08-07,In Progress,Credit Card
104650,853,5,2026-04-28,Cancelled,Invoice
104651,252,68,2024-02-05,Cancelled,Credit Card
104652,774,2,2025-02-18,Completed,Invoice
104653,323,5,2023-12-18,Completed,PayPal
104654,253,1,2025-05-10,Completed,PayPal
104655,155,72,2025-10-10,Cancelled,Invoice
104656,870,73,2024-10-07,Cancelled,Bank Transfer
104657,665,35,2024-01-16,Completed,Bank Transfer
104658,894,35,2026-06-12,In Progress,Invoice
104659,389,5,2024-03-09,Completed,Bank Transfer
104660,796,72,2025-07-11,Completed,Bank Transfer
104661,429,72,2024-04-29,Completed,PayPal
104662,1,2,2026-03-30,Completed,Invoice
104663,991,27,2024-05-16,In Progress,Invoice
104664,809,55,2026-04-01,Completed,Credit Card
104665,593,2,2025-07-27,Completed,PayPal
104666,286,68,2024-11-16,In Progress,Invoice
104667,923,55,2023-09-03,Completed,PayPal
104668,805,7,2023-12-27,Completed,PayPal
104669,409,35,2026-07-12,Completed,Credit Card
104670,360,7,2024-12-06,Completed,Bank Transfer
104671,889,1,2026-06-30,Completed,Bank Transfer
104672,95,1,2025-11-29,Completed,Credit Card
104673,14,2,2024-07-28,Cancelled,PayPal
104674,911,72,2024-02-01,Completed,Bank Transfer
104675,425,73,2024-09-22,Completed,Invoice
104676,134,1,2025-05-09,Completed,Credit Card
104677,705,35,2025-06-28,In Progress,PayPal
104678,105,73,2025-02-19,In Progress,Invoice
104679,771,7,2026-06-22,Completed,Bank Transfer
104680,286,68,2026-01-07,Cancelled,Invoice
104681,310,1,2024-01-09,Completed,Invoice
104682,623,73,2024-11-26,Completed,Bank Transfer
104683,9,1,2025-07-23,Completed,PayPal
104684,447,35,2024-09-18,Cancelled,Invoice
104685,133,68,2024-05-16,In Progress,Invoice
104686,580,73,2023-09-12,Cancelled,Credit Card
104687,993,1,2025-03-08,Completed,Bank Transfer
104688,514,35,2025-08-12,Cancelled,Bank Transfer
104689,84,2,2024-06-30,Completed,Invoice
104690,45,55,2024-11-22,In Progress,Invoice
104691,354,68,2025-10-04,In Progress,PayPal
104692,614,27,2024-09-12,Cancelled,Bank Transfer
104693,227,55,2025-03-10,Completed,PayPal
104694,153,68,2026-07-03,Cancelled,Credit Card
104695,929,5,2025-07-15,Completed,PayPal
104696,587,73,2023-09-18,Cancelled,Bank Transfer
104697,258,7,2023-11-29,In Progress,Invoice
104698,365,68,2025-10-01,Completed,Invoice
104699,194,1,2025-12-03,In Progress,PayPal
104700,438,27,2024-04-29,Cancelled,Invoice
104701,520,72,2024-10-24,Completed,PayPal
104702,733,55,2025-12-21,Cancelled,Bank Transfer
104703,204,55,2024-12-26,Cancelled,Invoice
104704,295,1,2026-04-02,In Progress,Invoice
104705,596,35,2024-02-12,In Progress,Credit Card
104706,355,35,2023-10-31,In Progress,Credit Card
104707,717,5,2024-02-09,Completed,Invoice
104708,76,68,2026-05-20,In Progress,Bank Transfer
104709,658,27,2026-01-17,Completed,Bank Transfer
104710,856,2,2023-12-09,Completed,Invoice
104711,647,27,2023-08-17,Completed,PayPal
104712,161,72,2025-11-14,Completed,Invoice
104713,746,35,2025-11-13,In Progress,Invoice
104714,765,73,2025-04-04,Completed,PayPal
104715,676,73,2024-08-30,In Progress,Bank Transfer
104716,628,68,2025-06-22,Completed,Bank Transfer
104717,128,27,2025-06-13,Completed,Credit Card
104718,105,35,2024-02-15,Completed,Invoice
104719,702,1,2026-07-23,Completed,PayPal
104720,657,1,2026-01-12,Completed,PayPal
104721,951,35,2025-11-10,Completed,PayPal
104722,980,72,2023-09-26,Cancelled,PayPal
104723,95,1,2025-05-30,Completed,Invoice
104724,623,1,2024-08-14,In Progress,Invoice
104725,360,73,2024-07-07,Cancelled,Bank Transfer
104726,509,27,2023-11-09,Completed,Bank Transfer
104727,794,1,2023-08-14,In Progress,Invoice
104728,179,1,2024-02-15,In Progress,PayPal
104729,790,68,2024-03-11,In Progress,PayPal
104730,977,68,2024-07-15,Completed,PayPal
104731,836,27,2025-10-12,Cancelled,Bank Transfer
104732,484,55,2023-12-28,Completed,PayPal
104733,578,1,2025-08-29,Completed,PayPal
104734,32,68,2024-02-15,Completed,PayPal
104735,215,5,2025-09-12,In Progress,Invoice
104736,650,27,2025-05-11,Cancelled,Invoice
104737,58,2,2024-07-16,Cancelled,Bank Transfer
104738,775,55,2026-05-12,Completed,Bank Transfer
104739,993,5,2024-08-25,Cancelled,Bank Transfer
104740,970,72,2025-08-09,In Progress,Bank Transfer
104741,175,72,2025-10-20,Cancelled,Bank Transfer
104742,490,35,2025-10-13,In Progress,Credit Card
104743,753,2,2026-07-14,Completed,Invoice
104744,158,5,2023-10-06,Completed,Bank Transfer
104745,814,68,2025-04-24,In Progress,Bank Transfer
104746,8,2,2026-07-07,Completed,Invoice
104747,205,2,2024-03-20,In Progress,Bank Transfer
104748,277,73,2023-08-24,Completed,Credit Card
104749,329,2,2025-09-01,Completed,Bank Transfer
104750,701,55,2026-04-06,Completed,PayPal
104751,816,68,2024-07-13,Completed,PayPal
104752,11,73,2024-09-14,Cancelled,Bank Transfer
104753,149,68,2024-09-17,In Progress,Credit Card
104754,52,2,2025-06-07,Cancelled,Invoice
104755,473,72,2026-05-08,In Progress,Invoice
104756,662,5,2023-11-24,Completed,Credit Card
104757,699,55,2025-02-18,Completed,Bank Transfer
104758,498,7,2026-06-27,Completed,Invoice
104759,840,72,2025-03-21,Completed,Credit Card
104760,35,5,2024-12-01,Completed,Bank Transfer
104761,173,68,2024-09-16,Completed,Invoice
104762,721,7,2025-05-07,Completed,Bank Transfer
104763,781,73,2025-12-21,Completed,PayPal
104764,595,35,2024-12-06,Cancelled,Bank Transfer
104765,900,1,2024-02-04,Completed,Bank Transfer
104766,387,73,2025-10-20,Completed,Bank Transfer
104767,472,55,2026-06-24,In Progress,Bank Transfer
104768,740,2,2026-06-27,Completed,Bank Transfer
104769,999,55,2025-05-24,Cancelled,Credit Card
104770,839,27,2023-08-23,Cancelled,Bank Transfer
104771,192,7,2025-10-26,Completed,Invoice
104772,119,72,2024-05-14,Completed,PayPal
104773,6,35,2023-07-29,In Progress,Bank Transfer
104774,995,7,2025-10-09,Completed,Credit Card
104775,869,68,2024-06-28,Completed,PayPal
104776,871,55,2025-04-19,Completed,Invoice
104777,883,2,2026-04-25,Cancelled,Invoice
104778,936,2,2023-08-06,Completed,Credit Card
104779,901,55,2024-01-13,Cancelled,PayPal
104780,486,5,2024-12-18,Completed,Bank Transfer
104781,390,2,2026-04-23,In Progress,Invoice
104782,685,5,2024-03-23,Completed,Bank Transfer
104783,986,72,2025-02-17,Cancelled,Bank Transfer
104784,744,7,2025-04-26,Cancelled,Bank Transfer
104785,470,7,2025-08-18,In Progress,PayPal
104786,511,27,2024-11-26,In Progress,PayPal
104787,290,5,2024-09-22,Completed,Invoice
104788,281,5,2025-03-31,Completed,PayPal
104789,534,55,2024-08-22,In Progress,PayPal
104790,463,27,2025-06-20,Completed,PayPal
104791,93,7,2024-02-28,Cancelled,PayPal
104792,744,7,2025-06-09,Cancelled,PayPal
104793,683,73,2024-01-08,Completed,Invoice
104794,124,72,2025-07-21,Cancelled,Credit Card
104795,363,2,2024-11-16,In Progress,Bank Transfer
104796,357,72,2023-07-29,In Progress,PayPal
104797,892,72,2023-12-22,Completed,Credit Card
104798,260,2,2023-09-13,Completed,Bank Transfer
104799,310,7,2024-05-09,Completed,Credit Card
104800,238,1,2023-11-14,Completed,Invoice
104801,769,27,2024-07-15,Completed,PayPal
104802,240,2,2026-01-23,Cancelled,Credit Card
104803,164,5,2025-01-11,In Progress,PayPal
104804,991,1,2024-01-30,Cancelled,PayPal
104805,770,7,2026-06-13,In Progress,Bank Transfer
104806,668,2,2026-02-22,Completed,PayPal
104807,592,27,2026-02-03,Cancelled,PayPal
104808,919,5,2025-05-22,Completed,Credit Card
104809,368,73,2024-12-21,Completed,Credit Card
104810,169,68,2023-12-02,In Progress,Bank Transfer
104811,685,68,2024-06-08,Completed,Bank Transfer
104812,74,2,2024-11-27,Cancelled,Bank Transfer
104813,588,35,2025-01-18,In Progress,Credit Card
104814,159,55,2025-11-28,Completed,Credit Card
104815,183,2,2024-07-07,Completed,PayPal
104816,119,7,2025-06-02,Completed,Bank Transfer
104817,702,35,2024-07-19,Completed,Invoice
104818,270,7,2026-03-19,Completed,Credit Card
104819,168,73,2025-06-29,Completed,Credit Card
104820,866,2,2025-01-20,In Progress,Invoice
104821,896,27,2024-07-26,Completed,Credit Card
104822,247,27,2024-05-24,In Progress,Bank Transfer
104823,191,2,2024-06-05,Completed,Credit Card
104824,347,27,2023-10-14,Cancelled,Invoice
104825,453,73,2026-02-05,Completed,Invoice
104826,284,7,2024-03-21,In Progress,Invoice
104827,116,5,2025-11-01,In Progress,Bank Transfer
104828,416,2,2024-09-01,In Progress,PayPal
104829,160,72,2023-10-02,Completed,Bank Transfer
104830,583,72,2024-08-25,Completed,Credit Card
104831,822,68,2025-08-11,Completed,Credit Card
104832,487,1,2026-07-18,Completed,Invoice
104833,108,1,2024-02-04,Completed,Credit Card
104834,702,68,2024-03-04,Completed,Bank Transfer
104835,368,27,2023-11-30,Cancelled,Bank Transfer
104836,847,35,2024-11-19,Cancelled,Credit Card
104837,120,73,2023-12-01,Completed,Invoice
104838,829,72,2023-12-29,Cancelled,Invoice
104839,136,5,2023-09-21,In Progress,Bank Transfer
104840,90,5,2026-05-02,Cancelled,PayPal
104841,880,1,2025-05-07,In Progress,PayPal
104842,697,35,2023-10-06,Cancelled,Credit Card
104843,409,55,2024-05-29,Cancelled,Credit Card
104844,959,72,2023-08-21,In Progress,Invoice
104845,120,73,2024-05-09,Cancelled,Bank Transfer
104846,796,35,2026-05-26,In Progress,Credit Card
104847,148,1,2025-09-28,Completed,Credit Card
104848,427,55,2025-08-25,In Progress,Credit Card
104849,325,72,2026-03-04,In Progress,PayPal
104850,301,35,2024-02-05,Completed,Bank Transfer
104851,612,2,2026-04-05,In Progress,Credit Card
104852,717,7,2024-08-19,In Progress,Invoice
104853,2,1,2025-08-23,Completed,PayPal
104854,71,35,2025-06-26,Completed,PayPal
104855,216,2,2025-05-02,Completed,Bank Transfer
104856,29,1,2024-05-21,In Progress,Credit Card
104857,259,1,2025-04-24,Completed,PayPal
104858,787,73,2026-07-20,Completed,Bank Transfer
104859,301,1,2023-09-30,Cancelled,Credit Card
104860,291,2,2024-03-10,Completed,Credit Card
104861,772,55,2026-02-17,In Progress,PayPal
104862,398,68,2026-04-22,In Progress,Credit Card
104863,858,27,2025-02-13,Completed,Bank Transfer
104864,156,72,2024-10-12,Completed,Credit Card
104865,33,73,2024-08-21,In Progress,Credit Card
104866,691,2,2024-08-12,Completed,Invoice
104867,13,72,2023-09-18,Completed,Bank Transfer
104868,172,73,2025-03-16,Completed,Invoice
104869,963,27,2025-11-12,Completed,PayPal
104870,394,27,2026-06-23,Cancelled,PayPal
104871,145,55,2025-04-21,In Progress,Invoice
104872,962,5,2023-10-21,Completed,Credit Card
104873,918,68,2024-07-22,Cancelled,Invoice
104874,793,68,2025-03-05,Cancelled,Bank Transfer
104875,17,73,2023-09-10,Completed,Invoice
104876,394,73,2025-01-22,Completed,Credit Card
104877,882,7,2023-10-01,Completed,Invoice
104878,874,27,2026-03-15,Cancelled,PayPal
104879,299,2,2026-05-31,Cancelled,Invoice
104880,631,73,2023-10-09,In Progress,Invoice
104881,315,2,2023-12-17,In Progress,Credit Card
104882,418,2,2024-02-26,Completed,PayPal
104883,429,73,2024-12-02,Completed,Bank Transfer
104884,980,5,2024-09-08,Cancelled,Invoice
104885,382,7,2026-02-23,Completed,Credit Card
104886,281,7,2025-07-31,Cancelled,Bank Transfer
104887,450,7,2023-10-21,Completed,PayPal
104888,268,5,2026-02-18,In Progress,Credit Card
104889,417,5,2026-01-30,Completed,Invoice
104890,608,5,2026-01-08,In Progress,PayPal
104891,840,73,2025-05-23,Completed,Credit Card
104892,60,2,2025-09-23,In Progress,PayPal
104893,107,1,2026-04-04,In Progress,Credit Card
104894,699,72,2023-11-03,Cancelled,Credit Card
104895,511,5,2023-10-16,Completed,Credit Card
104896,718,7,2024-08-30,Completed,Invoice
104897,213,27,2024-02-10,Completed,Bank Transfer
104898,266,5,2024-07-17,Cancelled,Bank Transfer
104899,315,72,2024-01-30,In Progress,Invoice
104900,302,55,2024-10-19,Completed,Bank Transfer
104901,648,1,2025-03-11,In Progress,PayPal
104902,405,72,2025-10-08,Completed,PayPal
104903,154,7,2024-07-20,Cancelled,PayPal
104904,175,27,2024-11-14,Completed,Bank Transfer
104905,78,5,2026-07-12,In Progress,Invoice
104906,84,1,2025-05-08,Completed,PayPal
104907,49,55,2024-02-21,In Progress,Invoice
104908,823,55,2023-10-09,Cancelled,Bank Transfer
104909,94,2,2026-03-16,Completed,Credit Card
104910,467,2,2024-03-05,Completed,Credit Card
104911,95,55,2024-09-25,Completed,Credit Card
104912,978,5,2024-05-14,Cancelled,Bank Transfer
104913,59,1,2025-07-11,In Progress,Invoice
104914,96,35,2024-04-19,Completed,Invoice
104915,265,5,2025-03-11,Completed,Credit Card
104916,699,73,2025-07-27,In Progress,Bank Transfer
104917,57,72,2026-02-08,In Progress,Bank Transfer
104918,752,2,2023-07-30,Cancelled,PayPal
104919,621,7,2024-01-30,Completed,PayPal
104920,219,55,2023-09-04,Completed,Bank Transfer
104921,328,73,2024-01-13,Completed,PayPal
104922,660,68,2024-06-29,Completed,Bank Transfer
104923,531,35,2026-02-14,Cancelled,Credit Card
104924,597,7,2024-11-02,Completed,Invoice
104925,726,5,2025-09-19,Completed,Invoice
104926,760,55,2026-03-26,Completed,Credit Card
104927,123,2,2023-10-17,Cancelled,Credit Card
104928,574,1,2025-02-06,Cancelled,Invoice
104929,264,5,2026-06-26,In Progress,Credit Card
104930,139,55,2023-10-05,Completed,PayPal
104931,510,5,2026-05-27,In Progress,Bank Transfer
104932,892,7,2023-08-08,In Progress,Invoice
104933,809,72,2025-09-19,In Progress,PayPal
104934,505,7,2024-10-22,Completed,Bank Transfer
104935,255,72,2026-02-12,Completed,Bank Transfer
104936,895,73,2026-04-09,Completed,Credit Card
104937,202,2,2025-07-22,Completed,Credit Card
104938,901,5,2024-01-11,Completed,Bank Transfer
104939,607,5,2024-09-17,Completed,Invoice
104940,613,72,2026-02-02,In Progress,PayPal
104941,921,72,2025-12-06,In Progress,Bank Transfer
104942,578,1,2025-11-01,Completed,Invoice
104943,340,27,2026-03-01,Completed,PayPal
104944,908,55,2026-06-14,Cancelled,Credit Card
104945,452,5,2025-06-16,Completed,Credit Card
104946,426,7,2024-12-16,Completed,PayPal
104947,135,35,2024-08-22,Completed,Bank Transfer
104948,612,68,2025-06-30,Completed,Credit Card
104949,12,27,2024-07-21,Cancelled,Credit Card
104950,42,27,2023-09-15,Completed,PayPal
104951,61,72,2025-01-17,In Progress,Credit Card
104952,938,2,2024-05-26,Completed,Credit Card
104953,641,73,2024-06-29,Completed,Bank Transfer
104954,757,35,2024-12-27,Completed,PayPal
104955,825,55,2025-03-09,Completed,Invoice
104956,530,2,2025-12-14,In Progress,Credit Card
104957,381,72,2024-11-07,Completed,Credit Card
104958,580,2,2024-11-07,In Progress,PayPal
104959,188,7,2024-11-01,In Progress,Bank Transfer
104960,171,2,2024-02-22,In Progress,Bank Transfer
104961,442,2,2025-03-09,Completed,PayPal
104962,34,27,2025-12-30,Completed,Bank Transfer
104963,885,1,2026-05-01,Completed,Bank Transfer
104964,95,27,2024-09-09,In Progress,Invoice
104965,536,72,2024-05-04,Completed,PayPal
104966,894,2,2024-10-01,Completed,PayPal
104967,821,35,2024-02-16,Cancelled,PayPal
104968,797,73,2025-11-13,Cancelled,PayPal
104969,524,1,2024-10-23,Completed,Credit Card
104970,31,2,2024-09-04,Completed,Bank Transfer
104971,320,2,2025-09-25,Completed,Invoice
104972,113,73,2026-07-04,Completed,PayPal
104973,498,55,2025-02-24,In Progress,PayPal
104974,606,55,2025-10-30,Completed,Credit Card
104975,982,27,2025-08-03,In Progress,Invoice
104976,945,68,2025-10-13,Completed,Credit Card
104977,364,72,2026-03-14,Completed,Invoice
104978,447,27,2024-03-08,In Progress,Bank Transfer
104979,881,2,2025-09-20,Completed,PayPal
104980,69,73,2024-01-01,Completed,PayPal
104981,165,35,2026-06-19,Cancelled,Credit Card
104982,733,68,2023-08-08,In Progress,Bank Transfer
104983,361,2,2025-08-26,Completed,Invoice
104984,114,2,2024-05-28,In Progress,Bank Transfer
104985,149,72,2025-09-29,Cancelled,Bank Transfer
104986,217,72,2025-02-08,Completed,Invoice
104987,19,68,2024-11-29,Completed,Credit Card
104988,702,1,2025-02-26,Completed,Credit Card
104989,677,68,2024-03-23,Completed,Invoice
104990,955,7,2025-05-22,Cancelled,PayPal
104991,578,55,2025-03-17,Completed,Bank Transfer
104992,8,5,2026-01-20,Completed,Invoice
104993,359,5,2023-08-06,Cancelled,Credit Card
104994,682,7,2024-11-10,Cancelled,Bank Transfer
104995,896,55,2024-06-29,In Progress,Credit Card
104996,877,7,2025-01-18,Cancelled,Credit Card
104997,427,1,2023-12-18,Completed,Credit Card
104998,868,27,2025-12-27,Completed,Bank Transfer
104999,585,73,2026-07-23,Completed,Bank Transfer
105000,729,2,2024-03-23,Cancelled,Credit Card
105001,627,1,2024-11-22,Completed,Credit Card
105002,420,73,2026-06-30,Completed,Credit Card
105003,562,35,2026-01-27,Completed,Invoice
105004,616,2,2025-07-10,In Progress,PayPal
105005,950,7,2024-11-06,In Progress,Invoice
105006,416,5,2026-03-15,In Progress,PayPal
105007,353,35,2025-07-29,In Progress,Bank Transfer
105008,358,72,2024-09-17,In Progress,Credit Card
105009,467,35,2026-02-08,In Progress,Credit Card
105010,767,5,2025-01-30,Completed,Invoice
105011,544,35,2026-05-31,Completed,Bank Transfer
105012,430,35,2024-05-16,Completed,PayPal
105013,335,1,2026-07-01,Completed,Credit Card
105014,906,7,2025-05-11,Completed,Bank Transfer
105015,981,5,2025-02-08,Completed,Invoice
105016,338,72,2026-03-15,In Progress,Invoice
105017,419,68,2025-12-10,Completed,PayPal
105018,102,27,2026-04-27,Completed,Credit Card
105019,449,7,2024-09-03,Completed,Bank Transfer
105020,682,1,2024-06-27,Cancelled,Credit Card
105021,113,1,2023-10-31,Cancelled,Credit Card
105022,436,55,2026-03-29,Cancelled,Bank Transfer
105023,962,5,2024-11-24,Completed,Invoice
105024,298,55,2025-10-02,Completed,Invoice
105025,59,1,2026-02-20,Cancelled,Bank Transfer
105026,786,1,2024-08-08,In Progress,Bank Transfer
105027,472,35,2024-12-26,Completed,Credit Card
105028,106,2,2025-06-20,Cancelled,PayPal
105029,249,55,2026-04-27,Completed,Credit Card
105030,955,55,2025-06-15,Completed,PayPal
105031,123,35,2026-05-03,Completed,Credit Card
105032,973,73,2024-10-06,Completed,Bank Transfer
105033,788,27,2024-12-05,Completed,Invoice
105034,633,72,2023-11-14,Completed,PayPal
105035,700,55,2024-07-14,Completed,Credit Card
105036,199,2,2023-10-17,Completed,Invoice
105037,320,55,2024-12-17,In Progress,Bank Transfer
105038,861,7,2025-11-14,Completed,Credit Card
105039,683,1,2024-06-11,Cancelled,PayPal
105040,55,35,2025-01-19,Completed,Invoice
105041,734,73,2025-12-16,Cancelled,Credit Card
105042,286,68,2026-03-22,Completed,Credit Card
105043,932,72,2024-12-02,In Progress,Invoice
105044,629,55,2026-07-11,In Progress,PayPal
105045,676,73,2026-07-09,Cancelled,PayPal
105046,847,35,2023-10-21,Completed,PayPal
105047,130,27,2025-11-18,Cancelled,PayPal
105048,798,7,2025-01-16,Cancelled,PayPal
105049,963,55,2023-12-18,Completed,Bank Transfer
105050,404,1,2025-12-09,Completed,Bank Transfer
105051,512,27,2025-08-16,In Progress,Credit Card
105052,225,27,2025-06-14,Completed,Bank Transfer
105053,169,2,2025-11-28,Completed,Invoice
105054,207,72,2026-01-16,Completed,PayPal
105055,856,55,2025-01-06,In Progress,Credit Card
105056,34,68,2026-05-25,Cancelled,Credit Card
105057,21,27,2024-03-06,In Progress,Credit Card
105058,712,7,2026-04-11,Completed,Bank Transfer
105059,956,55,2025-12-01,Completed,Credit Card
105060,673,1,2024-10-16,Completed,PayPal
105061,474,2,2026-01-04,In Progress,Invoice
105062,884,1,2025-12-12,Cancelled,Bank Transfer
105063,552,68,2025-05-19,Completed,Invoice
105064,964,68,2024-02-17,In Progress,Invoice
105065,319,35,2024-10-09,Completed,Bank Transfer
105066,857,73,2026-02-13,Completed,Bank Transfer
105067,866,7,2025-10-09,Cancelled,PayPal
105068,860,7,2026-03-27,In Progress,Credit Card
105069,901,7,2024-06-28,Completed,Bank Transfer
105070,722,2,2024-02-29,Completed,PayPal
105071,595,55,2024-05-27,In Progress,Invoice
105072,916,72,2026-06-16,Completed,PayPal
105073,46,5,2024-08-08,Completed,Invoice
105074,30,35,2026-01-31,Completed,Bank Transfer
105075,800,5,2025-07-25,Completed,Invoice
105076,811,2,2024-06-10,Cancelled,Invoice
105077,676,2,2024-09-22,Cancelled,PayPal
105078,748,7,2025-04-09,Completed,Invoice
105079,767,5,2024-12-31,In Progress,Credit Card
105080,180,73,2025-03-14,In Progress,Credit Card
105081,55,35,2025-05-30,Completed,Bank Transfer
105082,750,27,2024-07-19,In Progress,Invoice
105083,168,7,2024-04-03,Completed,Bank Transfer
105084,189,7,2023-11-23,Cancelled,Credit Card
105085,514,55,2024-04-10,Completed,Invoice
105086,102,55,2026-05-25,Completed,Bank Transfer
105087,260,7,2025-12-18,Cancelled,Invoice
105088,714,55,2024-08-08,Completed,Credit Card
105089,670,35,2024-08-16,In Progress,Bank Transfer
105090,34,7,2026-01-27,Completed,PayPal
105091,353,55,2023-11-01,Completed,Bank Transfer
105092,701,55,2024-06-17,Cancelled,PayPal
105093,612,35,2025-01-22,Completed,Invoice
105094,556,1,2024-04-26,In Progress,PayPal
105095,504,72,2024-02-27,Cancelled,Bank Transfer
105096,517,72,2026-01-17,Completed,Invoice
105097,829,68,2023-08-06,Completed,Bank Transfer
105098,424,27,2025-12-10,Completed,Invoice
105099,353,72,2024-08-24,Completed,PayPal
105100,947,72,2025-09-14,In Progress,PayPal
105101,922,73,2025-08-21,Completed,Bank Transfer
105102,290,7,2025-10-15,Completed,Credit Card
105103,888,2,2025-09-29,In Progress,Credit Card
105104,463,68,2024-02-04,Completed,Bank Transfer
105105,230,2,2026-04-22,Cancelled,Invoice
105106,973,73,2026-05-06,Completed,Invoice
105107,534,73,2024-12-19,In Progress,Bank Transfer
105108,264,27,2025-11-16,Completed,Bank Transfer
105109,150,72,2024-03-29,Completed,Invoice
105110,46,2,2024-07-31,Completed,Bank Transfer
105111,223,1,2024-11-14,Completed,Credit Card
105112,292,72,2026-03-09,Completed,Credit Card
105113,209,72,2023-12-01,Completed,Invoice
105114,769,68,2026-06-03,Completed,Invoice
105115,337,73,2026-05-17,Completed,Credit Card
105116,337,1,2026-06-16,Completed,Bank Transfer
105117,586,55,2024-07-18,Completed,PayPal
105118,346,73,2025-11-20,Completed,Credit Card
105119,73,2,2024-10-05,Completed,Bank Transfer
105120,273,68,2026-02-25,Completed,Credit Card
105121,361,1,2024-03-01,Completed,Credit Card
105122,105,7,2026-05-24,Completed,Bank Transfer
105123,42,27,2025-04-20,Completed,Credit Card
105124,733,7,2024-04-13,Completed,Invoice
105125,601,35,2025-06-05,In Progress,Credit Card
105126,641,27,2026-06-03,Completed,Bank Transfer
105127,858,55,2026-03-06,Cancelled,Bank Transfer
105128,349,68,2025-03-03,Completed,Bank Transfer
105129,396,73,2025-07-06,Cancelled,PayPal
105130,287,72,2024-06-17,Completed,Invoice
105131,309,68,2025-08-11,Completed,Credit Card
105132,177,2,2026-01-04,Completed,Invoice
105133,629,7,2026-01-12,Completed,PayPal
105134,478,55,2025-06-01,Completed,Bank Transfer
105135,512,55,2023-12-19,Completed,Credit Card
105136,194,7,2025-06-27,Completed,Credit Card
105137,355,55,2024-07-02,Completed,PayPal
105138,164,72,2024-10-03,Cancelled,PayPal
105139,763,68,2025-01-14,Cancelled,Bank Transfer
105140,306,68,2026-06-22,Cancelled,Credit Card
105141,32,55,2025-05-05,Completed,Invoice
105142,526,55,2024-11-16,Completed,Bank Transfer
105143,626,73,2025-05-05,Cancelled,PayPal
105144,497,7,2024-07-02,In Progress,PayPal
105145,428,7,2024-02-14,Completed,PayPal
105146,755,2,2026-04-17,Completed,PayPal
105147,392,72,2025-04-05,Completed,Credit Card
105148,573,7,2024-05-06,Completed,PayPal
105149,833,2,2026-02-10,Completed,PayPal
105150,261,5,2026-03-24,Completed,Credit Card
105151,589,72,2025-08-01,In Progress,Invoice
105152,576,2,2024-05-24,Completed,Credit Card
105153,138,1,2025-08-17,Cancelled,Bank Transfer
105154,107,5,2024-10-19,Completed,Invoice
105155,801,1,2025-12-17,In Progress,Bank Transfer
105156,10,68,2023-12-30,Cancelled,Bank Transfer
105157,343,2,2024-12-01,In Progress,Credit Card
105158,494,27,2023-11-13,Completed,PayPal
105159,161,35,2023-09-20,Cancelled,PayPal
105160,822,7,2025-08-18,Completed,Bank Transfer
105161,629,73,2025-11-27,Completed,PayPal
105162,881,68,2023-08-20,Completed,Bank Transfer
105163,834,1,2025-08-13,In Progress,Invoice
105164,911,73,2026-02-22,Completed,Invoice
105165,717,73,2024-09-24,Completed,Invoice
105166,752,7,2026-05-21,Completed,Bank Transfer
105167,646,68,2024-10-17,Completed,PayPal
105168,363,2,2025-09-12,In Progress,Bank Transfer
105169,943,27,2025-06-22,Completed,Bank Transfer
105170,228,73,2025-07-03,Completed,PayPal
105171,662,7,2024-03-27,Completed,Bank Transfer
105172,711,5,2024-11-14,Completed,Credit Card
105173,396,1,2024-10-25,Completed,Credit Card
105174,974,27,2025-10-11,In Progress,Credit Card
105175,379,5,2025-03-01,Completed,Bank Transfer
105176,790,7,2024-01-16,Completed,PayPal
105177,482,27,2023-08-06,Completed,Credit Card
105178,819,35,2024-02-07,Completed,Credit Card
105179,841,68,2025-05-16,Completed,PayPal
105180,6,68,2026-01-04,Completed,Invoice
105181,607,72,2024-04-16,Completed,Credit Card
105182,450,27,2026-05-05,In Progress,PayPal
105183,393,72,2023-11-14,Completed,Invoice
105184,389,2,2026-04-08,Completed,PayPal
105185,659,68,2026-07-14,Completed,Bank Transfer
105186,688,2,2026-04-29,Completed,Credit Card
105187,143,73,2024-11-26,In Progress,Credit Card
105188,690,55,2024-01-25,Completed,Invoice
105189,885,2,2024-06-06,In Progress,PayPal
105190,444,1,2025-06-11,Cancelled,PayPal
105191,180,68,2025-09-25,Completed,Credit Card
105192,102,1,2024-08-02,In Progress,Invoice
105193,149,55,2026-05-26,In Progress,Bank Transfer
105194,230,35,2026-04-14,Completed,Bank Transfer
105195,12,72,2025-07-07,Completed,PayPal
105196,719,5,2025-02-28,Cancelled,Bank Transfer
105197,734,2,2024-05-12,Completed,Invoice
105198,664,1,2023-11-23,In Progress,Invoice
105199,871,73,2024-12-31,Completed,Bank Transfer
105200,881,55,2025-08-26,Completed,Credit Card
105201,708,73,2025-11-23,Completed,Bank Transfer
105202,515,27,2025-01-07,Completed,PayPal
105203,419,73,2026-05-13,Completed,Bank Transfer
105204,563,27,2024-06-08,In Progress,Invoice
105205,887,5,2026-03-31,Completed,Invoice
105206,370,1,2024-12-09,Completed,Invoice
105207,752,2,2024-10-30,In Progress,Credit Card
105208,907,72,2024-06-16,Completed,Credit Card
105209,903,2,2025-04-18,Completed,PayPal
105210,380,55,2026-01-27,In Progress,PayPal
105211,722,7,2024-11-29,Cancelled,Bank Transfer
105212,325,5,2024-10-21,Completed,Credit Card
105213,4,1,2024-04-18,Completed,Invoice
105214,759,1,2025-01-28,Completed,Invoice
105215,300,68,2023-08-26,Completed,Credit Card
105216,238,1,2025-07-01,Completed,Bank Transfer
105217,385,72,2024-07-10,Completed,PayPal
105218,4,68,2024-02-09,Completed,Credit Card
105219,580,27,2025-12-22,Completed,Credit Card
105220,508,7,2023-08-03,Cancelled,Invoice
105221,423,1,2026-01-25,Completed,Credit Card
105222,955,55,2026-04-18,Completed,Bank Transfer
105223,702,5,2026-05-22,Completed,PayPal
105224,813,27,2024-03-31,Completed,Credit Card
105225,534,35,2024-01-04,Completed,Bank Transfer
105226,551,35,2023-12-24,Cancelled,Invoice
105227,273,1,2024-12-15,Completed,Credit Card
105228,168,55,2024-01-15,Completed,PayPal
105229,304,35,2025-04-29,Cancelled,Bank Transfer
105230,909,27,2024-07-20,In Progress,PayPal
105231,698,27,2025-06-02,Cancelled,Bank Transfer
105232,318,72,2024-03-22,Completed,Bank Transfer
105233,343,72,2024-08-14,Completed,PayPal
105234,207,7,2025-07-10,In Progress,Invoice
105235,707,27,2024-08-31,Completed,Bank Transfer
105236,232,35,2025-12-13,Completed,PayPal
105237,639,72,2023-09-14,Cancelled,PayPal
105238,718,7,2024-05-13,Completed,Credit Card
105239,703,2,2023-11-25,Completed,PayPal
105240,677,72,2025-10-06,Completed,PayPal
105241,968,2,2024-11-04,Cancelled,Credit Card
105242,552,5,2026-07-10,Completed,Credit Card
105243,565,35,2023-08-09,Completed,PayPal
105244,93,73,2024-08-14,Completed,Invoice
105245,563,68,2026-03-21,In Progress,Credit Card
105246,130,5,2025-04-13,Completed,Invoice
105247,455,7,2023-11-10,Completed,PayPal
105248,137,72,2025-06-10,Cancelled,PayPal
105249,833,5,2025-05-29,Completed,Credit Card
105250,951,7,2025-10-07,Completed,PayPal
105251,452,27,2024-04-01,In Progress,Credit Card
105252,459,35,2026-07-18,Completed,PayPal
105253,45,1,2023-11-05,Completed,Bank Transfer
105254,881,2,2024-04-01,Completed,Credit Card
105255,723,68,2026-05-24,Cancelled,PayPal
105256,448,2,2025-03-06,In Progress,Bank Transfer
105257,487,35,2023-12-01,Cancelled,PayPal
105258,880,72,2023-09-18,Cancelled,Invoice
105259,89,73,2024-05-20,In Progress,Invoice
105260,460,27,2025-04-22,Completed,Invoice
105261,371,73,2023-08-21,Cancelled,PayPal
105262,809,55,2025-03-29,Cancelled,Invoice
105263,120,2,2026-02-21,Completed,Credit Card
105264,996,68,2026-07-12,Cancelled,Bank Transfer
105265,90,1,2023-07-27,Completed,Credit Card
105266,931,27,2024-09-29,Completed,PayPal
105267,272,68,2024-07-07,Completed,Bank Transfer
105268,466,73,2024-05-22,Completed,Bank Transfer
105269,921,5,2025-10-23,Completed,PayPal
105270,667,2,2024-01-05,In Progress,Invoice
105271,690,7,2026-02-20,Completed,PayPal
105272,716,55,2024-05-11,Completed,PayPal
105273,975,35,2024-04-17,In Progress,PayPal
105274,34,68,2024-07-31,Cancelled,Invoice
105275,444,35,2026-06-15,Cancelled,Bank Transfer
105276,431,35,2024-06-25,In Progress,Bank Transfer
105277,917,2,2024-10-18,In Progress,Bank Transfer
105278,384,35,2025-07-14,Completed,PayPal
105279,70,27,2024-07-07,Completed,Bank Transfer
105280,694,55,2026-05-13,In Progress,Invoice
105281,999,35,2024-01-12,Cancelled,Bank Transfer
105282,507,2,2024-04-03,Completed,PayPal
105283,364,1,2024-01-12,Cancelled,Bank Transfer
105284,688,35,2023-10-31,In Progress,Invoice
105285,715,73,2025-06-15,Completed,Bank Transfer
105286,958,55,2026-04-16,Cancelled,Credit Card
105287,527,1,2024-11-05,Completed,Bank Transfer
105288,454,72,2025-08-04,In Progress,Invoice
105289,662,55,2025-11-16,Completed,Credit Card
105290,904,35,2024-11-11,Cancelled,Credit Card
105291,762,27,2025-05-10,Completed,Credit Card
105292,912,55,2024-01-29,Completed,Invoice
105293,573,2,2025-04-04,Completed,Bank Transfer
105294,499,7,2023-12-21,Cancelled,Invoice
105295,528,2,2026-02-18,Completed,Credit Card
105296,935,1,2026-03-06,In Progress,PayPal
105297,446,68,2025-12-07,Completed,Bank Transfer
105298,748,55,2024-05-05,In Progress,Invoice
105299,497,5,2026-01-17,In Progress,Invoice
105300,694,7,2025-06-02,Cancelled,Invoice
105301,841,5,2024-10-06,Cancelled,Bank Transfer
105302,504,68,2024-02-06,Completed,Invoice
105303,8,2,2025-02-25,Cancelled,Invoice
105304,864,73,2026-05-27,In Progress,PayPal
105305,695,68,2023-08-23,Cancelled,Credit Card
105306,233,5,2025-03-12,Cancelled,Invoice
105307,195,1,2023-12-29,Completed,Invoice
105308,310,35,2026-04-02,Completed,Bank Transfer
105309,421,5,2023-08-22,Cancelled,PayPal
105310,391,73,2024-01-04,Completed,Invoice
105311,944,68,2024-08-20,Completed,Credit Card
105312,704,72,2024-09-20,Completed,Invoice
105313,836,72,2024-04-14,Cancelled,Bank Transfer
105314,558,68,2025-07-08,Completed,PayPal
105315,645,27,2024-11-04,Completed,Invoice
105316,63,7,2024-05-08,Completed,Credit Card
105317,369,35,2025-02-05,Completed,Bank Transfer
105318,202,55,2024-04-21,Completed,Invoice
105319,592,72,2025-07-02,Completed,Credit Card
105320,1000,1,2025-07-28,Completed,Bank Transfer
105321,991,72,2023-12-22,Completed,Credit Card
105322,589,2,2025-05-11,Completed,Invoice
105323,292,1,2025-06-05,Completed,Credit Card
105324,326,2,2025-02-22,In Progress,PayPal
105325,596,5,2025-04-02,Completed,PayPal
105326,860,5,2026-05-29,Completed,Bank Transfer
105327,203,35,2023-12-14,In Progress,Bank Transfer
105328,5,73,2024-11-19,In Progress,Bank Transfer
105329,598,1,2025-08-25,In Progress,Bank Transfer
105330,928,7,2024-08-20,Completed,Invoice
105331,603,5,2025-12-06,In Progress,Bank Transfer
105332,378,72,2025-09-15,Completed,Credit Card
105333,775,73,2023-10-11,Completed,Bank Transfer
105334,448,5,2026-02-11,Cancelled,Bank Transfer
105335,954,55,2025-01-15,Completed,PayPal
105336,307,2,2023-08-31,Completed,Credit Card
105337,30,72,2024-10-13,Completed,Credit Card
105338,742,1,2024-04-17,In Progress,Bank Transfer
105339,446,27,2025-10-28,Cancelled,Invoice
105340,393,1,2024-05-19,In Progress,Bank Transfer
105341,41,1,2025-12-01,In Progress,Credit Card
105342,743,7,2024-09-28,Cancelled,Bank Transfer
105343,573,68,2026-03-16,Completed,Bank Transfer
105344,680,7,2024-08-21,Completed,Credit Card
105345,720,35,2024-02-29,In Progress,Invoice
105346,938,7,2025-08-18,Completed,PayPal
105347,30,68,2025-09-13,Completed,Bank Transfer
105348,639,73,2024-05-01,Completed,Credit Card
105349,167,7,2026-07-08,In Progress,Bank Transfer
105350,834,1,2025-12-22,Completed,Credit Card
105351,132,73,2026-05-18,Completed,Invoice
105352,461,68,2025-10-10,In Progress,Invoice
105353,257,1,2024-01-18,In Progress,Invoice
105354,63,7,2024-09-14,Cancelled,Credit Card
105355,233,1,2024-11-14,In Progress,Invoice
105356,818,27,2023-10-18,In Progress,Credit Card
105357,287,55,2025-08-13,In Progress,Bank Transfer
105358,95,55,2026-05-05,Completed,Invoice
105359,327,2,2025-03-24,Completed,PayPal
105360,12,72,2023-11-06,In Progress,Credit Card
105361,569,35,2025-03-21,Completed,Bank Transfer
105362,108,5,2024-01-01,Completed,Bank Transfer
105363,47,72,2025-08-17,In Progress,PayPal
105364,271,5,2024-05-04,Completed,Bank Transfer
105365,611,1,2026-06-24,Completed,Bank Transfer
105366,347,1,2025-05-04,Cancelled,PayPal
105367,219,1,2023-08-10,Completed,Credit Card
105368,189,35,2024-02-27,Completed,PayPal
105369,746,72,2024-01-03,Completed,Bank Transfer
105370,184,2,2026-05-18,In Progress,PayPal
105371,527,1,2025-06-06,Completed,Credit Card
105372,585,35,2026-05-01,Completed,Bank Transfer
105373,908,1,2025-06-19,Completed,Invoice
105374,232,5,2025-12-29,Completed,PayPal
105375,126,68,2026-02-06,In Progress,PayPal
105376,166,7,2025-05-25,Completed,Invoice
105377,765,1,2024-07-17,Completed,Bank Transfer
105378,430,5,2026-06-20,Completed,Invoice
105379,196,1,2023-12-08,Cancelled,Bank Transfer
105380,640,27,2025-09-21,Cancelled,Invoice
105381,911,1,2024-09-07,Completed,Credit Card
105382,399,55,2024-11-11,In Progress,PayPal
105383,55,72,2025-12-29,In Progress,Invoice
105384,778,27,2025-06-18,Completed,Invoice
105385,329,5,2024-12-22,Cancelled,Bank Transfer
105386,865,7,2024-08-01,Completed,Bank Transfer
105387,732,7,2024-07-15,Completed,Credit Card
105388,685,68,2023-09-15,Completed,PayPal
105389,56,55,2024-02-21,Completed,Credit Card
105390,195,73,2025-04-13,Completed,Invoice
105391,726,72,2025-08-04,In Progress,Credit Card
105392,208,72,2025-05-12,In Progress,Bank Transfer
105393,83,35,2024-10-05,Completed,Bank Transfer
105394,609,73,2023-08-31,Completed,Credit Card
105395,56,73,2025-10-06,Completed,Invoice
105396,824,27,2025-05-23,In Progress,PayPal
105397,284,1,2024-01-25,Completed,Invoice
105398,622,7,2023-09-29,Completed,Credit Card
105399,796,68,2026-06-03,Completed,PayPal
105400,294,73,2024-04-09,Completed,Invoice
105401,630,2,2025-03-30,In Progress,Bank Transfer
105402,39,1,2025-07-08,Completed,Bank Transfer
105403,486,5,2024-02-08,Completed,Credit Card
105404,874,68,2026-01-14,In Progress,Credit Card
105405,199,5,2026-07-09,In Progress,Bank Transfer
105406,111,55,2023-09-18,In Progress,Invoice
105407,136,5,2024-04-26,In Progress,Bank Transfer
105408,58,2,2023-09-15,Completed,Credit Card
105409,711,7,2025-11-21,In Progress,PayPal
105410,62,68,2026-05-31,In Progress,Bank Transfer
105411,420,68,2025-05-04,In Progress,Bank Transfer
105412,355,27,2024-12-11,Cancelled,Bank Transfer
105413,408,55,2025-06-22,In Progress,Credit Card
105414,916,35,2026-05-21,Completed,Bank Transfer
105415,443,72,2024-02-27,In Progress,PayPal
105416,167,35,2026-06-25,In Progress,PayPal
105417,433,72,2026-04-05,Completed,Bank Transfer
105418,649,1,2025-12-30,Completed,Bank Transfer
105419,739,73,2025-04-19,Completed,PayPal
105420,149,2,2026-06-09,Completed,Credit Card
105421,534,2,2025-07-05,In Progress,Credit Card
105422,279,1,2024-09-03,Completed,Credit Card
105423,267,5,2025-11-01,In Progress,Credit Card
105424,706,35,2026-02-06,In Progress,Bank Transfer
105425,596,68,2025-10-10,Completed,Invoice
105426,956,1,2025-10-25,Completed,PayPal
105427,59,72,2025-06-23,Completed,Invoice
105428,402,5,2025-07-06,Cancelled,PayPal
105429,465,73,2025-05-14,Completed,PayPal
105430,572,72,2024-03-31,In Progress,Invoice
105431,526,72,2023-10-16,Completed,PayPal
105432,768,55,2024-02-21,Completed,Credit Card
105433,540,27,2025-04-13,Completed,Invoice
105434,962,55,2024-11-20,In Progress,PayPal
105435,170,2,2023-12-18,Completed,Invoice
105436,607,1,2023-12-01,Completed,Credit Card
105437,496,7,2026-02-23,Completed,Invoice
105438,943,35,2024-07-24,Completed,Bank Transfer
105439,566,35,2024-06-20,Completed,Credit Card
105440,462,2,2026-03-22,Completed,Credit Card
105441,329,55,2025-07-01,Completed,Invoice
105442,243,27,2024-04-10,Completed,Bank Transfer
105443,964,5,2024-05-03,Completed,PayPal
105444,751,35,2023-11-19,In Progress,Invoice
105445,369,55,2024-12-30,In Progress,Invoice
105446,701,1,2023-09-12,Cancelled,Bank Transfer
105447,749,5,2025-07-23,In Progress,PayPal
105448,328,68,2024-10-06,Completed,Invoice
105449,159,7,2024-06-05,Cancelled,Bank Transfer
105450,780,73,2025-06-17,Cancelled,PayPal
105451,666,2,2025-01-07,Completed,Bank Transfer
105452,910,68,2024-03-18,Cancelled,Invoice
105453,539,7,2026-02-19,Cancelled,Credit Card
105454,559,73,2024-10-03,Completed,Credit Card
105455,319,55,2025-03-10,In Progress,Bank Transfer
105456,856,5,2026-07-04,Completed,PayPal
105457,369,27,2025-11-27,Cancelled,Invoice
105458,791,2,2023-09-01,Completed,Credit Card
105459,85,1,2026-04-09,In Progress,Invoice
105460,583,55,2026-03-03,Completed,Bank Transfer
105461,417,27,2025-05-17,Completed,Credit Card
105462,496,73,2024-11-01,Completed,Bank Transfer
105463,57,68,2025-05-12,Completed,PayPal
105464,969,73,2026-04-13,Cancelled,PayPal
105465,910,72,2025-10-28,In Progress,Bank Transfer
105466,597,2,2025-03-07,In Progress,Invoice
105467,224,55,2026-02-23,Completed,Invoice
105468,175,72,2026-02-21,Completed,Invoice
105469,321,55,2025-11-04,In Progress,PayPal
105470,221,68,2024-12-05,In Progress,Bank Transfer
105471,293,1,2024-09-21,In Progress,Invoice
105472,831,68,2024-04-10,Completed,Credit Card
105473,506,55,2026-04-04,Completed,PayPal
105474,84,73,2025-12-02,In Progress,PayPal
105475,746,2,2025-03-09,Completed,PayPal
105476,253,72,2025-06-16,Completed,Invoice
105477,343,1,2025-05-07,In Progress,Invoice
105478,191,5,2026-05-11,Completed,Credit Card
105479,99,1,2025-11-13,Completed,Credit Card
105480,63,72,2025-02-28,Completed,Bank Transfer
105481,74,55,2025-07-13,Completed,PayPal
105482,256,2,2024-10-15,Completed,Bank Transfer
105483,573,72,2025-11-19,Completed,Invoice
105484,39,2,2024-02-15,Completed,Credit Card
105485,460,73,2025-06-17,In Progress,Credit Card
105486,306,5,2025-03-15,Completed,PayPal
105487,685,73,2026-07-02,Cancelled,Bank Transfer
105488,547,35,2025-01-29,Completed,PayPal
105489,409,55,2025-06-26,Completed,Invoice
105490,417,2,2023-11-08,Completed,Credit Card
105491,670,55,2025-09-06,Completed,Bank Transfer
105492,85,1,2024-04-29,Completed,Invoice
105493,699,72,2026-02-08,Completed,Credit Card
105494,557,73,2025-09-04,Cancelled,Credit Card
105495,781,7,2026-03-27,Completed,Credit Card
105496,721,35,2026-03-24,Cancelled,PayPal
105497,145,35,2026-05-24,Completed,Invoice
105498,319,72,2026-05-18,Cancelled,Credit Card
105499,645,35,2024-01-05,Cancelled,Invoice
105500,293,35,2024-12-26,Cancelled,Bank Transfer
105501,904,73,2023-08-10,Completed,PayPal
105502,151,2,2025-08-01,In Progress,Bank Transfer
105503,804,5,2024-05-12,Completed,Credit Card
105504,107,55,2026-01-13,Completed,Credit Card
105505,92,27,2024-04-29,Cancelled,Bank Transfer
105506,387,2,2026-02-19,Completed,Credit Card
105507,184,27,2024-04-17,Completed,Invoice
105508,978,35,2025-02-21,In Progress,Invoice
105509,341,1,2023-08-18,In Progress,PayPal
105510,393,1,2024-04-25,Completed,Bank Transfer
105511,511,7,2025-08-09,Completed,Credit Card
105512,768,55,2026-03-27,In Progress,PayPal
105513,268,68,2024-11-08,In Progress,PayPal
105514,324,55,2024-09-05,Completed,PayPal
105515,322,1,2026-06-04,Completed,Bank Transfer
105516,432,27,2024-07-10,Completed,PayPal
105517,276,5,2025-06-07,Completed,Invoice
105518,34,5,2025-09-28,Cancelled,Invoice
105519,940,73,2024-07-29,Cancelled,PayPal
105520,141,35,2024-03-28,Completed,PayPal
105521,646,5,2026-06-29,Completed,Invoice
105522,528,5,2025-07-23,Completed,Credit Card
105523,585,68,2025-06-06,Completed,Invoice
105524,784,73,2024-01-13,Completed,Bank Transfer
105525,703,27,2024-08-28,In Progress,Invoice
105526,865,72,2025-11-27,Cancelled,Bank Transfer
105527,388,35,2025-10-31,Completed,Credit Card
105528,389,35,2024-06-02,Completed,Bank Transfer
105529,683,72,2025-11-25,Completed,PayPal
105530,367,27,2025-12-31,Cancelled,Credit Card
105531,89,35,2025-03-16,Completed,PayPal
105532,209,68,2026-02-20,Completed,Bank Transfer
105533,82,1,2026-07-14,Completed,PayPal
105534,381,73,2024-02-09,Completed,PayPal
105535,371,27,2024-01-30,In Progress,Invoice
105536,422,55,2025-05-07,In Progress,Bank Transfer
105537,415,68,2024-10-10,Cancelled,Invoice
105538,85,68,2023-12-22,Completed,Bank Transfer
105539,537,1,2023-10-15,In Progress,PayPal
105540,651,7,2024-04-09,Completed,Credit Card
105541,41,55,2025-11-12,Completed,Credit Card
105542,750,5,2025-02-18,In Progress,PayPal
105543,651,35,2025-02-22,In Progress,PayPal
105544,883,68,2025-08-13,In Progress,Invoice
105545,923,7,2024-05-07,In Progress,Bank Transfer
105546,612,35,2025-04-05,Completed,Bank Transfer
105547,972,72,2025-07-19,In Progress,Invoice
105548,691,55,2024-06-21,Cancelled,Credit Card
105549,349,55,2025-04-01,Completed,Credit Card
105550,230,73,2026-04-20,Completed,PayPal
105551,805,35,2025-02-18,Completed,Invoice
105552,321,35,2024-06-13,Completed,Credit Card
105553,851,72,2025-08-16,Cancelled,Credit Card
105554,367,73,2026-03-17,Cancelled,Credit Card
105555,269,1,2023-08-19,Completed,PayPal
105556,155,1,2025-03-03,Completed,Credit Card
105557,892,27,2026-04-26,Completed,Bank Transfer
105558,105,35,2025-09-22,Completed,Bank Transfer
105559,775,68,2024-07-27,In Progress,PayPal
105560,318,27,2024-03-31,Completed,Credit Card
105561,760,73,2026-05-06,Completed,Invoice
105562,906,68,2026-05-28,Completed,Invoice
105563,672,72,2025-02-25,Completed,PayPal
105564,418,2,2025-12-20,Cancelled,Invoice
105565,219,1,2023-08-11,Completed,Invoice
105566,602,27,2025-07-20,Completed,Bank Transfer
105567,686,55,2026-02-21,Cancelled,Bank Transfer
105568,285,55,2026-03-03,Completed,Invoice
105569,603,68,2025-07-19,In Progress,Bank Transfer
105570,641,72,2025-01-23,Completed,Credit Card
105571,664,1,2026-05-07,Completed,PayPal
105572,199,72,2024-05-07,In Progress,Credit Card
105573,119,35,2025-02-11,Completed,Invoice
105574,651,55,2024-04-23,Completed,Credit Card
105575,322,72,2025-01-24,Completed,Credit Card
105576,13,73,2024-10-23,In Progress,Bank Transfer
105577,777,35,2023-09-21,Completed,Bank Transfer
105578,180,55,2024-07-25,In Progress,PayPal
105579,242,55,2024-12-18,Cancelled,Credit Card
105580,906,55,2023-10-14,Completed,Credit Card
105581,554,72,2025-06-16,In Progress,Bank Transfer
105582,226,73,2025-07-11,Cancelled,Invoice
105583,395,72,2025-09-28,Completed,Invoice
105584,291,55,2024-12-29,Completed,PayPal
105585,834,72,2024-05-18,Completed,Credit Card
105586,280,1,2023-09-12,Cancelled,PayPal
105587,568,68,2025-04-09,Completed,PayPal
105588,576,7,2025-07-28,Completed,Invoice
105589,673,2,2023-12-22,Cancelled,Bank Transfer
105590,48,5,2024-11-23,Cancelled,Invoice
105591,804,68,2024-11-24,Cancelled,Credit Card
105592,416,5,2026-02-12,In Progress,PayPal
105593,173,68,2024-02-16,Completed,Credit Card
105594,246,5,2023-10-14,Cancelled,Invoice
105595,337,68,2026-06-18,Cancelled,Invoice
105596,525,72,2026-01-15,In Progress,Credit Card
105597,261,68,2026-01-05,In Progress,Bank Transfer
105598,985,73,2026-05-10,Completed,Credit Card
105599,835,35,2025-12-24,Completed,Bank Transfer
105600,710,55,2024-01-06,Completed,PayPal
105601,841,27,2025-07-06,Completed,PayPal
105602,830,73,2024-10-29,In Progress,PayPal
105603,1000,68,2024-05-18,Completed,Credit Card
105604,916,68,2025-06-03,In Progress,Credit Card
105605,72,1,2024-04-16,Completed,PayPal
105606,212,68,2024-11-04,Cancelled,Credit Card
105607,771,73,2023-08-21,Completed,PayPal
105608,790,55,2025-06-15,Completed,Invoice
105609,847,35,2023-12-05,Cancelled,Bank Transfer
105610,857,35,2025-09-22,Completed,Credit Card
105611,205,7,2024-11-07,Cancelled,Bank Transfer
105612,275,7,2025-04-08,Completed,PayPal
105613,764,1,2024-07-31,Completed,Invoice
105614,411,55,2024-06-20,Completed,Bank Transfer
105615,915,7,2025-09-01,Cancelled,PayPal
105616,912,27,2025-09-11,Completed,PayPal
105617,333,72,2025-01-04,Completed,PayPal
105618,414,73,2025-11-28,In Progress,Bank Transfer
105619,952,68,2025-02-10,Completed,PayPal
105620,665,68,2024-02-14,Cancelled,Credit Card
105621,867,27,2025-02-05,In Progress,Bank Transfer
105622,644,5,2026-06-01,Completed,Invoice
105623,435,27,2024-10-07,Completed,Invoice
105624,974,73,2025-05-09,Completed,Bank Transfer
105625,477,55,2024-05-29,Completed,Credit Card
105626,621,5,2025-02-18,Cancelled,Invoice
105627,141,27,2025-09-22,Completed,Invoice
105628,83,55,2025-08-04,In Progress,Credit Card
105629,730,2,2025-01-08,Completed,Invoice
105630,177,1,2024-05-15,Completed,PayPal
105631,61,68,2025-12-18,Completed,PayPal
105632,62,27,2026-07-07,Completed,Invoice
105633,843,1,2025-10-02,Completed,Bank Transfer
105634,681,72,2026-03-02,Completed,Credit Card
105635,13,68,2025-08-24,Completed,Bank Transfer
105636,552,73,2024-07-26,In Progress,Invoice
105637,175,1,2025-04-02,Completed,Credit Card
105638,278,1,2024-08-27,Completed,PayPal
105639,83,72,2025-07-04,Completed,PayPal
105640,208,73,2023-08-04,Cancelled,Bank Transfer
105641,964,73,2025-11-28,Cancelled,Bank Transfer
105642,941,68,2024-07-24,Completed,Credit Card
105643,532,5,2025-01-06,Completed,Invoice
105644,723,55,2023-08-25,Cancelled,PayPal
105645,100,27,2026-06-23,Completed,Invoice
105646,785,1,2024-02-02,Completed,Credit Card
105647,997,7,2023-10-15,Completed,PayPal
105648,956,1,2024-12-12,Completed,Credit Card
105649,282,68,2024-03-30,Cancelled,PayPal
105650,243,1,2025-05-29,Cancelled,PayPal
105651,300,5,2025-09-01,Completed,Credit Card
105652,746,27,2023-09-24,Completed,Credit Card
105653,614,72,2024-09-23,In Progress,Invoice
105654,762,1,2026-03-15,Completed,PayPal
105655,552,55,2025-08-27,Completed,Credit Card
105656,980,27,2023-08-04,Cancelled,Bank Transfer
105657,394,5,2025-09-13,Completed,PayPal
105658,789,5,2023-11-28,Completed,PayPal
105659,279,7,2026-03-15,Completed,Bank Transfer
105660,787,55,2025-09-14,In Progress,Credit Card
105661,663,5,2025-09-25,Cancelled,Credit Card
105662,297,5,2025-09-22,Completed,Credit Card
105663,569,35,2026-05-13,Completed,Bank Transfer
105664,297,35,2024-03-20,Completed,Invoice
105665,376,68,2025-07-04,Completed,Credit Card
105666,923,68,2023-08-30,Completed,PayPal
105667,406,55,2023-09-12,Completed,Bank Transfer
105668,501,73,2024-04-20,In Progress,Invoice
105669,181,1,2025-11-19,Completed,Credit Card
105670,591,73,2026-02-25,Completed,Credit Card
105671,695,27,2023-10-02,Completed,PayPal
105672,24,5,2025-12-21,In Progress,Invoice
105673,913,1,2024-07-02,In Progress,PayPal
105674,212,55,2026-03-11,In Progress,Credit Card
105675,461,5,2026-06-12,Completed,Invoice
105676,33,55,2024-11-08,Completed,Credit Card
105677,979,1,2024-08-28,Completed,Invoice
105678,142,1,2025-06-24,Completed,Credit Card
105679,144,73,2025-05-18,Completed,Bank Transfer
105680,927,68,2025-07-22,Cancelled,PayPal
105681,50,7,2024-11-04,Completed,PayPal
105682,150,35,2024-04-10,Cancelled,PayPal
105683,881,68,2026-07-14,Completed,Credit Card
105684,764,68,2025-04-22,Cancelled,Bank Transfer
105685,261,35,2024-12-22,Completed,Credit Card
105686,366,73,2026-05-23,Completed,Credit Card
105687,608,27,2024-12-29,Completed,Invoice
105688,462,2,2024-05-16,Completed,Bank Transfer
105689,16,73,2025-05-29,Completed,PayPal
105690,682,68,2025-11-12,Completed,Credit Card
105691,125,72,2024-01-18,Completed,Bank Transfer
105692,291,68,2024-05-13,Completed,Credit Card
105693,622,27,2023-11-16,Completed,Credit Card
105694,415,73,2024-10-17,Completed,Credit Card
105695,553,68,2024-07-22,Completed,Credit Card
105696,274,72,2026-02-22,Completed,Bank Transfer
105697,143,72,2024-10-31,Completed,PayPal
105698,907,73,2025-12-31,Completed,PayPal
105699,511,68,2024-01-24,Completed,PayPal
105700,16,72,2024-12-25,Completed,Credit Card
105701,678,7,2025-02-28,Completed,Bank Transfer
105702,147,35,2024-07-29,Completed,Credit Card
105703,542,2,2026-03-09,Completed,Bank Transfer
105704,458,1,2026-04-05,Completed,Invoice
105705,811,1,2024-11-27,Completed,Bank Transfer
105706,724,35,2026-02-12,Completed,PayPal
105707,12,1,2023-12-04,Completed,PayPal
105708,663,7,2026-07-09,Completed,Bank Transfer
105709,879,72,2025-10-03,Completed,Invoice
105710,219,1,2025-02-05,Completed,Invoice
105711,782,2,2025-02-05,Completed,Invoice
105712,931,72,2023-11-17,Cancelled,Invoice
105713,904,73,2025-05-10,In Progress,PayPal
105714,332,7,2025-11-03,Cancelled,PayPal
105715,693,7,2024-04-21,Cancelled,PayPal
105716,527,72,2025-08-03,Completed,PayPal
105717,110,68,2023-08-06,Completed,Invoice
105718,571,72,2024-10-05,Completed,PayPal
105719,744,55,2023-11-14,Completed,PayPal
105720,639,72,2026-02-22,Completed,PayPal
105721,807,72,2026-02-28,Cancelled,Bank Transfer
105722,147,27,2025-08-03,Completed,Credit Card
105723,37,68,2024-10-20,In Progress,Credit Card
105724,652,2,2024-02-25,Completed,Invoice
105725,30,5,2026-04-22,Completed,Invoice
105726,505,55,2023-11-27,Completed,Invoice
105727,114,68,2026-06-06,In Progress,Credit Card
105728,482,73,2025-04-17,Completed,Bank Transfer
105729,604,7,2024-10-15,Completed,Invoice
105730,205,55,2026-06-10,Completed,Credit Card
105731,473,1,2024-02-04,Completed,PayPal
105732,252,68,2026-01-18,Completed,Credit Card
105733,775,7,2026-05-23,Completed,Credit Card
105734,737,2,2025-03-30,Cancelled,Bank Transfer
105735,21,1,2025-04-13,In Progress,PayPal
105736,507,35,2024-01-25,Completed,Bank Transfer
105737,749,35,2025-05-13,In Progress,Bank Transfer
105738,607,55,2024-09-09,Completed,Bank Transfer
105739,685,35,2024-11-05,Completed,Invoice
105740,539,5,2024-03-06,Completed,Invoice
105741,375,2,2024-06-30,Completed,PayPal
105742,178,72,2024-06-01,Completed,Credit Card
105743,440,55,2024-01-16,Completed,PayPal
105744,219,55,2025-12-24,Completed,Bank Transfer
105745,1,7,2023-08-27,Completed,PayPal
105746,235,1,2024-03-24,Cancelled,Credit Card
105747,5,5,2025-07-07,In Progress,Credit Card
105748,112,72,2024-08-16,Completed,Bank Transfer
105749,726,72,2026-06-19,In Progress,PayPal
105750,39,35,2026-03-20,Completed,PayPal
105751,205,73,2026-05-29,Completed,Invoice
105752,868,5,2024-06-03,In Progress,Bank Transfer
105753,278,5,2024-05-21,Completed,Credit Card
105754,202,68,2025-04-17,Completed,Credit Card
105755,62,1,2024-01-29,Cancelled,Credit Card
105756,825,55,2024-06-12,Completed,Invoice
105757,472,73,2026-05-25,Completed,PayPal
105758,341,55,2024-09-04,Completed,Invoice
105759,114,7,2023-10-03,Completed,Credit Card
105760,557,73,2024-06-10,Completed,Credit Card
105761,521,2,2025-11-22,Cancelled,PayPal
105762,247,7,2024-03-26,Cancelled,Bank Transfer
105763,90,68,2023-10-19,Completed,PayPal
105764,413,72,2024-07-23,Completed,Credit Card
105765,497,27,2024-10-01,Cancelled,Bank Transfer
105766,793,35,2025-09-07,Cancelled,Invoice
105767,410,1,2024-11-02,Completed,Invoice
105768,818,7,2025-12-04,Cancelled,Invoice
105769,814,35,2024-03-29,Cancelled,PayPal
105770,544,2,2026-06-04,Completed,Credit Card
105771,29,2,2024-06-27,Completed,Invoice
105772,15,27,2024-03-14,Cancelled,PayPal
105773,273,55,2025-11-30,Completed,PayPal
105774,503,2,2024-12-24,In Progress,PayPal
105775,994,73,2023-07-29,Completed,PayPal
105776,276,5,2026-07-07,Cancelled,Invoice
105777,403,2,2025-06-21,Completed,Credit Card
105778,394,55,2025-09-18,Completed,Credit Card
105779,152,35,2026-06-26,Completed,Invoice
105780,633,35,2025-09-24,Completed,PayPal
105781,156,5,2023-10-20,Cancelled,Credit Card
105782,153,73,2025-07-16,Completed,Credit Card
105783,22,55,2024-11-23,Completed,PayPal
105784,355,35,2023-10-22,In Progress,Bank Transfer
105785,774,5,2025-12-07,In Progress,PayPal
105786,58,55,2024-06-04,In Progress,Credit Card
105787,75,73,2024-11-20,In Progress,Invoice
105788,425,7,2024-06-11,Cancelled,Credit Card
105789,917,73,2025-03-11,Completed,Bank Transfer
105790,711,55,2026-01-26,In Progress,Credit Card
105791,606,7,2026-04-14,In Progress,Bank Transfer
105792,57,1,2025-09-03,Completed,Credit Card
105793,282,5,2024-06-23,Completed,Credit Card
105794,334,68,2024-03-15,Completed,PayPal
105795,728,5,2026-06-04,In Progress,Invoice
105796,224,5,2026-03-20,Completed,Bank Transfer
105797,651,68,2024-01-20,Cancelled,Credit Card
105798,871,1,2024-04-30,Cancelled,Credit Card
105799,222,35,2025-06-06,Completed,Bank Transfer
105800,764,5,2025-10-09,Completed,Bank Transfer
105801,383,27,2026-07-11,Completed,PayPal
105802,120,27,2026-05-26,Cancelled,Credit Card
105803,39,2,2025-08-03,In Progress,Credit Card
105804,738,55,2024-01-22,Cancelled,Credit Card
105805,9,55,2024-07-06,Cancelled,PayPal
105806,916,72,2024-03-25,Completed,Credit Card
105807,539,5,2026-07-11,Completed,Credit Card
105808,983,73,2024-08-09,Completed,Invoice
105809,535,35,2025-02-14,Completed,Credit Card
105810,501,1,2025-09-23,Completed,Credit Card
105811,428,35,2023-11-07,Completed,Credit Card
105812,109,72,2024-07-05,Completed,PayPal
105813,621,1,2024-11-01,Completed,Bank Transfer
105814,526,5,2024-07-10,Completed,Invoice
105815,216,73,2025-05-02,In Progress,Credit Card
105816,869,2,2024-01-18,In Progress,Credit Card
105817,255,73,2026-03-08,Completed,Bank Transfer
105818,208,5,2023-11-12,Completed,PayPal
105819,373,27,2025-04-01,In Progress,Bank Transfer
105820,249,7,2025-06-04,Completed,Credit Card
105821,909,55,2024-06-19,Completed,Invoice
105822,516,68,2025-03-12,Completed,PayPal
105823,764,1,2023-09-07,Completed,PayPal
105824,877,72,2024-07-09,Completed,PayPal
105825,623,1,2026-07-22,Completed,Credit Card
105826,897,1,2023-09-27,Cancelled,PayPal
105827,459,2,2024-07-31,In Progress,PayPal
105828,763,72,2026-06-25,Completed,PayPal
105829,850,5,2024-02-18,In Progress,Credit Card
105830,295,2,2023-10-06,Completed,Credit Card
105831,599,27,2025-05-18,In Progress,Bank Transfer
105832,216,5,2026-06-27,Cancelled,Credit Card
105833,66,68,2026-01-07,In Progress,Credit Card
105834,689,1,2025-03-30,Cancelled,PayPal
105835,950,68,2025-05-01,Cancelled,Credit Card
105836,1,73,2026-03-10,Completed,Bank Transfer
105837,49,7,2023-10-24,In Progress,Bank Transfer
105838,572,7,2024-02-06,Completed,Invoice
105839,127,2,2025-06-19,Completed,Bank Transfer
105840,686,2,2025-11-06,Completed,Bank Transfer
105841,959,72,2025-06-07,In Progress,Credit Card
105842,745,7,2025-06-03,Completed,Credit Card
105843,759,68,2023-11-03,Completed,Invoice
105844,551,7,2024-09-17,Completed,Bank Transfer
105845,381,68,2024-01-23,Completed,Invoice
105846,459,68,2025-10-04,In Progress,Credit Card
105847,496,7,2026-01-09,Completed,Credit Card
105848,52,35,2024-06-13,Cancelled,PayPal
105849,862,5,2026-03-22,Completed,Credit Card
105850,14,35,2024-12-20,Completed,Credit Card
105851,398,27,2025-06-06,Completed,Bank Transfer
105852,605,73,2024-03-19,Completed,Bank Transfer
105853,714,35,2024-11-28,Cancelled,PayPal
105854,339,55,2023-09-14,Cancelled,PayPal
105855,262,1,2025-07-11,Completed,Bank Transfer
105856,75,7,2023-09-25,In Progress,Invoice
105857,967,73,2025-11-08,Completed,Credit Card
105858,402,72,2025-09-26,Completed,Credit Card
105859,220,55,2025-02-04,Completed,Invoice
105860,25,35,2023-10-07,Completed,PayPal
105861,156,1,2024-03-29,Completed,Invoice
105862,504,68,2024-09-09,Completed,Credit Card
105863,783,73,2025-09-17,Completed,Credit Card
105864,188,73,2026-05-26,Completed,Invoice
105865,860,73,2023-10-08,In Progress,Credit Card
105866,84,72,2026-05-08,Cancelled,Invoice
105867,278,1,2024-12-23,Completed,Bank Transfer
105868,568,2,2024-02-08,In Progress,PayPal
105869,132,72,2025-04-12,Completed,Invoice
105870,189,27,2024-11-08,Completed,Bank Transfer
105871,626,68,2025-07-03,Completed,PayPal
105872,725,27,2025-10-01,Completed,Credit Card
105873,121,5,2026-06-06,Completed,Credit Card
105874,706,7,2026-03-23,Cancelled,Bank Transfer
105875,612,27,2024-10-12,Completed,PayPal
105876,327,68,2023-12-08,Completed,Bank Transfer
105877,143,72,2025-02-17,In Progress,Invoice
105878,363,7,2024-01-02,Completed,Credit Card
105879,712,73,2023-09-06,Completed,PayPal
105880,236,1,2026-07-14,Cancelled,Credit Card
105881,561,7,2025-04-01,Cancelled,Invoice
105882,534,5,2024-06-17,Completed,PayPal
105883,218,1,2024-11-27,Completed,Invoice
105884,74,7,2023-10-31,In Progress,Credit Card
105885,811,2,2025-10-24,Cancelled,Bank Transfer
105886,446,68,2025-09-29,In Progress,Credit Card
105887,107,55,2024-11-12,Cancelled,Credit Card
105888,747,68,2025-12-31,Completed,Bank Transfer
105889,132,2,2024-05-28,Cancelled,Credit Card
105890,303,1,2024-04-04,Completed,Invoice
105891,893,2,2025-04-27,Completed,Bank Transfer
105892,850,73,2025-01-20,Completed,Invoice
105893,360,2,2024-10-07,Cancelled,Invoice
105894,299,35,2025-10-07,Completed,Bank Transfer
105895,544,55,2025-04-02,Cancelled,Bank Transfer
105896,270,55,2026-07-06,In Progress,Credit Card
105897,183,73,2025-12-10,Completed,PayPal
105898,946,72,2026-07-11,Completed,Bank Transfer
105899,337,5,2026-02-16,In Progress,Bank Transfer
105900,636,1,2024-07-03,In Progress,PayPal
105901,818,73,2025-04-19,Cancelled,Bank Transfer
105902,350,73,2025-05-14,In Progress,Invoice
105903,176,2,2025-12-23,Cancelled,Invoice
105904,974,2,2026-06-27,Completed,Bank Transfer
105905,316,27,2024-02-16,In Progress,Bank Transfer
105906,971,27,2025-02-01,In Progress,Invoice
105907,756,7,2023-08-09,In Progress,Bank Transfer
105908,766,73,2024-04-16,Completed,Bank Transfer
105909,136,1,2024-09-23,Completed,PayPal
105910,880,5,2026-02-20,Completed,Invoice
105911,979,73,2026-01-04,In Progress,Credit Card
105912,769,1,2025-04-05,Completed,Invoice
105913,295,7,2024-01-11,In Progress,Credit Card
105914,831,68,2026-06-20,Cancelled,Credit Card
105915,256,68,2026-06-28,Completed,PayPal
105916,547,1,2025-07-18,Completed,Credit Card
105917,184,7,2024-11-13,Completed,Bank Transfer
105918,869,72,2026-04-15,Cancelled,PayPal
105919,87,73,2025-02-16,In Progress,Bank Transfer
105920,332,35,2026-03-29,In Progress,Bank Transfer
105921,112,55,2025-01-15,Completed,Bank Transfer
105922,771,72,2024-08-06,Completed,Credit Card
105923,703,5,2025-04-07,Cancelled,Credit Card
105924,700,2,2025-08-03,Completed,Invoice
105925,509,68,2024-07-19,Completed,Credit Card
105926,116,73,2024-03-21,Completed,Invoice
105927,473,68,2023-10-28,Completed,Credit Card
105928,675,1,2023-10-29,Completed,PayPal
105929,775,2,2025-01-17,Cancelled,Bank Transfer
105930,971,2,2025-11-12,In Progress,Credit Card
105931,987,2,2026-01-28,Cancelled,PayPal
105932,64,35,2023-11-05,In Progress,Credit Card
105933,429,1,2025-10-29,Completed,Invoice
105934,402,5,2026-04-07,Completed,Invoice
105935,679,55,2024-09-19,Completed,Credit Card
105936,749,72,2024-08-18,Completed,Bank Transfer
105937,472,55,2026-06-18,Completed,Credit Card
105938,810,72,2024-01-11,Completed,Credit Card
105939,702,73,2026-06-27,Cancelled,Credit Card
105940,500,2,2025-01-17,In Progress,Bank Transfer
105941,366,5,2025-11-23,Completed,Credit Card
105942,299,5,2024-07-11,Completed,Credit Card
105943,816,1,2025-05-21,Completed,PayPal
105944,823,27,2025-03-13,Cancelled,Bank Transfer
105945,861,35,2026-06-12,Completed,Bank Transfer
105946,146,5,2025-11-03,In Progress,Bank Transfer
105947,642,68,2025-07-15,Cancelled,PayPal
105948,846,27,2025-11-25,In Progress,Credit Card
105949,373,7,2024-04-19,Completed,PayPal
105950,916,68,2026-06-08,In Progress,Invoice
105951,630,72,2023-10-29,Completed,Bank Transfer
105952,622,5,2026-02-12,Completed,PayPal
105953,718,27,2025-06-02,Cancelled,Invoice
105954,460,7,2024-12-17,Completed,PayPal
105955,666,5,2025-01-07,Completed,Credit Card
105956,553,35,2025-07-15,Completed,Invoice
105957,701,68,2024-06-28,Cancelled,Invoice
105958,271,5,2026-03-14,In Progress,Credit Card
105959,229,5,2025-05-23,Completed,Credit Card
105960,887,55,2026-07-21,Completed,Bank Transfer
105961,52,35,2025-05-31,Cancelled,PayPal
105962,670,35,2024-07-23,In Progress,Credit Card
105963,860,27,2023-07-31,Cancelled,Invoice
105964,883,7,2024-11-01,Completed,Credit Card
105965,802,27,2026-02-26,In Progress,Bank Transfer
105966,45,55,2024-05-17,In Progress,Invoice
105967,108,55,2026-01-08,Completed,PayPal
105968,762,5,2024-11-10,Completed,PayPal
105969,184,1,2025-07-28,In Progress,Credit Card
105970,337,5,2025-10-05,Completed,Credit Card
105971,343,1,2024-04-06,In Progress,Invoice
105972,151,73,2025-10-08,Completed,Invoice
105973,786,27,2026-07-04,Completed,Credit Card
105974,871,7,2025-09-28,Cancelled,PayPal
105975,745,72,2025-10-09,Completed,PayPal
105976,839,7,2026-06-17,Completed,Credit Card
105977,818,72,2025-08-15,Cancelled,Bank Transfer
105978,87,27,2026-04-22,Completed,Invoice
105979,124,68,2025-04-05,Completed,Invoice
105980,177,55,2026-04-03,Completed,PayPal
105981,294,1,2024-07-25,In Progress,PayPal
105982,726,1,2026-02-14,Completed,Bank Transfer
105983,749,72,2025-07-02,In Progress,Credit Card
105984,226,73,2025-06-03,Completed,Credit Card
105985,795,73,2025-03-06,Completed,Bank Transfer
105986,99,1,2025-07-16,Cancelled,PayPal
105987,1,35,2026-06-26,Completed,Invoice
105988,167,7,2025-10-29,Cancelled,Bank Transfer
105989,688,35,2026-07-17,Completed,Credit Card
105990,909,68,2024-08-02,Cancelled,Bank Transfer
105991,203,5,2025-02-10,Completed,PayPal
105992,286,5,2025-10-03,Completed,Bank Transfer
105993,336,55,2024-09-16,Cancelled,PayPal
105994,625,73,2025-10-24,In Progress,Invoice
105995,460,55,2025-06-12,In Progress,Bank Transfer
105996,91,55,2024-04-22,Completed,Bank Transfer
105997,708,55,2025-06-02,Cancelled,PayPal
105998,726,5,2024-06-01,Completed,Credit Card
105999,453,5,2025-11-17,Completed,Bank Transfer
106000,10,35,2024-01-31,In Progress,Invoice
106001,539,7,2024-07-06,Completed,Invoice
106002,592,5,2024-04-05,Completed,Invoice
106003,562,27,2024-10-12,In Progress,Bank Transfer
106004,567,68,2024-07-27,In Progress,Invoice
106005,642,35,2025-01-13,In Progress,Bank Transfer
106006,981,1,2024-01-06,Completed,Credit Card
106007,741,27,2026-07-01,Completed,PayPal
106008,391,27,2025-06-19,Completed,PayPal
106009,94,68,2024-10-13,In Progress,Invoice
106010,25,2,2024-03-11,Completed,PayPal
106011,623,73,2026-04-20,In Progress,Bank Transfer
106012,259,2,2025-06-20,Completed,Invoice
106013,261,68,2026-01-19,In Progress,Credit Card
106014,994,55,2023-10-02,Completed,PayPal
106015,525,5,2024-02-20,In Progress,PayPal
106016,711,7,2025-02-14,In Progress,Invoice
106017,693,72,2023-11-09,Completed,Credit Card
106018,996,68,2024-04-29,Completed,PayPal
106019,194,72,2024-05-08,Completed,Bank Transfer
106020,201,72,2025-05-22,Completed,PayPal
106021,456,35,2023-08-27,In Progress,Invoice
106022,734,27,2026-07-20,Cancelled,PayPal
106023,395,73,2024-10-10,Completed,Invoice
106024,877,5,2025-03-01,Completed,Invoice
106025,864,72,2025-06-09,Completed,PayPal
106026,679,73,2024-08-29,Cancelled,Bank Transfer
106027,642,27,2024-03-17,Completed,Credit Card
106028,994,7,2024-05-11,Completed,Bank Transfer
106029,819,5,2025-07-26,In Progress,PayPal
106030,160,1,2024-09-06,Cancelled,Credit Card
106031,610,68,2026-04-25,Completed,PayPal
106032,983,35,2023-12-10,Completed,Bank Transfer
106033,177,68,2025-11-01,Completed,PayPal
106034,281,73,2023-12-10,Completed,Invoice
106035,578,2,2024-10-16,Completed,Invoice
106036,190,1,2026-01-14,Completed,PayPal
106037,391,35,2025-07-04,In Progress,Credit Card
106038,392,55,2026-05-22,Cancelled,Credit Card
106039,312,68,2023-08-18,Completed,Credit Card
106040,356,1,2023-07-30,Completed,Invoice
106041,627,72,2026-05-08,Completed,Invoice
106042,680,2,2026-05-23,Cancelled,Invoice
106043,303,1,2026-03-14,Completed,Invoice
106044,736,1,2025-02-15,Completed,Credit Card
106045,534,5,2025-05-10,Completed,Invoice
106046,585,55,2023-11-14,In Progress,Invoice
106047,844,73,2023-10-03,Completed,PayPal
106048,834,55,2025-03-23,Completed,Bank Transfer
106049,6,68,2025-11-18,Cancelled,Invoice
106050,450,68,2024-05-14,Completed,PayPal
106051,436,55,2025-10-08,Cancelled,Bank Transfer
106052,309,2,2025-11-11,Completed,Invoice
106053,694,1,2025-05-19,Completed,Invoice
106054,73,72,2024-03-10,Completed,Credit Card
106055,534,1,2024-06-29,Completed,Bank Transfer
106056,540,5,2025-02-22,Completed,Invoice
106057,920,72,2023-11-14,Completed,PayPal
106058,744,35,2025-08-30,Completed,Bank Transfer
106059,427,5,2025-11-18,Completed,PayPal
106060,459,2,2024-05-18,Cancelled,PayPal
106061,692,72,2026-06-22,Completed,PayPal
106062,948,68,2026-02-11,Completed,Bank Transfer
106063,32,55,2026-07-12,Completed,Credit Card
106064,181,7,2024-02-09,Completed,Credit Card
106065,803,73,2023-09-27,In Progress,Bank Transfer
106066,433,55,2026-01-17,Completed,Bank Transfer
106067,965,1,2025-08-29,Completed,Invoice
106068,643,35,2025-04-23,Completed,Invoice
106069,380,7,2025-09-24,Completed,Credit Card
106070,27,68,2024-09-24,Completed,Credit Card
106071,601,27,2023-11-12,Completed,Invoice
106072,976,73,2026-05-22,In Progress,Invoice
106073,602,35,2023-10-15,Cancelled,Invoice
106074,601,5,2023-10-06,Completed,PayPal
106075,953,7,2024-01-09,Completed,Bank Transfer
106076,281,68,2025-02-25,In Progress,Credit Card
106077,680,68,2024-02-21,Completed,PayPal
106078,55,2,2026-01-05,Completed,Invoice
106079,358,35,2024-05-07,Completed,Credit Card
106080,110,5,2025-11-10,Completed,PayPal
106081,170,68,2025-06-24,In Progress,Bank Transfer
106082,570,27,2025-06-10,Completed,Bank Transfer
106083,315,27,2024-10-20,Completed,Bank Transfer
106084,198,5,2024-10-29,Completed,Bank Transfer
106085,144,27,2026-01-19,In Progress,Invoice
106086,426,72,2025-04-21,Cancelled,Bank Transfer
106087,785,1,2025-03-18,In Progress,Invoice
106088,597,72,2024-09-05,Cancelled,Invoice
106089,250,73,2023-08-05,In Progress,Credit Card
106090,935,1,2024-11-16,Completed,Credit Card
106091,197,68,2025-02-03,Completed,Bank Transfer
106092,238,68,2024-09-29,In Progress,Bank Transfer
106093,712,73,2026-05-16,Completed,PayPal
106094,661,35,2023-07-31,In Progress,Bank Transfer
106095,428,5,2024-09-21,Completed,Invoice
106096,676,5,2026-03-02,In Progress,PayPal
106097,611,73,2024-02-26,Completed,Bank Transfer
106098,430,5,2026-03-18,Completed,Invoice
106099,422,35,2025-08-10,Completed,PayPal
106100,1000,7,2026-01-28,In Progress,Invoice
106101,751,27,2024-11-26,In Progress,PayPal
106102,987,5,2025-11-13,In Progress,PayPal
106103,196,35,2025-09-10,Completed,PayPal
106104,907,72,2026-04-25,Completed,Bank Transfer
106105,508,73,2025-03-13,Cancelled,Invoice
106106,297,27,2024-12-24,Completed,PayPal
106107,126,7,2024-10-10,Completed,Invoice
106108,902,68,2024-08-14,Completed,Credit Card
106109,650,35,2024-11-02,Completed,Credit Card
106110,447,1,2024-04-06,Completed,Invoice
106111,641,55,2026-02-16,Cancelled,Bank Transfer
106112,827,1,2026-07-21,Completed,Credit Card
106113,186,55,2024-05-16,Completed,PayPal
106114,204,68,2025-10-22,Cancelled,PayPal
106115,826,27,2024-07-24,Completed,Invoice
106116,289,35,2024-12-29,Cancelled,Bank Transfer
106117,932,55,2023-09-30,Completed,PayPal
106118,844,72,2026-05-07,Completed,Invoice
106119,787,55,2026-03-08,In Progress,Credit Card
106120,898,2,2026-06-19,In Progress,Bank Transfer
106121,935,68,2025-06-05,Completed,Credit Card
106122,876,68,2026-02-17,Completed,Credit Card
106123,225,73,2025-06-06,Completed,Bank Transfer
106124,870,55,2026-04-04,Cancelled,PayPal
106125,565,5,2024-01-18,In Progress,Credit Card
106126,26,72,2026-07-10,Completed,Credit Card
106127,983,27,2025-11-10,Completed,Invoice
106128,301,27,2026-01-16,Completed,Bank Transfer
106129,613,5,2025-09-10,Completed,Credit Card
106130,527,55,2026-04-06,Completed,Credit Card
106131,563,27,2025-07-16,In Progress,Bank Transfer
106132,419,5,2024-04-10,In Progress,Bank Transfer
106133,65,1,2025-01-15,Completed,Invoice
106134,993,68,2023-09-30,In Progress,Bank Transfer
106135,987,5,2024-07-31,Cancelled,Bank Transfer
106136,987,68,2025-07-28,Completed,Credit Card
106137,121,1,2024-04-01,Completed,Bank Transfer
106138,278,55,2025-05-18,Completed,PayPal
106139,230,2,2025-11-19,Cancelled,Credit Card
106140,953,7,2024-01-01,Completed,Bank Transfer
106141,61,27,2025-01-18,Completed,Invoice
106142,470,7,2024-04-15,Completed,Bank Transfer
106143,133,68,2026-04-29,In Progress,Bank Transfer
106144,687,2,2025-06-08,In Progress,Credit Card
106145,699,5,2026-07-22,Completed,PayPal
106146,932,55,2025-11-10,Cancelled,Invoice
106147,692,27,2026-03-30,Completed,PayPal
106148,164,7,2026-05-06,Completed,Invoice
106149,116,35,2025-08-05,Cancelled,Bank Transfer
106150,490,1,2025-01-14,Completed,Bank Transfer
106151,407,68,2026-01-19,Completed,Credit Card
106152,62,1,2025-10-25,Cancelled,PayPal
106153,994,2,2023-09-11,In Progress,PayPal
106154,671,2,2023-07-29,Completed,PayPal
106155,522,68,2024-02-03,Completed,Credit Card
106156,446,1,2025-05-07,In Progress,PayPal
106157,227,55,2025-10-14,In Progress,Bank Transfer
106158,166,55,2025-01-03,Completed,Bank Transfer
106159,135,2,2024-03-31,In Progress,Bank Transfer
106160,324,7,2025-01-01,Cancelled,Credit Card
106161,786,35,2023-09-15,Completed,Bank Transfer
106162,484,68,2025-11-13,Completed,Bank Transfer
106163,4,1,2024-01-09,Completed,PayPal
106164,342,72,2025-10-17,Completed,PayPal
106165,269,5,2023-10-07,Completed,PayPal
106166,206,55,2026-04-29,Cancelled,Invoice
106167,221,72,2026-07-08,Completed,Credit Card
106168,693,73,2024-05-26,Completed,Bank Transfer
106169,947,55,2026-04-20,Cancelled,Invoice
106170,191,7,2025-02-17,Completed,Credit Card
106171,132,5,2023-08-10,Cancelled,PayPal
106172,264,35,2025-05-18,In Progress,Credit Card
106173,648,1,2023-07-27,Completed,Credit Card
106174,869,2,2025-08-13,Completed,Credit Card
106175,309,35,2025-11-19,Completed,Credit Card
106176,85,68,2023-09-06,Completed,Invoice
106177,483,27,2026-04-13,Completed,Invoice
106178,537,73,2024-12-23,In Progress,PayPal
106179,880,68,2025-02-20,In Progress,Credit Card
106180,829,5,2024-09-26,Completed,Invoice
106181,898,27,2024-09-24,In Progress,Credit Card
106182,206,27,2025-02-20,Completed,Bank Transfer
106183,458,35,2023-10-05,Cancelled,Invoice
106184,520,2,2025-04-19,Cancelled,Credit Card
106185,511,55,2024-06-12,Completed,Credit Card
106186,573,1,2025-10-10,Completed,Credit Card
106187,811,35,2024-01-22,Completed,Credit Card
106188,419,2,2025-03-30,Cancelled,PayPal
106189,367,1,2026-07-20,In Progress,Bank Transfer
106190,73,1,2025-07-07,Cancelled,Invoice
106191,540,72,2026-07-18,Completed,Invoice
106192,810,7,2024-12-09,Cancelled,Credit Card
106193,182,7,2024-11-21,Completed,Bank Transfer
106194,538,68,2023-08-23,In Progress,PayPal
106195,139,73,2025-09-02,Completed,Credit Card
106196,179,68,2024-02-02,Completed,PayPal
106197,276,1,2026-01-12,In Progress,Credit Card
106198,261,68,2025-02-12,Completed,Bank Transfer
106199,386,7,2024-04-08,Cancelled,Credit Card
106200,61,73,2025-05-27,Completed,PayPal
106201,782,35,2023-09-24,Cancelled,Invoice
106202,662,7,2023-10-30,Cancelled,Credit Card
106203,900,27,2026-02-15,Cancelled,Invoice
106204,25,5,2024-08-13,Completed,Invoice
106205,897,68,2023-12-01,Completed,Bank Transfer
106206,431,5,2026-05-17,Completed,Invoice
106207,545,1,2026-01-08,Completed,Bank Transfer
106208,450,2,2023-11-03,Completed,PayPal
106209,287,73,2026-02-14,Completed,PayPal
106210,916,5,2025-12-05,Completed,Bank Transfer
106211,717,68,2024-06-03,Cancelled,Bank Transfer
106212,590,35,2025-12-19,Completed,Bank Transfer
106213,425,73,2025-07-03,Completed,Credit Card
106214,13,68,2025-12-02,Completed,PayPal
106215,868,35,2026-02-25,Completed,Invoice
106216,358,35,2026-05-20,Completed,Invoice
106217,712,73,2025-07-02,Completed,PayPal
106218,567,55,2025-04-05,Completed,Invoice
106219,195,27,2025-09-09,Cancelled,PayPal
106220,975,7,2025-06-22,Completed,Invoice
106221,239,68,2025-02-27,Completed,Credit Card
106222,517,35,2026-03-25,Cancelled,Credit Card
106223,691,35,2023-07-30,Cancelled,Bank Transfer
106224,700,73,2024-10-22,Completed,Bank Transfer
106225,804,68,2025-03-19,Cancelled,Bank Transfer
106226,921,1,2024-09-07,In Progress,PayPal
106227,313,5,2026-07-02,Completed,Invoice
106228,70,1,2024-03-28,Completed,PayPal
106229,834,35,2026-07-13,Cancelled,Bank Transfer
106230,904,68,2023-10-05,In Progress,Invoice
106231,483,73,2024-04-26,Completed,PayPal
106232,536,2,2024-10-28,Cancelled,Credit Card
106233,738,27,2023-11-20,Completed,Invoice
106234,72,68,2023-10-07,Completed,Bank Transfer
106235,105,35,2023-11-08,Cancelled,Bank Transfer
106236,512,2,2024-02-25,Completed,PayPal
106237,1000,72,2024-02-21,In Progress,PayPal
106238,1,1,2025-02-28,Completed,Bank Transfer
106239,370,68,2025-11-09,Cancelled,Bank Transfer
106240,68,1,2025-09-02,Completed,Invoice
106241,430,68,2026-02-03,Completed,Bank Transfer
106242,231,5,2026-05-10,In Progress,Credit Card
106243,536,1,2025-03-17,Completed,Credit Card
106244,281,55,2025-03-03,Completed,PayPal
106245,616,2,2025-08-14,Completed,PayPal
106246,451,27,2025-12-06,Cancelled,Bank Transfer
106247,40,1,2026-05-09,Cancelled,Credit Card
106248,613,73,2025-12-20,In Progress,Credit Card
106249,167,72,2024-12-09,Completed,Bank Transfer
106250,888,68,2026-03-06,Completed,Invoice
106251,273,68,2024-09-18,Completed,Bank Transfer
106252,366,7,2024-01-10,Completed,Credit Card
106253,245,35,2025-02-19,Cancelled,Bank Transfer
106254,555,5,2024-08-11,Completed,Invoice
106255,202,27,2024-06-20,Completed,Invoice
106256,693,72,2023-10-28,Completed,PayPal
106257,777,7,2025-09-18,In Progress,PayPal
106258,115,72,2024-06-12,In Progress,Invoice
106259,710,55,2024-03-26,Completed,Invoice
106260,159,72,2023-12-02,Completed,PayPal
106261,661,2,2024-07-18,Completed,PayPal
106262,743,1,2024-11-25,Completed,Credit Card
106263,568,68,2024-09-05,Cancelled,Invoice
106264,487,7,2025-07-16,Cancelled,Bank Transfer
106265,29,5,2023-10-06,Completed,Invoice
106266,294,1,2026-02-08,Completed,PayPal
106267,341,68,2023-09-14,Cancelled,Invoice
106268,410,5,2024-10-11,Completed,PayPal
106269,446,68,2025-06-15,Cancelled,Credit Card
106270,234,27,2024-05-15,Completed,Bank Transfer
106271,254,5,2024-05-27,Completed,Invoice
106272,23,5,2024-09-24,In Progress,Bank Transfer
106273,799,27,2025-08-17,In Progress,Credit Card
106274,885,55,2024-04-13,Completed,Bank Transfer
106275,898,73,2025-07-08,Completed,PayPal
106276,881,5,2023-10-19,Cancelled,PayPal
106277,817,55,2026-02-04,Cancelled,Bank Transfer
106278,43,2,2025-02-16,Completed,Bank Transfer
106279,191,1,2023-08-17,Cancelled,PayPal
106280,63,73,2026-02-11,Completed,Credit Card
106281,645,35,2024-12-04,In Progress,Invoice
106282,89,35,2024-03-05,In Progress,Credit Card
106283,794,27,2023-11-09,Completed,Credit Card
106284,547,5,2024-04-09,Completed,Credit Card
106285,813,68,2024-08-18,Completed,Bank Transfer
106286,397,5,2026-02-07,Completed,Invoice
106287,65,27,2025-09-05,In Progress,PayPal
106288,372,7,2025-01-08,In Progress,Invoice
106289,159,55,2025-02-26,Completed,PayPal
106290,343,72,2024-08-24,Completed,Credit Card
106291,11,7,2024-01-30,Completed,PayPal
106292,896,2,2023-11-03,Completed,Bank Transfer
106293,625,73,2024-03-13,Completed,Bank Transfer
106294,996,2,2026-01-02,Completed,PayPal
106295,950,27,2025-07-29,Completed,Invoice
106296,497,27,2023-09-02,Cancelled,PayPal
106297,143,2,2026-05-21,In Progress,PayPal
106298,797,7,2025-03-01,Completed,PayPal
106299,494,55,2024-07-11,Completed,PayPal
106300,576,7,2024-11-30,Cancelled,Bank Transfer
106301,239,55,2026-02-27,In Progress,Invoice
106302,991,73,2024-07-22,Completed,PayPal
106303,405,1,2025-07-15,Completed,Bank Transfer
106304,592,1,2025-12-09,Completed,PayPal
106305,609,35,2024-08-21,Completed,PayPal
106306,716,2,2024-12-21,Completed,Credit Card
106307,220,2,2026-01-09,Completed,PayPal
106308,597,73,2026-07-25,Completed,Credit Card
106309,55,72,2025-12-13,Cancelled,PayPal
106310,317,35,2023-11-22,Cancelled,Bank Transfer
106311,291,5,2025-08-10,Completed,Bank Transfer
106312,709,27,2024-01-29,Completed,Bank Transfer
106313,2,72,2025-10-10,Completed,Invoice
106314,758,55,2026-07-22,Completed,Bank Transfer
106315,101,1,2025-07-19,Completed,PayPal
106316,6,7,2023-08-30,Completed,Invoice
106317,439,2,2026-07-14,Completed,Invoice
106318,188,55,2023-10-14,Completed,Credit Card
106319,908,55,2025-06-06,Cancelled,Bank Transfer
106320,302,2,2024-08-29,Completed,PayPal
106321,792,68,2026-01-16,Completed,Invoice
106322,911,2,2024-02-24,Cancelled,PayPal
106323,669,72,2023-08-18,Cancelled,PayPal
106324,608,2,2024-06-27,Completed,PayPal
106325,969,72,2024-09-21,In Progress,Credit Card
106326,576,1,2024-02-25,Completed,Bank Transfer
106327,901,2,2025-06-20,Completed,PayPal
106328,112,27,2025-11-27,In Progress,Credit Card
106329,845,27,2023-10-31,Completed,Invoice
106330,736,1,2026-01-30,Cancelled,Credit Card
106331,382,5,2024-11-24,In Progress,PayPal
106332,690,7,2025-05-20,Completed,Credit Card
106333,544,35,2026-01-19,Cancelled,PayPal
106334,342,73,2026-01-22,In Progress,PayPal
106335,61,68,2023-10-06,Completed,Invoice
106336,312,7,2023-12-09,Completed,Bank Transfer
106337,445,72,2025-01-13,In Progress,PayPal
106338,220,73,2026-01-19,In Progress,Invoice
106339,99,5,2025-01-14,In Progress,Credit Card
106340,180,55,2024-01-09,Completed,Bank Transfer
106341,980,55,2025-04-21,Completed,Invoice
106342,797,27,2025-08-16,Completed,Invoice
106343,544,55,2025-03-29,Completed,Invoice
106344,88,72,2026-03-15,Completed,PayPal
106345,266,1,2025-10-05,Completed,Credit Card
106346,301,68,2024-04-09,Completed,Invoice
106347,140,2,2026-03-10,Completed,PayPal
106348,876,1,2024-09-27,Completed,Bank Transfer
106349,943,1,2026-03-06,Completed,Credit Card
106350,128,27,2026-06-27,Completed,Invoice
106351,658,1,2025-02-01,Cancelled,Credit Card
106352,841,35,2024-02-03,Completed,Invoice
106353,776,55,2024-02-15,Completed,Credit Card
106354,97,5,2026-06-23,Cancelled,Credit Card
106355,39,5,2024-09-21,Completed,PayPal
106356,807,68,2026-03-14,Cancelled,Bank Transfer
106357,798,27,2025-02-21,In Progress,PayPal
106358,230,5,2024-01-24,Cancelled,Invoice
106359,752,68,2026-04-06,Cancelled,Bank Transfer
106360,283,68,2024-04-16,In Progress,Invoice
106361,337,5,2024-02-05,Completed,PayPal
106362,737,27,2024-08-25,In Progress,Credit Card
106363,162,68,2024-01-14,Completed,Invoice
106364,167,72,2026-02-13,In Progress,Credit Card
106365,10,7,2024-04-08,Completed,Bank Transfer
106366,786,2,2026-03-11,Completed,Credit Card
106367,558,72,2024-11-21,Completed,Invoice
106368,267,1,2025-11-28,Cancelled,Invoice
106369,333,5,2025-08-27,Completed,Credit Card
106370,720,68,2026-05-14,Completed,Credit Card
106371,706,5,2023-08-05,Completed,Credit Card
106372,366,1,2024-12-10,Completed,PayPal
106373,37,2,2026-07-10,Completed,Invoice
106374,550,55,2026-01-16,Cancelled,Bank Transfer
106375,484,35,2026-05-29,Cancelled,Invoice
106376,302,5,2026-06-16,Completed,Credit Card
106377,839,72,2023-10-16,Completed,Credit Card
106378,363,35,2024-05-15,Completed,Credit Card
106379,659,2,2024-09-21,Completed,Invoice
106380,508,35,2025-02-26,In Progress,Bank Transfer
106381,146,73,2024-09-05,In Progress,Credit Card
106382,373,73,2024-03-11,Completed,Bank Transfer
106383,770,2,2025-05-19,Completed,Credit Card
106384,614,35,2025-04-05,Completed,Bank Transfer
106385,924,1,2024-04-27,Completed,Invoice
106386,508,73,2025-06-12,In Progress,Invoice
106387,22,7,2025-07-17,Completed,PayPal
106388,5,35,2024-01-26,Completed,Bank Transfer
106389,106,68,2025-10-24,Completed,Credit Card
106390,612,7,2026-03-02,In Progress,Invoice
106391,950,55,2024-09-11,Completed,Invoice
106392,20,68,2026-05-28,Completed,Bank Transfer
106393,215,73,2024-09-28,Cancelled,Invoice
106394,39,7,2025-08-30,In Progress,Invoice
106395,801,72,2026-01-02,Completed,Credit Card
106396,753,1,2025-06-30,In Progress,Invoice
106397,934,72,2024-04-28,Completed,Credit Card
106398,65,55,2025-12-18,Completed,PayPal
106399,910,7,2023-11-12,Completed,PayPal
106400,960,7,2026-06-16,Completed,Bank Transfer
106401,80,27,2024-04-16,Completed,Invoice
106402,339,2,2026-04-14,In Progress,Bank Transfer
106403,314,35,2025-06-04,Completed,Bank Transfer
106404,74,73,2026-05-03,Cancelled,Bank Transfer
106405,187,7,2024-12-16,Completed,Credit Card
106406,824,35,2025-10-29,Completed,Bank Transfer
106407,225,68,2023-11-28,Completed,Bank Transfer
106408,979,27,2025-09-09,Cancelled,Bank Transfer
106409,243,7,2025-02-21,Completed,PayPal
106410,337,1,2026-06-27,In Progress,Credit Card
106411,505,2,2024-11-07,Completed,Credit Card
106412,727,73,2024-04-05,Cancelled,Credit Card
106413,830,27,2023-12-06,Cancelled,PayPal
106414,488,72,2023-07-28,Cancelled,Bank Transfer
106415,581,73,2025-10-21,Completed,Credit Card
106416,665,72,2024-12-31,Completed,Credit Card
106417,593,68,2024-10-15,Completed,PayPal
106418,993,55,2024-07-21,Completed,Credit Card
106419,342,2,2026-03-19,In Progress,PayPal
106420,862,72,2024-04-23,Completed,PayPal
106421,4,1,2024-11-14,Completed,Bank Transfer
106422,34,5,2024-10-22,Cancelled,Credit Card
106423,182,1,2025-03-28,Completed,Bank Transfer
106424,984,7,2023-10-26,Completed,PayPal
106425,370,73,2024-04-04,Completed,Invoice
106426,764,2,2024-08-24,Completed,Bank Transfer
106427,216,73,2024-08-15,Cancelled,Credit Card
106428,609,1,2023-10-15,Cancelled,Bank Transfer
106429,961,5,2023-08-09,Completed,Invoice
106430,450,27,2024-12-26,Completed,PayPal
106431,355,1,2024-04-21,Completed,Bank Transfer
106432,154,55,2024-12-21,Completed,PayPal
106433,697,35,2025-04-09,Cancelled,Bank Transfer
106434,622,72,2023-11-30,Cancelled,Bank Transfer
106435,553,68,2024-05-18,In Progress,PayPal
106436,586,68,2024-04-29,Cancelled,Invoice
106437,252,73,2024-12-17,Completed,PayPal
106438,182,68,2025-06-26,Completed,Credit Card
106439,995,7,2025-06-21,Cancelled,Bank Transfer
106440,857,55,2026-01-26,Completed,PayPal
106441,916,27,2025-10-25,In Progress,Invoice
106442,516,1,2024-06-04,In Progress,Bank Transfer
106443,576,68,2025-10-27,Completed,PayPal
106444,168,7,2026-04-11,Completed,Invoice
106445,986,73,2023-08-25,In Progress,Invoice
106446,323,35,2026-03-03,Completed,Credit Card
106447,787,68,2024-09-28,Cancelled,Invoice
106448,146,55,2023-08-06,Completed,Invoice
106449,206,68,2025-07-06,Completed,PayPal
106450,57,1,2024-08-01,In Progress,PayPal
106451,693,7,2023-10-10,Cancelled,Credit Card
106452,5,2,2025-12-03,Completed,Bank Transfer
106453,782,72,2025-11-08,Completed,PayPal
106454,127,7,2026-07-04,Completed,Invoice
106455,969,27,2026-06-18,Completed,Invoice
106456,393,27,2023-10-22,Completed,Credit Card
106457,649,5,2025-09-22,Completed,Bank Transfer
106458,920,2,2025-02-11,Completed,Bank Transfer
106459,633,7,2024-10-04,Completed,PayPal
106460,951,5,2026-01-21,Cancelled,PayPal
106461,570,1,2025-09-08,In Progress,PayPal
106462,264,5,2025-10-31,Completed,Invoice
106463,981,68,2023-08-22,Completed,Bank Transfer
106464,801,1,2024-08-15,Completed,PayPal
106465,454,7,2026-05-01,Cancelled,Credit Card
106466,207,73,2025-06-12,Completed,Invoice
106467,658,73,2023-11-01,In Progress,Invoice
106468,439,72,2023-10-20,Cancelled,Bank Transfer
106469,884,73,2025-05-14,Completed,Invoice
106470,799,2,2025-07-20,Completed,PayPal
106471,595,1,2024-06-20,In Progress,Credit Card
106472,885,55,2024-04-23,Completed,Bank Transfer
106473,198,2,2025-01-10,In Progress,Credit Card
106474,372,35,2026-06-24,Completed,Bank Transfer
106475,469,73,2026-07-18,In Progress,Invoice
106476,827,2,2026-06-06,Completed,Invoice
106477,380,55,2025-10-13,Completed,Invoice
106478,254,7,2024-01-02,Completed,Credit Card
106479,401,55,2023-10-16,Cancelled,Bank Transfer
106480,806,55,2024-03-17,Completed,PayPal
106481,911,72,2024-06-13,Completed,Invoice
106482,144,2,2023-07-29,Completed,PayPal
106483,327,2,2024-03-05,In Progress,Invoice
106484,522,68,2025-06-11,In Progress,PayPal
106485,188,35,2025-06-05,Completed,Credit Card
106486,537,5,2025-09-06,Completed,Credit Card
106487,298,35,2024-03-30,Cancelled,Bank Transfer
106488,353,1,2024-12-02,Completed,Credit Card
106489,383,5,2024-04-13,Completed,PayPal
106490,230,73,2025-03-25,In Progress,PayPal
106491,900,1,2024-12-29,Completed,Invoice
106492,343,73,2025-08-25,Cancelled,Bank Transfer
106493,811,68,2025-12-10,Cancelled,PayPal
106494,878,35,2023-08-08,Completed,Invoice
106495,419,7,2025-03-21,Completed,PayPal
106496,695,55,2025-05-17,Cancelled,Invoice
106497,434,72,2024-07-25,Completed,Credit Card
106498,509,35,2025-03-30,Completed,Credit Card
106499,676,73,2026-05-27,Completed,Credit Card
106500,772,55,2026-06-22,Completed,PayPal
106501,851,68,2025-08-31,Completed,PayPal
106502,138,72,2026-02-20,In Progress,Credit Card
106503,911,55,2024-03-31,Completed,Bank Transfer
106504,461,55,2026-01-22,Completed,Invoice
106505,485,5,2024-11-23,Completed,PayPal
106506,727,5,2025-05-21,Completed,PayPal
106507,268,35,2025-12-19,Completed,Invoice
106508,559,27,2026-03-04,Cancelled,Credit Card
106509,904,55,2025-11-02,Cancelled,PayPal
106510,424,2,2023-08-27,Cancelled,PayPal
106511,656,1,2025-02-18,Completed,Credit Card
106512,424,68,2024-02-26,In Progress,Bank Transfer
106513,241,2,2026-03-25,Completed,Invoice
106514,201,55,2025-02-05,In Progress,Invoice
106515,864,73,2025-09-12,Completed,PayPal
106516,761,55,2026-05-14,Completed,Invoice
106517,497,2,2025-12-20,Completed,PayPal
106518,740,7,2025-04-28,Completed,Bank Transfer
106519,518,27,2026-02-23,In Progress,Bank Transfer
106520,604,73,2024-08-26,Completed,PayPal
106521,80,1,2026-02-17,Completed,Bank Transfer
106522,269,73,2025-03-09,Completed,Bank Transfer
106523,292,2,2023-12-20,Completed,PayPal
106524,434,68,2024-04-21,Completed,PayPal
106525,995,55,2026-07-12,In Progress,Credit Card
106526,713,55,2024-10-18,In Progress,PayPal
106527,921,55,2024-06-06,Cancelled,Bank Transfer
106528,690,35,2026-04-15,Cancelled,Bank Transfer
106529,384,73,2025-05-04,Completed,Invoice
106530,672,1,2024-10-29,Cancelled,Invoice
106531,10,27,2026-06-13,Completed,Bank Transfer
106532,793,1,2025-09-23,Completed,Invoice
106533,248,1,2024-10-26,Completed,Invoice
106534,100,7,2024-12-21,Cancelled,Invoice
106535,289,27,2024-12-06,Completed,Credit Card
106536,632,35,2025-11-02,Cancelled,Bank Transfer
106537,685,7,2024-08-10,Completed,Invoice
106538,237,27,2026-02-07,Cancelled,Credit Card
106539,145,55,2026-07-16,In Progress,PayPal
106540,127,35,2024-11-16,In Progress,Invoice
106541,752,2,2026-03-07,In Progress,Credit Card
106542,499,5,2025-01-22,In Progress,Invoice
106543,402,72,2025-12-12,In Progress,PayPal
106544,11,72,2026-01-28,Completed,Invoice
106545,239,55,2025-07-02,In Progress,Invoice
106546,464,73,2026-04-19,Completed,PayPal
106547,339,2,2025-12-16,In Progress,Invoice
106548,164,73,2024-06-27,In Progress,Invoice
106549,842,55,2024-07-28,Completed,Bank Transfer
106550,729,2,2025-06-10,Completed,Invoice
106551,151,73,2025-10-05,Completed,PayPal
106552,842,1,2024-09-07,Completed,Bank Transfer
106553,449,2,2024-03-12,Completed,Credit Card
106554,332,73,2025-11-04,Completed,PayPal
106555,644,27,2025-02-25,Completed,Credit Card
106556,701,35,2025-03-16,Cancelled,PayPal
106557,678,72,2026-03-07,Completed,Credit Card
106558,128,73,2025-05-08,Cancelled,Bank Transfer
106559,538,7,2023-10-22,Cancelled,Invoice
106560,385,72,2025-12-12,Cancelled,PayPal
106561,89,73,2024-08-04,Completed,Credit Card
106562,463,72,2025-01-15,In Progress,Bank Transfer
106563,522,68,2025-01-26,Completed,Credit Card
106564,952,2,2023-10-29,Completed,Invoice
106565,258,55,2025-06-02,In Progress,Credit Card
106566,577,7,2025-03-17,Completed,Invoice
106567,526,1,2025-07-05,Cancelled,Bank Transfer
106568,68,1,2025-12-31,Completed,Credit Card
106569,469,5,2024-09-10,Completed,PayPal
106570,98,73,2024-10-30,Completed,Bank Transfer
106571,889,72,2024-11-23,Cancelled,Bank Transfer
106572,67,27,2023-09-06,Completed,Bank Transfer
106573,861,73,2025-09-24,Completed,Credit Card
106574,253,55,2023-11-20,In Progress,Invoice
106575,775,27,2023-10-22,Completed,Credit Card
106576,585,1,2023-09-25,Completed,Credit Card
106577,354,2,2026-07-01,Cancelled,Credit Card
106578,542,55,2023-08-09,Cancelled,PayPal
106579,730,68,2025-10-10,In Progress,Credit Card
106580,499,1,2026-06-02,Completed,PayPal
106581,639,2,2025-10-19,Completed,Bank Transfer
106582,34,68,2026-04-20,Cancelled,Bank Transfer
106583,102,68,2024-03-16,Cancelled,Bank Transfer
106584,136,73,2024-04-13,Completed,Credit Card
106585,999,72,2026-03-26,Completed,PayPal
106586,613,68,2026-02-14,Completed,Bank Transfer
106587,514,5,2023-11-14,Completed,Invoice
106588,42,2,2025-09-09,Completed,Invoice
106589,483,7,2025-02-15,Cancelled,Bank Transfer
106590,375,1,2026-02-23,Completed,Invoice
106591,674,35,2025-10-14,Cancelled,Invoice
106592,172,68,2025-11-10,Completed,Invoice
106593,482,5,2024-02-28,Completed,Invoice
106594,200,27,2025-05-13,Cancelled,Credit Card
106595,667,55,2025-01-04,Completed,Invoice
106596,486,73,2025-12-25,In Progress,Credit Card
106597,328,55,2026-07-21,In Progress,PayPal
106598,147,68,2025-09-29,In Progress,Bank Transfer
106599,356,27,2025-01-21,Completed,Invoice
106600,221,2,2024-02-02,Completed,Invoice
106601,552,27,2025-10-17,Cancelled,PayPal
106602,485,73,2024-01-08,Completed,Bank Transfer
106603,628,73,2026-05-30,Completed,Bank Transfer
106604,188,72,2023-09-06,Completed,Bank Transfer
106605,661,55,2026-03-08,Completed,PayPal
106606,59,72,2024-04-14,Completed,Bank Transfer
106607,143,5,2023-10-09,Completed,Credit Card
106608,957,72,2023-11-12,Completed,Credit Card
106609,506,27,2024-12-17,In Progress,Credit Card
106610,339,27,2024-04-30,Cancelled,Invoice
106611,813,5,2026-03-28,Completed,PayPal
106612,503,35,2026-01-08,Completed,Bank Transfer
106613,910,27,2024-08-05,Completed,Bank Transfer
106614,534,35,2026-03-19,In Progress,PayPal
106615,454,27,2025-07-07,Completed,Invoice
106616,245,27,2026-05-29,Cancelled,Credit Card
106617,354,27,2024-11-11,Completed,Bank Transfer
106618,208,1,2024-07-16,Completed,Bank Transfer
106619,602,73,2025-11-07,Completed,Credit Card
106620,751,2,2023-08-27,Cancelled,PayPal
106621,602,2,2024-04-22,In Progress,Invoice
106622,699,55,2024-05-05,Completed,Bank Transfer
106623,47,5,2026-07-14,Completed,PayPal
106624,209,55,2025-02-12,Completed,Bank Transfer
106625,849,7,2023-09-25,Completed,Invoice
106626,354,73,2026-04-30,Completed,Credit Card
106627,882,7,2025-12-27,Completed,Bank Transfer
106628,771,68,2025-04-06,In Progress,PayPal
106629,922,27,2023-11-09,Completed,PayPal
106630,770,27,2025-12-26,In Progress,PayPal
106631,733,27,2026-06-12,Cancelled,Credit Card
106632,909,1,2024-05-01,In Progress,Credit Card
106633,117,35,2024-04-27,In Progress,PayPal
106634,239,1,2024-07-09,Completed,PayPal
106635,128,5,2024-06-07,Completed,Credit Card
106636,179,2,2024-06-09,In Progress,Credit Card
106637,802,27,2024-08-12,Completed,Invoice
106638,819,5,2024-01-29,Cancelled,PayPal
106639,353,68,2023-10-26,Completed,Credit Card
106640,396,7,2024-11-10,Completed,PayPal
106641,473,5,2024-11-27,In Progress,PayPal
106642,261,5,2024-05-27,Completed,Bank Transfer
106643,403,5,2025-03-29,In Progress,Credit Card
106644,279,27,2024-11-22,Completed,Credit Card
106645,577,73,2024-03-17,Completed,PayPal
106646,217,7,2026-01-03,Cancelled,Credit Card
106647,885,2,2026-07-18,In Progress,PayPal
106648,434,7,2026-05-14,In Progress,PayPal
106649,670,55,2023-10-18,Completed,Credit Card
106650,28,35,2025-06-04,Completed,Invoice
106651,812,55,2025-12-10,In Progress,Credit Card
106652,782,68,2026-02-14,Completed,PayPal
106653,11,5,2024-05-01,In Progress,Bank Transfer
106654,154,7,2026-07-06,Completed,Invoice
106655,340,1,2026-01-23,In Progress,PayPal
106656,69,35,2024-02-21,Completed,Credit Card
106657,755,72,2024-10-21,Completed,PayPal
106658,48,55,2026-04-16,Cancelled,Bank Transfer
106659,301,1,2024-05-19,Completed,Invoice
106660,679,72,2024-09-04,Cancelled,PayPal
106661,184,73,2025-09-17,Completed,Credit Card
106662,763,73,2024-09-26,In Progress,Bank Transfer
106663,739,72,2025-03-12,Completed,PayPal
106664,498,1,2025-06-04,In Progress,Bank Transfer
106665,920,73,2025-08-30,In Progress,PayPal
106666,947,2,2025-01-20,Completed,PayPal
106667,567,2,2026-03-05,In Progress,Bank Transfer
106668,823,68,2023-10-11,Completed,PayPal
106669,194,5,2024-11-05,Cancelled,PayPal
106670,97,35,2023-08-17,Completed,Bank Transfer
106671,515,55,2025-03-14,Completed,Invoice
106672,238,68,2023-12-15,Completed,Invoice
106673,410,55,2025-12-01,Completed,Credit Card
106674,159,2,2025-10-25,Completed,Credit Card
106675,215,5,2026-04-01,Completed,Credit Card
106676,810,35,2025-01-09,Completed,Bank Transfer
106677,222,5,2026-04-12,Completed,PayPal
106678,973,55,2025-04-08,Cancelled,Invoice
106679,708,55,2025-10-12,In Progress,Invoice
106680,271,68,2024-08-08,Completed,Invoice
106681,452,55,2026-04-08,In Progress,PayPal
106682,346,72,2024-07-29,In Progress,Credit Card
106683,93,1,2024-08-14,Completed,Invoice
106684,114,5,2023-12-07,In Progress,Credit Card
106685,69,55,2024-07-22,Completed,Invoice
106686,852,27,2025-05-10,Cancelled,Bank Transfer
106687,46,72,2024-02-02,Completed,Invoice
106688,643,27,2024-01-08,Completed,Credit Card
106689,756,68,2024-10-07,Cancelled,PayPal
106690,837,72,2025-04-03,Completed,PayPal
106691,69,55,2024-01-21,Completed,Invoice
106692,478,27,2024-01-05,Completed,Invoice
106693,535,7,2024-09-25,Completed,Invoice
106694,367,55,2025-11-09,Cancelled,Invoice
106695,773,72,2025-04-17,Completed,Credit Card
106696,800,55,2024-03-27,Completed,Bank Transfer
106697,61,73,2023-10-10,In Progress,Credit Card
106698,281,55,2025-09-17,Cancelled,Bank Transfer
106699,91,27,2025-10-26,Completed,PayPal
106700,730,7,2024-02-24,Completed,Invoice
106701,268,72,2026-06-30,In Progress,Bank Transfer
106702,404,7,2024-07-28,Completed,Bank Transfer
106703,854,55,2024-01-08,In Progress,Invoice
106704,55,72,2025-09-23,Completed,PayPal
106705,997,7,2026-06-30,Completed,Credit Card
106706,621,1,2023-12-12,Completed,Credit Card
106707,432,68,2026-04-11,Completed,Credit Card
106708,910,73,2025-03-03,Completed,Bank Transfer
106709,166,68,2025-12-31,Completed,Invoice
106710,720,7,2024-11-29,Completed,Bank Transfer
106711,254,55,2025-01-08,Completed,Invoice
106712,803,73,2026-05-01,In Progress,Bank Transfer
106713,70,55,2026-02-28,In Progress,Invoice
106714,799,55,2026-01-30,Completed,PayPal
106715,56,68,2025-06-09,Completed,Credit Card
106716,434,68,2023-09-19,Cancelled,Bank Transfer
106717,118,73,2025-10-09,In Progress,Credit Card
106718,430,1,2025-08-11,In Progress,Bank Transfer
106719,908,68,2023-12-10,Cancelled,PayPal
106720,33,68,2026-04-17,Completed,PayPal
106721,291,27,2025-07-17,Completed,Bank Transfer
106722,121,1,2024-03-04,Completed,Invoice
106723,371,72,2026-05-30,Completed,Invoice
106724,775,2,2026-05-23,Completed,Credit Card
106725,888,55,2025-03-04,Cancelled,PayPal
106726,671,72,2024-06-12,Completed,PayPal
106727,396,72,2024-01-02,In Progress,PayPal
106728,59,2,2024-05-01,Completed,Credit Card
106729,145,1,2024-04-23,Completed,PayPal
106730,161,68,2024-05-30,In Progress,Bank Transfer
106731,751,27,2023-10-11,Completed,PayPal
106732,355,73,2024-02-06,In Progress,Credit Card
106733,331,7,2024-06-17,Cancelled,Invoice
106734,196,55,2025-05-13,Cancelled,PayPal
106735,841,1,2026-05-19,Completed,Invoice
106736,857,68,2026-07-18,Completed,Invoice
106737,138,1,2024-01-12,Completed,Credit Card
106738,675,55,2024-03-16,Completed,Credit Card
106739,540,1,2026-01-26,In Progress,Credit Card
106740,849,72,2024-12-05,Cancelled,Invoice
106741,374,27,2025-11-25,Completed,Invoice
106742,861,72,2025-02-10,Cancelled,Credit Card
106743,813,73,2025-10-27,Completed,Credit Card
106744,938,68,2024-08-09,In Progress,PayPal
106745,580,55,2023-08-18,Cancelled,Invoice
106746,130,72,2023-10-02,In Progress,PayPal
106747,139,68,2024-09-20,Completed,Bank Transfer
106748,668,72,2026-03-08,Completed,Credit Card
106749,80,5,2026-05-21,Completed,PayPal
106750,996,5,2023-12-06,Completed,Bank Transfer
106751,181,55,2025-04-18,Completed,Bank Transfer
106752,966,55,2024-08-15,Completed,Bank Transfer
106753,552,55,2025-01-24,Completed,Bank Transfer
106754,366,1,2026-07-24,Cancelled,Bank Transfer
106755,644,73,2026-07-07,In Progress,PayPal
106756,565,1,2024-05-21,Completed,Invoice
106757,244,55,2025-02-22,Completed,PayPal
106758,831,7,2025-03-18,In Progress,Credit Card
106759,493,2,2026-03-29,Completed,PayPal
106760,816,55,2025-04-04,Completed,Invoice
106761,421,73,2026-02-14,Completed,Credit Card
106762,689,73,2026-06-03,Completed,Credit Card
106763,434,1,2024-07-14,Completed,PayPal
106764,395,73,2023-11-07,Completed,Invoice
106765,842,72,2024-09-10,Completed,Bank Transfer
106766,856,27,2025-01-29,Completed,Bank Transfer
106767,144,1,2025-09-15,Completed,Bank Transfer
106768,919,73,2025-02-06,Completed,PayPal
106769,232,55,2024-01-30,Completed,Credit Card
106770,668,73,2025-11-16,Completed,Credit Card
106771,705,1,2025-11-03,Completed,Invoice
106772,102,72,2024-03-11,In Progress,Invoice
106773,433,5,2025-07-31,Cancelled,Credit Card
106774,611,5,2026-07-06,Completed,Invoice
106775,494,55,2023-09-15,In Progress,PayPal
106776,283,2,2024-11-17,Completed,Credit Card
106777,856,2,2024-10-04,Completed,Invoice
106778,237,2,2024-03-12,Completed,Credit Card
106779,220,5,2024-05-13,Completed,Invoice
106780,572,55,2023-10-14,Completed,PayPal
106781,817,68,2026-03-26,Completed,Credit Card
106782,400,2,2026-07-21,In Progress,Credit Card
106783,863,68,2024-08-15,Cancelled,Invoice
106784,503,1,2026-03-27,Completed,Bank Transfer
106785,990,55,2025-10-03,Completed,PayPal
106786,879,27,2026-04-26,In Progress,Invoice
106787,102,2,2024-05-24,Cancelled,Bank Transfer
106788,649,2,2026-01-09,Completed,Credit Card
106789,234,5,2024-12-23,Cancelled,Bank Transfer
106790,755,5,2025-09-17,Completed,Credit Card
106791,422,27,2026-07-11,Cancelled,PayPal
106792,463,68,2023-08-09,Cancelled,Bank Transfer
106793,834,27,2024-08-14,Completed,Bank Transfer
106794,5,7,2025-01-03,Completed,PayPal
106795,842,5,2026-06-18,Cancelled,PayPal
106796,575,7,2024-05-25,Completed,Invoice
106797,490,73,2026-03-02,Completed,Invoice
106798,428,72,2025-07-08,Completed,Invoice
106799,490,5,2024-10-15,Cancelled,PayPal
106800,603,2,2025-11-21,Completed,PayPal
106801,478,72,2024-08-18,In Progress,Bank Transfer
106802,245,72,2024-08-02,Cancelled,PayPal
106803,154,1,2024-03-12,Completed,Invoice
106804,151,72,2024-10-05,Cancelled,PayPal
106805,882,35,2025-01-16,Cancelled,Credit Card
106806,895,68,2025-11-14,Completed,Bank Transfer
106807,113,55,2024-08-24,Completed,PayPal
106808,947,68,2026-03-13,Cancelled,Credit Card
106809,217,7,2025-07-13,Cancelled,Credit Card
106810,516,27,2025-08-01,Completed,Credit Card
106811,329,7,2025-07-26,Cancelled,Bank Transfer
106812,427,7,2025-05-10,Completed,Bank Transfer
106813,883,2,2026-01-22,Cancelled,Credit Card
106814,776,72,2025-11-23,In Progress,Credit Card
106815,516,68,2025-11-26,Cancelled,Invoice
106816,658,72,2025-02-03,Completed,Credit Card
106817,322,73,2025-02-03,Completed,PayPal
106818,294,7,2025-07-17,Completed,Invoice
106819,397,1,2025-12-06,In Progress,Invoice
106820,701,5,2024-03-19,Completed,Invoice
106821,567,7,2025-10-11,Completed,Invoice
106822,759,2,2025-10-04,Cancelled,Credit Card
106823,224,7,2025-10-01,Completed,Credit Card
106824,855,5,2024-05-30,In Progress,PayPal
106825,312,35,2025-01-19,Completed,PayPal
106826,465,68,2024-01-09,Completed,PayPal
106827,569,7,2023-12-15,Cancelled,PayPal
106828,603,35,2024-01-21,In Progress,Credit Card
106829,793,1,2025-07-18,Cancelled,PayPal
106830,257,55,2025-12-17,Completed,Bank Transfer
106831,823,55,2023-10-31,Completed,Bank Transfer
106832,730,7,2023-12-26,Completed,PayPal
106833,360,2,2024-07-31,Completed,Bank Transfer
106834,897,55,2026-06-03,Cancelled,Invoice
106835,205,68,2025-10-21,Completed,Bank Transfer
106836,245,27,2025-03-17,Cancelled,PayPal
106837,822,7,2025-06-06,Cancelled,PayPal
106838,828,27,2023-10-22,Completed,Invoice
106839,426,1,2026-06-09,In Progress,Invoice
106840,804,5,2024-09-25,In Progress,Invoice
106841,918,55,2026-02-21,Completed,Credit Card
106842,418,5,2024-01-13,Completed,Bank Transfer
106843,287,5,2025-11-03,Completed,PayPal
106844,620,68,2023-11-30,In Progress,Bank Transfer
106845,684,27,2025-01-16,Cancelled,Credit Card
106846,907,55,2025-08-09,Completed,Invoice
106847,692,5,2025-12-25,Completed,Bank Transfer
106848,262,7,2026-03-31,Completed,Credit Card
106849,473,7,2026-07-20,Completed,Invoice
106850,579,1,2024-08-24,Completed,Bank Transfer
106851,187,27,2025-06-21,Completed,Credit Card
106852,436,72,2026-05-22,Cancelled,Credit Card
106853,825,35,2024-10-30,In Progress,Invoice
106854,868,55,2025-03-18,In Progress,Credit Card
106855,749,27,2024-03-24,Completed,Credit Card
106856,605,5,2026-06-19,In Progress,Invoice
106857,520,68,2024-04-13,Cancelled,Bank Transfer
106858,933,2,2024-09-01,In Progress,Invoice
106859,259,68,2024-07-12,Completed,PayPal
106860,628,1,2025-04-04,In Progress,Bank Transfer
106861,81,72,2024-11-08,Completed,PayPal
106862,909,72,2025-06-07,Completed,Bank Transfer
106863,324,72,2025-05-12,Completed,PayPal
106864,986,27,2024-08-14,Completed,Bank Transfer
106865,293,68,2024-08-31,Completed,Bank Transfer
106866,120,5,2025-06-23,Cancelled,Bank Transfer
106867,883,72,2026-06-21,Completed,Invoice
106868,377,35,2023-11-26,Cancelled,Invoice
106869,92,73,2025-03-07,In Progress,Bank Transfer
106870,336,5,2025-12-22,Completed,Credit Card
106871,232,7,2026-05-27,Completed,Credit Card
106872,45,68,2026-04-11,In Progress,PayPal
106873,178,72,2026-07-22,Completed,PayPal
106874,68,73,2023-08-16,Cancelled,PayPal
106875,131,55,2024-04-24,In Progress,Credit Card
106876,909,35,2023-11-09,Completed,Bank Transfer
106877,414,35,2026-05-27,In Progress,Bank Transfer
106878,529,2,2026-07-20,Completed,PayPal
106879,896,73,2025-07-05,Cancelled,PayPal
106880,685,35,2024-02-17,In Progress,PayPal
106881,261,27,2025-07-22,In Progress,Invoice
106882,933,1,2023-08-27,Cancelled,Bank Transfer
106883,305,72,2023-09-30,In Progress,Invoice
106884,500,68,2024-07-25,Completed,PayPal
106885,489,1,2024-07-03,Cancelled,Bank Transfer
106886,414,35,2025-06-18,Completed,Bank Transfer
106887,993,2,2026-02-09,Completed,Invoice
106888,443,7,2023-08-19,Completed,Invoice
106889,521,72,2024-02-03,Completed,Credit Card
106890,276,35,2023-08-03,Completed,PayPal
106891,117,55,2025-06-07,Completed,Bank Transfer
106892,231,5,2025-09-19,In Progress,Invoice
106893,502,73,2024-08-18,Cancelled,Invoice
106894,833,1,2026-03-03,Completed,Bank Transfer
106895,432,1,2025-10-08,Completed,PayPal
106896,454,27,2025-11-16,Completed,Credit Card
106897,555,27,2024-08-09,Cancelled,Bank Transfer
106898,739,2,2025-01-23,Cancelled,Credit Card
106899,623,1,2026-04-03,In Progress,Credit Card
106900,841,7,2023-08-15,Cancelled,Credit Card
106901,547,55,2026-07-17,Completed,Bank Transfer
106902,44,55,2026-01-06,In Progress,Credit Card
106903,942,2,2025-09-22,Completed,PayPal
106904,52,72,2024-04-22,Completed,Invoice
106905,645,27,2025-08-12,In Progress,Invoice
106906,635,27,2025-11-21,Completed,Invoice
106907,858,27,2025-08-28,In Progress,Bank Transfer
106908,771,7,2025-02-14,Completed,Credit Card
106909,510,72,2026-04-21,Completed,Invoice
106910,611,1,2026-04-30,In Progress,Invoice
106911,361,35,2025-10-18,Completed,Invoice
106912,80,72,2025-07-27,Completed,Bank Transfer
106913,656,7,2025-06-07,Cancelled,Invoice
106914,717,27,2025-08-05,Completed,Credit Card
106915,446,73,2025-04-16,In Progress,Credit Card
106916,283,73,2025-12-21,Completed,Credit Card
106917,148,2,2025-03-02,Completed,Credit Card
106918,152,35,2024-12-14,Completed,Invoice
106919,1000,2,2025-01-07,Completed,Bank Transfer
106920,867,68,2026-05-19,Completed,PayPal
106921,705,68,2026-05-09,Cancelled,Bank Transfer
106922,706,1,2025-08-28,Completed,Credit Card
106923,764,2,2025-10-11,Completed,Credit Card
106924,444,2,2024-09-12,Cancelled,Invoice
106925,894,68,2026-06-07,Completed,Invoice
106926,555,35,2023-09-16,Completed,PayPal
106927,761,2,2024-12-26,Cancelled,PayPal
106928,731,73,2023-09-14,Completed,PayPal
106929,437,35,2024-08-24,Cancelled,PayPal
106930,660,35,2024-02-04,Completed,Invoice
106931,850,68,2024-11-23,Completed,Invoice
106932,904,55,2024-07-09,Cancelled,Credit Card
106933,978,55,2023-08-09,Completed,PayPal
106934,550,73,2024-03-27,Completed,Invoice
106935,346,68,2025-08-17,Completed,PayPal
106936,125,5,2026-03-09,Completed,PayPal
106937,723,1,2025-05-01,Cancelled,PayPal
106938,851,2,2024-03-14,Completed,PayPal
106939,620,72,2025-05-17,In Progress,PayPal
106940,674,68,2023-12-10,Completed,Bank Transfer
106941,339,2,2025-02-02,Completed,Credit Card
106942,643,7,2024-08-23,Cancelled,Bank Transfer
106943,879,1,2023-12-11,Completed,Bank Transfer
106944,994,55,2024-02-12,Completed,PayPal
106945,562,73,2025-10-01,In Progress,Credit Card
106946,923,1,2023-09-16,Completed,Bank Transfer
106947,207,7,2026-04-04,In Progress,Credit Card
106948,721,73,2025-08-10,Completed,Credit Card
106949,939,35,2023-11-15,In Progress,Credit Card
106950,455,2,2026-02-04,In Progress,Invoice
106951,989,5,2024-06-23,Completed,Invoice
106952,96,27,2024-04-29,Completed,Bank Transfer
106953,910,7,2024-12-21,Completed,Bank Transfer
106954,604,73,2023-12-05,Cancelled,Bank Transfer
106955,719,7,2025-05-28,Completed,PayPal
106956,397,27,2023-12-16,Cancelled,Credit Card
106957,519,27,2024-02-20,Completed,PayPal
106958,197,5,2023-12-24,Completed,Invoice
106959,974,35,2025-08-12,In Progress,Credit Card
106960,913,2,2025-07-04,Completed,Invoice
106961,322,7,2023-09-16,Completed,Credit Card
106962,438,7,2024-08-20,Completed,PayPal
106963,81,5,2024-10-01,Completed,Credit Card
106964,130,72,2025-03-28,Completed,Credit Card
106965,452,55,2025-04-19,In Progress,Credit Card
106966,49,72,2026-04-28,Completed,Bank Transfer
106967,8,1,2023-09-09,Cancelled,Invoice
106968,724,55,2024-10-28,Completed,PayPal
106969,109,5,2026-01-26,Completed,PayPal
106970,50,68,2026-07-15,In Progress,Bank Transfer
106971,168,27,2024-01-10,Completed,Invoice
106972,784,68,2023-12-09,Cancelled,PayPal
106973,706,5,2024-06-19,Completed,PayPal
106974,860,72,2026-06-13,Completed,Invoice
106975,721,35,2024-10-28,Cancelled,Bank Transfer
106976,571,27,2023-12-02,Completed,Bank Transfer
106977,337,73,2023-10-22,In Progress,Credit Card
106978,467,1,2025-12-10,Completed,PayPal
106979,718,7,2024-12-27,Completed,Credit Card
106980,694,55,2025-06-16,Cancelled,Credit Card
106981,204,27,2025-11-21,Completed,Bank Transfer
106982,662,2,2025-02-02,In Progress,Credit Card
106983,554,5,2025-07-30,In Progress,PayPal
106984,285,35,2026-02-24,Completed,Bank Transfer
106985,279,2,2025-01-28,Cancelled,Bank Transfer
106986,919,7,2023-11-28,Completed,Credit Card
106987,254,27,2024-02-20,Completed,Bank Transfer
106988,271,2,2024-02-26,Completed,Bank Transfer
106989,760,2,2026-05-08,Cancelled,PayPal
106990,633,35,2025-05-16,Completed,PayPal
106991,70,72,2026-04-07,In Progress,PayPal
106992,60,72,2024-07-07,Cancelled,Bank Transfer
106993,321,55,2025-04-13,In Progress,Bank Transfer
106994,286,1,2025-06-27,Cancelled,Credit Card
106995,545,55,2026-07-01,Cancelled,PayPal
106996,823,72,2025-06-11,Completed,Credit Card
106997,145,7,2023-11-19,Completed,PayPal
106998,887,5,2023-12-07,Completed,Credit Card
106999,994,5,2025-07-13,Cancelled,Credit Card
107000,544,2,2025-08-23,Completed,Credit Card
107001,878,5,2024-05-18,Completed,PayPal
107002,582,2,2026-05-13,Completed,Invoice
107003,704,68,2024-07-06,Completed,Bank Transfer
107004,123,55,2023-10-02,Cancelled,Bank Transfer
107005,502,68,2026-06-02,In Progress,PayPal
107006,288,73,2026-07-22,Cancelled,Bank Transfer
107007,763,55,2024-03-06,In Progress,PayPal
107008,577,2,2024-02-19,In Progress,Invoice
107009,420,7,2023-10-02,In Progress,Invoice
107010,531,72,2023-08-07,Completed,Bank Transfer
107011,150,5,2024-10-18,Completed,Credit Card
107012,425,7,2026-05-05,Completed,PayPal
107013,875,68,2025-01-30,Completed,Invoice
107014,122,35,2024-08-24,Cancelled,Bank Transfer
107015,467,7,2023-12-31,Completed,PayPal
107016,53,7,2023-08-17,Completed,PayPal
107017,617,73,2024-04-09,Completed,PayPal
107018,891,73,2025-04-19,In Progress,Credit Card
107019,856,73,2026-01-06,In Progress,PayPal
107020,988,72,2024-09-13,Completed,Bank Transfer
107021,565,2,2025-07-16,Completed,Credit Card
107022,355,72,2024-10-17,Completed,Bank Transfer
107023,730,5,2026-06-27,Cancelled,Invoice
107024,277,55,2026-04-18,Completed,Bank Transfer
107025,991,72,2024-07-16,Completed,Credit Card
107026,85,72,2025-01-16,Cancelled,Credit Card
107027,627,5,2026-01-13,In Progress,Credit Card
107028,358,35,2024-05-31,Completed,Credit Card
107029,399,68,2024-12-09,Completed,Credit Card
107030,475,1,2025-06-08,In Progress,Bank Transfer
107031,652,55,2026-01-15,Cancelled,PayPal
107032,395,2,2024-09-15,Cancelled,Bank Transfer
107033,734,35,2024-03-16,In Progress,Invoice
107034,150,1,2026-02-13,Completed,PayPal
107035,830,2,2024-04-30,Completed,Bank Transfer
107036,510,27,2024-01-05,Completed,PayPal
107037,302,5,2024-03-10,Cancelled,PayPal
107038,208,5,2024-04-03,Completed,Bank Transfer
107039,309,73,2023-10-04,Completed,Credit Card
107040,901,27,2023-08-03,Completed,PayPal
107041,210,35,2026-06-27,In Progress,Credit Card
107042,4,1,2026-01-06,Completed,PayPal
107043,971,27,2025-06-18,Completed,PayPal
107044,146,7,2024-05-28,Completed,Bank Transfer
107045,895,7,2025-05-16,Cancelled,Bank Transfer
107046,740,72,2024-05-14,Completed,Invoice
107047,386,68,2023-12-03,Cancelled,PayPal
107048,944,55,2026-04-24,Completed,Invoice
107049,276,73,2026-02-04,Completed,PayPal
107050,257,2,2026-04-05,Completed,Credit Card
107051,191,55,2024-06-27,Cancelled,Credit Card
107052,240,5,2026-01-15,In Progress,PayPal
107053,420,27,2026-05-05,Completed,Invoice
107054,798,68,2023-09-03,Cancelled,Invoice
107055,35,35,2023-09-03,Completed,PayPal
107056,689,7,2024-05-05,Completed,PayPal
107057,36,5,2024-04-19,Completed,Bank Transfer
107058,265,55,2024-07-27,Completed,PayPal
107059,685,73,2024-12-08,Completed,Credit Card
107060,82,5,2024-05-28,Completed,PayPal
107061,518,1,2025-10-09,Completed,Bank Transfer
107062,13,27,2025-06-10,Completed,Bank Transfer
107063,753,1,2024-03-10,Cancelled,Bank Transfer
107064,163,73,2023-08-25,In Progress,Invoice
107065,43,73,2024-02-16,Cancelled,Credit Card
107066,578,68,2025-08-24,Completed,PayPal
107067,295,68,2026-03-03,Cancelled,Bank Transfer
107068,19,2,2024-09-10,Completed,Invoice
107069,445,1,2025-10-05,Cancelled,PayPal
107070,595,68,2025-03-04,Completed,Bank Transfer
107071,80,72,2025-12-14,Completed,Bank Transfer
107072,224,1,2023-11-29,Completed,Credit Card
107073,864,35,2026-06-13,Completed,Bank Transfer
107074,368,27,2024-03-22,Cancelled,Bank Transfer
107075,185,2,2025-12-29,Cancelled,Invoice
107076,323,35,2024-02-17,Completed,Bank Transfer
107077,381,2,2025-07-17,Completed,PayPal
107078,573,68,2025-03-04,Completed,PayPal
107079,617,55,2025-01-23,Completed,Invoice
107080,982,2,2024-10-27,In Progress,PayPal
107081,986,73,2023-12-12,Completed,Credit Card
107082,939,72,2024-03-23,Cancelled,PayPal
107083,897,7,2023-08-09,In Progress,Credit Card
107084,691,2,2024-02-01,Completed,Bank Transfer
107085,199,7,2025-07-23,Cancelled,Credit Card
107086,137,7,2023-11-05,Completed,Invoice
107087,849,72,2025-11-23,Completed,PayPal
107088,50,68,2025-12-19,Completed,Invoice
107089,214,27,2025-01-28,Completed,Credit Card
107090,31,5,2023-12-21,In Progress,Bank Transfer
107091,619,5,2025-10-11,In Progress,Invoice
107092,732,27,2023-07-31,Completed,PayPal
107093,292,1,2024-08-30,Cancelled,Credit Card
107094,384,73,2024-02-17,In Progress,PayPal
107095,488,68,2023-10-08,Cancelled,PayPal
107096,995,73,2026-01-04,Completed,Credit Card
107097,603,7,2023-08-14,In Progress,PayPal
107098,13,68,2025-03-04,Completed,PayPal
107099,818,73,2024-11-27,In Progress,PayPal
107100,767,55,2024-11-08,Completed,Bank Transfer
107101,920,72,2024-04-28,Cancelled,Bank Transfer
107102,123,27,2023-08-15,Completed,Credit Card
107103,640,5,2025-02-14,In Progress,Bank Transfer
107104,901,1,2023-11-30,In Progress,PayPal
107105,552,2,2025-01-16,Completed,PayPal
107106,131,55,2023-11-20,Completed,Invoice
107107,374,2,2026-04-17,In Progress,Bank Transfer
107108,512,55,2023-12-12,Completed,Bank Transfer
107109,791,7,2025-07-15,Completed,Credit Card
107110,207,35,2025-10-14,Completed,Invoice
107111,916,72,2025-06-25,In Progress,Credit Card
107112,40,5,2025-01-01,Completed,PayPal
107113,50,2,2025-12-05,Completed,Bank Transfer
107114,898,68,2025-08-15,Completed,Invoice
107115,476,7,2025-08-17,Completed,Bank Transfer
107116,852,55,2024-05-28,Completed,Bank Transfer
107117,454,27,2024-05-11,Completed,Bank Transfer
107118,463,27,2023-10-20,Completed,Credit Card
107119,120,55,2024-01-27,Completed,Bank Transfer
107120,922,55,2024-02-22,Completed,Invoice
107121,219,73,2024-04-26,Completed,Bank Transfer
107122,63,27,2024-12-23,In Progress,PayPal
107123,891,2,2025-04-01,Cancelled,Credit Card
107124,704,7,2025-03-12,Completed,PayPal
107125,240,5,2025-12-07,In Progress,PayPal
107126,750,27,2024-08-16,Cancelled,Invoice
107127,727,27,2026-05-23,Cancelled,Invoice
107128,48,68,2024-01-12,Completed,Bank Transfer
107129,182,1,2024-03-05,In Progress,Bank Transfer
107130,776,7,2025-10-07,Completed,PayPal
107131,906,7,2024-11-17,Completed,PayPal
107132,658,7,2024-01-12,In Progress,Credit Card
107133,734,5,2025-03-26,Completed,Bank Transfer
107134,337,2,2025-05-01,Cancelled,Credit Card
107135,693,5,2025-09-04,Cancelled,Bank Transfer
107136,520,5,2024-09-23,Completed,Credit Card
107137,725,7,2023-11-21,Completed,Bank Transfer
107138,835,5,2024-04-26,In Progress,Invoice
107139,215,2,2024-03-22,Completed,Invoice
107140,129,68,2024-11-26,Completed,Invoice
107141,494,5,2024-06-15,Cancelled,Bank Transfer
107142,377,7,2025-09-27,Completed,Credit Card
107143,669,27,2025-08-04,Completed,Bank Transfer
107144,842,27,2025-09-16,Completed,PayPal
107145,153,2,2024-03-14,Cancelled,Bank Transfer
107146,745,55,2026-05-28,Completed,Credit Card
107147,88,68,2024-10-01,Completed,PayPal
107148,625,7,2024-01-11,In Progress,Invoice
107149,121,7,2025-02-19,Cancelled,Bank Transfer
107150,967,1,2025-08-17,In Progress,Invoice
107151,139,35,2026-03-30,Completed,Credit Card
107152,253,27,2026-02-02,Completed,Credit Card
107153,471,35,2025-12-05,In Progress,Credit Card
107154,419,55,2023-11-07,Cancelled,PayPal
107155,474,35,2024-01-21,Completed,Credit Card
107156,253,2,2026-03-02,In Progress,PayPal
107157,196,35,2025-02-12,Completed,Bank Transfer
107158,691,27,2026-02-10,Completed,PayPal
107159,132,35,2024-02-22,In Progress,PayPal
107160,877,5,2025-11-25,Completed,Invoice
107161,485,5,2024-06-21,Completed,Invoice
107162,116,2,2024-10-23,Completed,PayPal
107163,768,27,2023-11-08,Completed,PayPal
107164,69,7,2023-12-20,Completed,PayPal
107165,259,73,2025-07-13,Completed,Credit Card
107166,254,5,2024-12-07,Completed,Bank Transfer
107167,313,2,2024-02-29,Completed,Bank Transfer
107168,317,2,2024-06-07,Cancelled,Invoice
107169,988,27,2023-11-02,In Progress,Credit Card
107170,104,7,2023-08-20,Completed,PayPal
107171,154,55,2025-12-25,Completed,Invoice
107172,118,55,2024-11-01,Completed,PayPal
107173,836,72,2024-03-13,Completed,PayPal
107174,897,73,2023-11-19,In Progress,Invoice
107175,111,2,2024-07-01,Cancelled,Bank Transfer
107176,788,7,2025-09-17,Completed,Bank Transfer
107177,24,2,2026-07-20,Completed,Invoice
107178,735,55,2025-11-30,Completed,Invoice
107179,124,2,2024-01-13,In Progress,Invoice
107180,766,2,2026-01-28,In Progress,PayPal
107181,307,7,2025-05-15,In Progress,Invoice
107182,352,35,2024-08-31,Cancelled,Bank Transfer
107183,206,72,2024-11-28,Cancelled,PayPal
107184,697,1,2024-03-01,Completed,PayPal
107185,252,73,2024-11-02,Completed,Invoice
107186,372,1,2024-08-22,Cancelled,PayPal
107187,84,2,2024-10-08,Completed,Credit Card
107188,65,68,2024-01-21,Completed,Bank Transfer
107189,569,1,2023-07-29,In Progress,Credit Card
107190,523,5,2025-07-18,Completed,Invoice
107191,900,72,2024-11-10,In Progress,Bank Transfer
107192,967,73,2025-01-02,Completed,Bank Transfer
107193,612,35,2023-10-13,Completed,Invoice
107194,501,73,2023-12-25,Completed,Bank Transfer
107195,199,35,2025-10-12,In Progress,PayPal
107196,721,7,2026-01-17,Completed,Bank Transfer
107197,618,1,2025-10-01,Completed,Bank Transfer
107198,631,35,2024-02-23,Cancelled,Invoice
107199,619,55,2025-09-07,Completed,Bank Transfer
107200,596,68,2024-12-30,In Progress,Credit Card
107201,714,7,2026-06-27,Completed,Credit Card
107202,731,5,2025-12-06,Completed,Credit Card
107203,604,55,2025-06-10,Cancelled,Bank Transfer
107204,152,5,2026-02-23,Completed,Credit Card
107205,335,72,2025-02-19,Completed,Credit Card
107206,443,68,2026-04-25,Completed,PayPal
107207,731,35,2026-06-08,In Progress,Bank Transfer
107208,217,5,2025-05-02,Completed,Invoice
107209,752,5,2024-06-27,Completed,Credit Card
107210,948,72,2026-02-22,In Progress,PayPal
107211,712,68,2024-04-11,Completed,Bank Transfer
107212,594,5,2024-12-15,Cancelled,Credit Card
107213,444,68,2026-04-13,Completed,PayPal
107214,880,1,2025-09-14,Completed,Bank Transfer
107215,90,35,2024-05-29,Completed,Invoice
107216,317,72,2025-08-09,Completed,PayPal
107217,95,68,2024-04-06,Cancelled,Invoice
107218,626,35,2025-11-23,Cancelled,Bank Transfer
107219,566,35,2026-06-19,In Progress,Bank Transfer
107220,151,73,2025-05-16,Completed,Bank Transfer
107221,515,2,2023-08-05,In Progress,Invoice
107222,718,1,2026-01-19,Completed,Invoice
107223,545,68,2025-07-22,Completed,Invoice
107224,298,2,2025-03-19,Completed,Bank Transfer
107225,22,73,2025-10-16,Completed,PayPal
107226,143,5,2025-06-08,In Progress,Invoice
107227,720,1,2025-03-10,Completed,Bank Transfer
107228,786,27,2026-01-17,Completed,Invoice
107229,952,35,2025-05-01,Completed,PayPal
107230,911,2,2025-09-17,Cancelled,PayPal
107231,111,68,2023-12-18,In Progress,Bank Transfer
107232,840,35,2024-06-23,Completed,Credit Card
107233,911,1,2024-12-17,In Progress,PayPal
107234,862,73,2023-11-19,Cancelled,Bank Transfer
107235,155,2,2024-09-01,Cancelled,Invoice
107236,341,7,2025-11-13,Cancelled,Invoice
107237,250,1,2026-07-22,Cancelled,Credit Card
107238,287,5,2023-12-24,Completed,Invoice
107239,255,7,2025-01-17,Completed,Credit Card
107240,574,55,2024-11-03,In Progress,PayPal
107241,684,73,2026-03-11,Completed,Credit Card
107242,164,72,2023-09-15,In Progress,Bank Transfer
107243,332,1,2025-11-01,Completed,Invoice
107244,657,55,2023-08-14,Cancelled,Invoice
107245,968,35,2024-07-18,Completed,Invoice
107246,894,35,2023-10-30,Completed,Credit Card
107247,459,7,2025-10-08,Cancelled,Credit Card
107248,445,55,2025-01-22,Completed,Invoice
107249,867,55,2024-08-11,In Progress,PayPal
107250,110,5,2026-05-03,In Progress,Bank Transfer
107251,156,55,2024-04-04,In Progress,Bank Transfer
107252,791,5,2023-12-10,Completed,PayPal
107253,779,1,2025-09-06,Completed,Bank Transfer
107254,578,7,2025-08-06,Cancelled,Invoice
107255,143,2,2025-08-08,Completed,Invoice
107256,839,7,2023-08-04,Completed,Invoice
107257,121,72,2025-01-11,In Progress,Bank Transfer
107258,503,73,2025-04-03,Completed,Credit Card
107259,533,68,2024-06-19,Cancelled,Invoice
107260,525,35,2026-02-25,In Progress,PayPal
107261,308,5,2025-07-19,In Progress,Bank Transfer
107262,453,27,2023-12-06,In Progress,Credit Card
107263,646,73,2023-09-09,Completed,PayPal
107264,160,1,2024-05-29,Completed,Invoice
107265,21,68,2025-01-31,Completed,PayPal
107266,551,2,2023-11-23,In Progress,PayPal
107267,661,27,2026-07-24,In Progress,Credit Card
107268,723,72,2026-02-09,Completed,Invoice
107269,835,35,2025-02-26,Completed,Invoice
107270,657,7,2024-01-23,In Progress,PayPal
107271,559,5,2024-10-07,Completed,Bank Transfer
107272,398,35,2024-09-15,Completed,Bank Transfer
107273,264,1,2023-11-10,Completed,Invoice
107274,958,55,2024-07-17,Completed,Bank Transfer
107275,749,2,2024-05-09,Completed,Credit Card
107276,790,73,2026-07-25,Completed,Bank Transfer
107277,577,27,2024-07-29,Completed,PayPal
107278,559,1,2025-03-13,Cancelled,PayPal
107279,228,2,2024-05-16,Completed,Credit Card
107280,727,7,2024-08-26,In Progress,PayPal
107281,416,72,2025-12-31,Cancelled,PayPal
107282,220,35,2023-10-12,Completed,Credit Card
107283,479,35,2026-03-23,Completed,Invoice
107284,634,27,2024-08-19,Completed,Credit Card
107285,291,72,2025-12-16,Completed,Credit Card
107286,166,27,2024-06-24,Completed,Bank Transfer
107287,714,73,2025-08-21,Completed,Bank Transfer
107288,730,68,2023-11-18,In Progress,PayPal
107289,287,72,2024-12-04,Cancelled,Invoice
107290,717,7,2026-02-22,In Progress,PayPal
107291,943,2,2024-04-10,In Progress,PayPal
107292,393,1,2025-04-14,Completed,PayPal
107293,993,2,2023-11-30,In Progress,Credit Card
107294,556,55,2025-02-26,Cancelled,Invoice
107295,288,73,2026-06-14,Cancelled,Invoice
107296,312,73,2025-05-08,Completed,Credit Card
107297,122,72,2024-09-21,Completed,PayPal
107298,836,72,2023-09-08,Completed,Credit Card
107299,68,72,2025-01-06,Completed,PayPal
107300,91,2,2025-08-16,Completed,PayPal
107301,363,35,2026-04-23,Completed,Invoice
107302,718,1,2024-01-21,In Progress,Credit Card
107303,164,1,2026-04-03,In Progress,PayPal
107304,165,1,2024-11-12,Cancelled,Invoice
107305,877,5,2023-08-14,Completed,PayPal
107306,694,7,2026-03-01,Completed,Credit Card
107307,783,68,2026-02-27,Completed,PayPal
107308,777,55,2024-10-12,Completed,PayPal
107309,132,2,2023-10-30,In Progress,PayPal
107310,752,73,2026-07-10,Completed,Invoice
107311,395,1,2025-02-23,Completed,Invoice
107312,590,35,2024-08-15,In Progress,Invoice
107313,669,27,2026-02-15,Completed,PayPal
107314,955,7,2025-05-01,Completed,Bank Transfer
107315,515,7,2025-11-08,Completed,Invoice
107316,434,68,2023-09-05,Completed,PayPal
107317,639,5,2026-07-02,Cancelled,Invoice
107318,430,73,2023-08-20,Cancelled,PayPal
107319,408,68,2024-07-31,Completed,Invoice
107320,601,7,2024-03-18,Cancelled,PayPal
107321,800,5,2025-02-24,Completed,Invoice
107322,928,55,2026-06-13,Cancelled,Invoice
107323,709,73,2024-08-15,Completed,Invoice
107324,120,1,2025-12-13,Completed,PayPal
107325,423,1,2024-10-24,In Progress,PayPal
107326,165,2,2024-04-24,Completed,Bank Transfer
107327,686,1,2024-06-13,Completed,Credit Card
107328,360,2,2024-08-30,Completed,Invoice
107329,415,35,2024-12-20,In Progress,Bank Transfer
107330,283,7,2023-09-29,Completed,Bank Transfer
107331,896,1,2023-12-05,Completed,Credit Card
107332,971,1,2026-06-13,Cancelled,PayPal
107333,197,35,2025-11-21,In Progress,Credit Card
107334,649,68,2025-10-10,In Progress,PayPal
107335,383,73,2023-10-22,Completed,PayPal
107336,162,55,2025-01-14,Completed,Credit Card
107337,163,1,2024-07-12,Cancelled,Invoice
107338,325,2,2024-07-17,Completed,Credit Card
107339,365,27,2023-08-01,In Progress,Invoice
107340,354,27,2024-10-24,Cancelled,Invoice
107341,992,68,2024-10-02,Completed,PayPal
107342,113,5,2025-10-23,Cancelled,Invoice
107343,191,1,2026-06-12,Completed,Bank Transfer
107344,17,35,2026-05-02,Completed,Credit Card
107345,277,2,2025-08-24,Completed,PayPal
107346,994,35,2024-11-10,Completed,Credit Card
107347,705,72,2023-10-08,Completed,PayPal
107348,121,72,2025-10-12,Completed,PayPal
107349,779,2,2025-05-18,Cancelled,Bank Transfer
107350,527,73,2024-12-04,Completed,Bank Transfer
107351,278,55,2026-01-17,Cancelled,PayPal
107352,64,35,2024-05-02,Completed,Credit Card
107353,976,72,2024-05-15,In Progress,Credit Card
107354,813,55,2025-07-19,Completed,Credit Card
107355,797,27,2025-09-01,Completed,PayPal
107356,58,2,2024-05-24,Completed,Credit Card
107357,614,1,2024-06-15,Completed,PayPal
107358,976,1,2024-03-04,Cancelled,Bank Transfer
107359,118,72,2025-08-10,In Progress,Credit Card
107360,804,55,2024-10-05,Completed,Bank Transfer
107361,772,7,2025-01-19,In Progress,Invoice
107362,196,7,2026-01-28,Completed,Invoice
107363,844,2,2026-05-24,In Progress,Credit Card
107364,238,68,2026-01-24,Completed,PayPal
107365,441,7,2023-10-09,Cancelled,PayPal
107366,369,27,2024-11-26,Completed,Credit Card
107367,379,5,2026-03-31,In Progress,Bank Transfer
107368,460,73,2025-05-08,Cancelled,PayPal
107369,874,72,2026-07-25,In Progress,Bank Transfer
107370,544,7,2024-08-16,Completed,Invoice
107371,728,55,2025-05-18,Cancelled,PayPal
107372,580,1,2025-04-19,Completed,Invoice
107373,328,1,2025-01-31,Cancelled,Invoice
107374,377,1,2023-11-19,Completed,Credit Card
107375,187,1,2026-01-14,Completed,Credit Card
107376,334,68,2025-01-12,Completed,PayPal
107377,84,27,2024-08-15,Completed,PayPal
107378,151,72,2024-05-02,Completed,Invoice
107379,819,1,2024-05-20,Completed,Bank Transfer
107380,535,68,2026-06-20,In Progress,PayPal
107381,864,5,2024-11-12,Completed,Credit Card
107382,327,1,2025-07-21,Completed,PayPal
107383,524,35,2025-07-05,Completed,Invoice
107384,7,7,2026-07-22,Completed,Invoice
107385,883,5,2025-02-20,Completed,PayPal
107386,761,68,2025-02-24,Completed,Bank Transfer
107387,55,55,2025-08-15,Completed,Credit Card
107388,774,35,2023-11-24,Completed,Invoice
107389,881,35,2025-05-03,Cancelled,PayPal
107390,898,72,2023-08-11,Completed,Invoice
107391,743,7,2025-11-17,Completed,Bank Transfer
107392,317,55,2023-08-23,Completed,Invoice
107393,735,7,2025-09-18,Cancelled,Bank Transfer
107394,309,72,2023-11-10,In Progress,Invoice
107395,152,1,2024-11-25,In Progress,Invoice
107396,605,2,2023-12-16,Cancelled,Invoice
107397,73,2,2024-09-05,Cancelled,Credit Card
107398,164,1,2025-11-07,In Progress,Credit Card
107399,836,5,2024-07-19,Completed,Credit Card
107400,859,1,2023-12-10,Completed,Invoice
107401,872,27,2026-06-01,Completed,Credit Card
107402,520,2,2024-04-17,Completed,Credit Card
107403,209,35,2025-02-28,Completed,Invoice
107404,60,55,2024-09-11,Cancelled,PayPal
107405,461,2,2025-08-26,Completed,PayPal
107406,805,72,2024-01-25,Completed,PayPal
107407,984,7,2023-10-09,Completed,PayPal
107408,989,35,2024-09-21,Completed,Bank Transfer
107409,842,2,2024-10-27,Cancelled,PayPal
107410,472,68,2025-02-21,Completed,PayPal
107411,181,72,2026-04-02,Cancelled,Credit Card
107412,637,2,2024-06-23,Completed,PayPal
107413,758,2,2024-11-06,Completed,Invoice
107414,389,5,2024-07-04,Cancelled,Credit Card
107415,855,7,2024-10-15,Cancelled,Bank Transfer
107416,667,27,2026-05-11,Completed,PayPal
107417,556,27,2023-10-12,Completed,Bank Transfer
107418,582,72,2024-02-29,Completed,PayPal
107419,6,73,2025-03-16,Completed,Bank Transfer
107420,432,7,2024-07-17,Cancelled,PayPal
107421,868,2,2024-10-13,In Progress,Invoice
107422,39,2,2024-12-05,Completed,Bank Transfer
107423,217,73,2025-01-30,In Progress,PayPal
107424,972,27,2025-01-08,Cancelled,Invoice
107425,502,55,2024-03-17,Completed,Bank Transfer
107426,595,1,2024-01-12,Completed,Bank Transfer
107427,625,7,2025-09-24,Completed,PayPal
107428,837,1,2024-07-04,Cancelled,Credit Card
107429,737,55,2024-01-25,Completed,Invoice
107430,359,2,2025-09-06,Completed,PayPal
107431,754,2,2024-08-19,Cancelled,Credit Card
107432,702,2,2024-10-31,Completed,Bank Transfer
107433,592,27,2024-07-18,Cancelled,Bank Transfer
107434,792,68,2024-05-07,Cancelled,Bank Transfer
107435,898,27,2026-06-18,Completed,Bank Transfer
107436,546,55,2025-03-12,Completed,Credit Card
107437,196,1,2024-07-29,Completed,Bank Transfer
107438,744,55,2026-06-02,Completed,Credit Card
107439,441,35,2025-05-30,Cancelled,Invoice
107440,65,5,2024-01-04,Completed,PayPal
107441,431,68,2025-08-03,Cancelled,PayPal
107442,366,27,2025-09-21,Completed,Credit Card
107443,130,7,2023-10-30,In Progress,PayPal
107444,513,1,2023-12-13,Completed,Invoice
107445,105,2,2026-07-20,Completed,Bank Transfer
107446,475,35,2025-03-05,In Progress,Credit Card
107447,42,5,2023-08-11,Completed,Bank Transfer
107448,288,72,2023-08-25,Cancelled,PayPal
107449,378,55,2026-07-09,Completed,Invoice
107450,198,7,2023-09-24,Completed,Credit Card
107451,240,68,2024-05-13,Cancelled,Credit Card
107452,86,27,2023-10-12,Cancelled,Bank Transfer
107453,434,2,2023-08-05,Completed,Bank Transfer
107454,368,2,2025-02-08,Completed,Invoice
107455,636,1,2024-05-25,Completed,Credit Card
107456,486,55,2024-06-22,In Progress,Credit Card
107457,135,55,2025-05-25,Completed,PayPal
107458,645,55,2025-07-30,Completed,Credit Card
107459,309,55,2025-06-22,Completed,Invoice
107460,617,55,2024-02-21,Cancelled,Bank Transfer
107461,214,72,2024-06-03,Completed,Bank Transfer
107462,376,1,2024-10-10,In Progress,Invoice
107463,443,35,2026-01-28,Completed,Bank Transfer
107464,325,72,2024-04-09,Cancelled,PayPal
107465,292,73,2024-12-01,Completed,Bank Transfer
107466,689,7,2026-04-02,Cancelled,Invoice
107467,123,7,2024-06-09,Completed,Invoice
107468,514,2,2024-07-13,Completed,Credit Card
107469,351,35,2025-02-13,In Progress,Credit Card
107470,803,1,2024-08-26,Completed,PayPal
107471,640,2,2026-04-13,Completed,Credit Card
107472,498,68,2024-10-27,Cancelled,Bank Transfer
107473,63,2,2023-08-26,Completed,Credit Card
107474,430,7,2026-02-19,Completed,PayPal
107475,929,2,2026-06-09,Completed,Credit Card
107476,575,1,2025-11-22,Completed,Credit Card
107477,339,1,2025-02-07,Completed,PayPal
107478,267,1,2024-12-23,In Progress,Invoice
107479,539,55,2026-05-07,Completed,Bank Transfer
107480,13,68,2024-08-07,Completed,Credit Card
107481,115,68,2024-11-08,Completed,PayPal
107482,721,7,2024-11-28,Completed,Bank Transfer
107483,993,73,2024-10-09,Cancelled,Bank Transfer
107484,29,27,2024-08-04,Completed,Invoice
107485,262,5,2024-10-31,Completed,Credit Card
107486,890,55,2025-05-24,In Progress,Credit Card
107487,659,7,2024-12-21,Completed,PayPal
107488,718,2,2024-09-12,Completed,Bank Transfer
107489,279,35,2025-03-15,Completed,PayPal
107490,910,2,2023-11-01,Completed,PayPal
107491,554,7,2023-10-19,Completed,Invoice
107492,519,2,2025-04-28,Completed,Bank Transfer
107493,970,68,2025-04-25,In Progress,PayPal
107494,104,55,2025-01-17,Cancelled,PayPal
107495,355,5,2024-08-11,Completed,Credit Card
107496,242,73,2024-08-29,Completed,Invoice
107497,113,35,2023-10-13,Completed,Bank Transfer
107498,625,5,2024-04-10,Completed,PayPal
107499,754,72,2023-09-07,Cancelled,PayPal
107500,958,27,2024-08-23,Cancelled,PayPal
107501,99,5,2025-11-23,In Progress,PayPal
107502,374,68,2024-12-31,Cancelled,Bank Transfer
107503,755,2,2026-03-08,Cancelled,Bank Transfer
107504,633,5,2025-07-05,Completed,PayPal
107505,192,55,2024-12-17,Completed,Credit Card
107506,182,35,2025-08-09,Completed,PayPal
107507,836,68,2024-03-12,In Progress,Credit Card
107508,302,68,2024-02-18,Completed,Credit Card
107509,17,72,2023-08-29,In Progress,Invoice
107510,185,68,2025-04-14,Completed,Bank Transfer
107511,27,55,2024-05-22,In Progress,Credit Card
107512,676,73,2024-03-09,Completed,Invoice
107513,117,55,2025-03-21,Completed,Invoice
107514,345,55,2024-02-18,Cancelled,Credit Card
107515,525,55,2025-04-20,In Progress,PayPal
107516,155,1,2024-07-18,Completed,Invoice
107517,783,27,2025-09-21,Completed,Credit Card
107518,864,72,2025-12-27,Completed,Bank Transfer
107519,929,7,2025-07-13,Completed,Invoice
107520,626,2,2024-03-06,Completed,PayPal
107521,298,5,2024-01-22,Cancelled,Bank Transfer
107522,795,72,2025-05-27,Completed,Credit Card
107523,568,5,2024-10-27,Cancelled,Credit Card
107524,141,72,2025-10-29,Completed,Bank Transfer
107525,922,35,2023-10-08,Cancelled,PayPal
107526,361,68,2023-11-30,Completed,Bank Transfer
107527,315,27,2024-09-20,Completed,Invoice
107528,687,73,2024-09-27,In Progress,Invoice
107529,887,5,2023-08-20,Cancelled,PayPal
107530,7,2,2025-12-10,Completed,Credit Card
107531,292,73,2024-11-12,In Progress,PayPal
107532,106,5,2025-05-21,Cancelled,Invoice
107533,335,7,2023-09-01,Completed,Bank Transfer
107534,336,72,2025-02-11,Completed,PayPal
107535,737,1,2023-11-30,In Progress,PayPal
107536,998,35,2025-10-17,In Progress,Credit Card
107537,929,2,2025-11-02,Completed,Bank Transfer
107538,814,72,2024-09-15,Completed,Bank Transfer
107539,325,2,2026-02-13,Completed,PayPal
107540,973,72,2026-01-17,Completed,Invoice
107541,504,72,2024-12-28,Cancelled,Invoice
107542,286,72,2025-05-01,Cancelled,Invoice
107543,670,55,2024-11-11,Completed,Credit Card
107544,431,27,2025-03-13,In Progress,PayPal
107545,926,73,2025-09-09,Cancelled,Bank Transfer
107546,898,7,2024-02-23,Completed,Invoice
107547,688,1,2024-02-08,Completed,PayPal
107548,35,68,2025-07-28,Completed,Bank Transfer
107549,329,68,2025-05-28,Completed,PayPal
107550,985,27,2024-07-23,Completed,Credit Card
107551,675,68,2024-07-24,Completed,Bank Transfer
107552,285,7,2023-10-29,Cancelled,Invoice
107553,17,68,2026-04-21,Completed,PayPal
107554,181,5,2024-08-02,Completed,PayPal
107555,167,7,2024-06-22,In Progress,Bank Transfer
107556,268,1,2024-05-15,Completed,PayPal
107557,654,5,2023-12-16,Completed,Invoice
107558,271,5,2024-06-07,In Progress,Invoice
107559,879,73,2024-11-14,Cancelled,Credit Card
107560,8,72,2025-03-11,Cancelled,Credit Card
107561,447,73,2025-04-04,Completed,Bank Transfer
107562,947,73,2026-03-13,Completed,Invoice
107563,795,5,2026-07-16,Cancelled,PayPal
107564,323,7,2025-12-03,Completed,Invoice
107565,127,27,2024-04-17,In Progress,Credit Card
107566,330,73,2024-04-12,Completed,PayPal
107567,890,35,2025-06-05,Completed,Credit Card
107568,710,1,2025-04-13,In Progress,Invoice
107569,94,68,2025-09-30,In Progress,Credit Card
107570,359,7,2023-09-28,Completed,Credit Card
107571,283,68,2023-10-19,Cancelled,Credit Card
107572,668,35,2025-11-22,Cancelled,Bank Transfer
107573,402,7,2025-04-11,Cancelled,Bank Transfer
107574,944,68,2025-02-11,Cancelled,Invoice
107575,137,55,2025-03-28,Cancelled,Credit Card
107576,591,7,2024-11-06,In Progress,Credit Card
107577,951,72,2026-02-04,Completed,Bank Transfer
107578,313,35,2024-12-26,Completed,Invoice
107579,487,1,2024-06-06,Cancelled,PayPal
107580,589,68,2026-05-05,In Progress,Bank Transfer
107581,990,55,2025-01-05,Completed,PayPal
107582,184,7,2024-03-29,Completed,Bank Transfer
107583,154,27,2025-08-12,In Progress,Bank Transfer
107584,741,5,2025-10-20,Cancelled,Invoice
107585,663,35,2024-01-21,Cancelled,PayPal
107586,992,73,2026-03-26,Completed,PayPal
107587,434,5,2023-11-20,Completed,Credit Card
107588,849,5,2024-05-16,Completed,Invoice
107589,438,68,2026-01-19,Cancelled,Credit Card
107590,120,35,2024-08-30,Completed,Credit Card
107591,335,35,2023-10-28,Completed,Bank Transfer
107592,933,72,2024-01-23,Completed,Credit Card
107593,554,27,2023-11-21,Completed,Invoice
107594,539,68,2023-09-29,In Progress,Invoice
107595,614,5,2025-03-13,Completed,Credit Card
107596,761,2,2024-05-31,Cancelled,Invoice
107597,624,73,2025-12-19,In Progress,PayPal
107598,886,55,2024-10-16,In Progress,Credit Card
107599,705,72,2025-09-24,In Progress,Credit Card
107600,253,55,2026-03-01,Completed,Invoice
107601,847,72,2025-09-13,In Progress,Credit Card
107602,217,72,2026-05-08,In Progress,Invoice
107603,930,5,2025-04-13,Cancelled,Bank Transfer
107604,297,27,2024-02-06,Cancelled,Credit Card
107605,923,55,2025-11-10,Completed,Invoice
107606,362,73,2024-02-28,Cancelled,Bank Transfer
107607,96,72,2023-12-25,Completed,Credit Card
107608,27,73,2025-04-30,Completed,Bank Transfer
107609,894,7,2025-04-20,Cancelled,Credit Card
107610,178,35,2026-05-20,Cancelled,Invoice
107611,776,55,2025-03-27,Completed,Invoice
107612,18,73,2024-12-20,Completed,Credit Card
107613,304,73,2025-12-18,Completed,Invoice
107614,276,72,2023-12-10,In Progress,Bank Transfer
107615,264,72,2026-06-17,In Progress,Invoice
107616,854,68,2024-11-11,Completed,PayPal
107617,30,2,2025-03-02,Cancelled,Invoice
107618,288,55,2024-01-02,Completed,Bank Transfer
107619,789,68,2023-11-15,Cancelled,PayPal
107620,732,7,2024-11-23,In Progress,Bank Transfer
107621,992,35,2023-10-23,Cancelled,Invoice
107622,933,1,2024-02-06,Completed,Credit Card
107623,151,5,2024-05-28,Completed,Bank Transfer
107624,205,55,2025-03-08,Completed,Credit Card
107625,383,5,2025-02-09,Completed,Invoice
107626,483,2,2026-05-20,In Progress,Invoice
107627,536,5,2025-08-26,In Progress,PayPal
107628,878,1,2026-07-24,Completed,Invoice
107629,709,7,2023-12-20,In Progress,PayPal
107630,758,7,2023-11-13,In Progress,Invoice
107631,456,7,2026-01-07,Completed,PayPal
107632,849,7,2024-11-15,Cancelled,Credit Card
107633,652,68,2024-02-02,Completed,PayPal
107634,555,73,2025-10-30,Completed,Invoice
107635,515,72,2023-08-10,Cancelled,Credit Card
107636,290,68,2024-09-24,Cancelled,Credit Card
107637,391,5,2026-01-15,Completed,Credit Card
107638,163,68,2025-04-06,Completed,Credit Card
107639,201,7,2025-11-23,Completed,PayPal
107640,961,55,2025-09-30,In Progress,Invoice
107641,889,1,2026-01-15,Cancelled,PayPal
107642,421,1,2025-05-03,Completed,Credit Card
107643,522,2,2023-11-26,In Progress,Credit Card
107644,937,27,2024-11-08,Completed,PayPal
107645,74,2,2024-01-25,In Progress,Credit Card
107646,818,55,2024-10-04,Completed,Bank Transfer
107647,756,7,2026-01-08,Completed,Invoice
107648,711,55,2025-11-29,Completed,PayPal
107649,98,73,2024-01-22,Completed,Credit Card
107650,426,27,2026-05-11,Cancelled,PayPal
107651,563,68,2023-10-29,Cancelled,Bank Transfer
107652,908,1,2024-01-19,Completed,Invoice
107653,264,72,2024-07-06,Completed,Bank Transfer
107654,626,68,2023-11-22,Completed,PayPal
107655,613,1,2023-09-10,Completed,Invoice
107656,684,7,2023-12-04,Completed,PayPal
107657,946,72,2024-09-16,Completed,Invoice
107658,268,7,2025-07-23,In Progress,Bank Transfer
107659,72,35,2023-09-20,In Progress,PayPal
107660,71,27,2025-05-31,Completed,PayPal
107661,860,27,2026-02-03,Cancelled,Invoice
107662,548,2,2024-09-25,Completed,Bank Transfer
107663,14,68,2026-05-28,In Progress,Credit Card
107664,488,68,2023-08-25,Completed,Credit Card
107665,439,68,2025-02-15,Completed,Invoice
107666,375,73,2026-03-09,Cancelled,Invoice
107667,987,72,2025-08-26,Completed,Credit Card
107668,17,7,2026-03-14,Completed,Credit Card
107669,829,27,2025-04-11,Cancelled,PayPal
107670,62,72,2024-02-14,In Progress,PayPal
107671,839,5,2024-07-31,Completed,Bank Transfer
107672,440,55,2024-06-07,Completed,Credit Card
107673,29,73,2026-01-21,Completed,PayPal
107674,6,5,2025-04-13,Completed,Invoice
107675,393,2,2024-12-22,Completed,Bank Transfer
107676,715,55,2025-03-31,Completed,PayPal
107677,297,68,2026-07-16,Completed,Credit Card
107678,846,2,2026-04-28,In Progress,Invoice
107679,916,55,2024-10-30,Completed,Invoice
107680,54,5,2024-04-11,Completed,Bank Transfer
107681,869,1,2024-12-19,In Progress,PayPal
107682,823,1,2024-01-01,Completed,Credit Card
107683,374,68,2025-03-10,Completed,PayPal
107684,172,68,2026-02-04,In Progress,Credit Card
107685,665,2,2025-06-11,Completed,Invoice
107686,483,35,2023-12-25,In Progress,Bank Transfer
107687,22,5,2024-05-23,Completed,Bank Transfer
107688,334,68,2024-05-27,Cancelled,Bank Transfer
107689,188,68,2026-05-28,In Progress,Credit Card
107690,836,73,2023-07-29,Completed,PayPal
107691,901,68,2024-09-11,Completed,Invoice
107692,500,35,2024-08-27,Completed,Bank Transfer
107693,706,68,2024-04-18,Completed,PayPal
107694,61,68,2024-09-16,Completed,Credit Card
107695,321,73,2024-12-26,Completed,Credit Card
107696,335,73,2026-07-07,In Progress,PayPal
107697,876,7,2026-02-18,Completed,Invoice
107698,413,7,2025-04-09,In Progress,PayPal
107699,799,55,2023-09-08,Completed,Bank Transfer
107700,531,2,2025-12-03,Completed,Bank Transfer
107701,645,68,2025-01-01,Completed,Credit Card
107702,502,5,2024-05-25,In Progress,Credit Card
107703,538,27,2024-02-05,Cancelled,Bank Transfer
107704,549,27,2025-05-13,Cancelled,Bank Transfer
107705,762,1,2025-07-27,Cancelled,Invoice
107706,61,5,2024-11-02,Completed,PayPal
107707,171,73,2026-05-26,Cancelled,Bank Transfer
107708,708,35,2026-05-21,Completed,Bank Transfer
107709,941,55,2025-09-06,Completed,Invoice
107710,644,68,2024-09-10,Completed,Bank Transfer
107711,11,7,2023-09-05,In Progress,Invoice
107712,251,1,2024-04-28,Completed,Invoice
107713,68,5,2025-12-18,Completed,Credit Card
107714,453,73,2024-12-05,In Progress,PayPal
107715,32,1,2023-12-17,Completed,Invoice
107716,537,35,2026-02-08,Completed,PayPal
107717,674,73,2025-03-18,In Progress,Credit Card
107718,897,1,2023-07-30,Completed,PayPal
107719,781,72,2024-03-29,Completed,Invoice
107720,657,72,2025-08-14,Completed,Invoice
107721,785,68,2025-07-15,Completed,Bank Transfer
107722,126,2,2024-06-06,Completed,Bank Transfer
107723,62,68,2024-04-23,Cancelled,Credit Card
107724,62,73,2025-04-03,Completed,Credit Card
107725,699,5,2023-09-20,Completed,Bank Transfer
107726,393,2,2025-07-10,In Progress,PayPal
107727,673,27,2026-04-23,In Progress,Invoice
107728,631,27,2024-06-26,Cancelled,Credit Card
107729,828,73,2023-08-15,Completed,Credit Card
107730,939,73,2023-09-26,Completed,PayPal
107731,269,35,2025-02-11,Completed,Bank Transfer
107732,860,73,2024-03-27,Completed,Bank Transfer
107733,662,68,2026-03-24,Completed,PayPal
107734,210,72,2026-01-28,Completed,Credit Card
107735,594,68,2026-07-02,Completed,Bank Transfer
107736,727,1,2025-05-28,Completed,PayPal
107737,537,72,2024-02-21,Completed,Bank Transfer
107738,920,7,2023-07-28,Completed,Bank Transfer
107739,251,7,2025-11-11,Completed,Bank Transfer
107740,829,5,2025-09-05,Completed,Bank Transfer
107741,992,5,2023-09-23,Completed,Credit Card
107742,679,1,2024-10-20,Cancelled,Credit Card
107743,445,2,2023-12-26,Completed,Credit Card
107744,18,1,2024-11-15,Completed,Bank Transfer
107745,627,68,2025-10-02,Completed,PayPal
107746,632,27,2023-12-04,Completed,Credit Card
107747,449,2,2026-01-20,Completed,Invoice
107748,474,1,2025-07-20,In Progress,Invoice
107749,409,68,2023-12-14,Completed,Bank Transfer
107750,225,73,2025-08-20,Cancelled,Invoice
107751,870,73,2025-12-01,Completed,Bank Transfer
107752,727,55,2023-08-26,Cancelled,Bank Transfer
107753,903,35,2024-04-06,Completed,Credit Card
107754,713,7,2026-07-04,Cancelled,Bank Transfer
107755,714,2,2025-01-11,Completed,Credit Card
107756,277,73,2025-09-28,Completed,PayPal
107757,286,2,2025-08-29,Completed,PayPal
107758,852,35,2025-11-14,Completed,Invoice
107759,26,27,2024-09-13,Completed,PayPal
107760,518,27,2025-07-09,Completed,PayPal
107761,632,72,2025-02-22,Completed,PayPal
107762,636,35,2023-08-28,In Progress,PayPal
107763,680,55,2023-12-31,Completed,Invoice
107764,830,1,2024-06-15,Completed,Bank Transfer
107765,891,55,2025-03-27,Completed,PayPal
107766,826,1,2023-12-12,Completed,Credit Card
107767,507,73,2025-10-10,Completed,Bank Transfer
107768,442,55,2024-01-15,Completed,PayPal
107769,243,35,2024-05-02,Completed,Invoice
107770,568,1,2026-03-31,Completed,Bank Transfer
107771,289,7,2025-12-17,Completed,PayPal
107772,734,73,2023-08-12,Completed,Credit Card
107773,421,27,2026-04-03,Completed,Invoice
107774,855,2,2025-06-13,Completed,Bank Transfer
107775,451,1,2026-06-27,Completed,Bank Transfer
107776,852,1,2025-02-08,In Progress,Credit Card
107777,736,5,2024-04-06,Completed,Credit Card
107778,58,1,2025-11-15,Completed,PayPal
107779,837,35,2023-11-25,Completed,PayPal
107780,419,2,2025-01-13,In Progress,Bank Transfer
107781,428,1,2024-08-29,Completed,Bank Transfer
107782,80,7,2026-01-27,Cancelled,Bank Transfer
107783,85,5,2025-11-01,Completed,PayPal
107784,809,35,2024-08-23,Cancelled,Invoice
107785,46,72,2026-07-07,Cancelled,Invoice
107786,454,1,2024-07-15,Cancelled,Bank Transfer
107787,295,73,2026-05-20,Completed,PayPal
107788,133,35,2024-12-31,Completed,PayPal
107789,627,5,2026-06-20,Cancelled,PayPal
107790,745,73,2026-03-07,Completed,Invoice
107791,792,1,2024-07-27,In Progress,Credit Card
107792,129,1,2024-01-01,Completed,Credit Card
107793,667,5,2024-01-29,In Progress,Credit Card
107794,828,55,2026-06-08,In Progress,PayPal
107795,814,72,2025-06-20,Cancelled,Credit Card
107796,167,68,2024-06-06,Completed,Bank Transfer
107797,892,7,2025-05-05,In Progress,PayPal
107798,386,55,2024-10-01,Cancelled,Credit Card
107799,88,1,2023-11-15,In Progress,Credit Card
107800,180,55,2024-06-06,In Progress,Invoice
107801,454,35,2026-01-12,Completed,Invoice
107802,80,2,2026-01-18,Completed,PayPal
107803,343,1,2025-02-12,Cancelled,Invoice
107804,907,72,2023-08-06,Completed,Bank Transfer
107805,393,7,2023-12-20,Completed,Credit Card
107806,633,27,2025-01-27,Cancelled,Invoice
107807,246,7,2026-06-28,Completed,Invoice
107808,849,68,2024-06-10,In Progress,Bank Transfer
107809,943,73,2025-01-18,Completed,PayPal
107810,726,35,2025-08-08,Completed,Bank Transfer
107811,171,55,2023-09-21,Completed,Invoice
107812,12,72,2026-01-04,Completed,PayPal
107813,200,73,2024-02-04,Cancelled,Credit Card
107814,566,72,2024-05-25,Completed,Credit Card
107815,198,73,2024-07-31,In Progress,Invoice
107816,623,55,2023-08-30,In Progress,Credit Card
107817,22,35,2024-07-04,Completed,Bank Transfer
107818,532,35,2024-03-03,Completed,Credit Card
107819,177,1,2025-11-06,Completed,Credit Card
107820,680,7,2024-03-22,Completed,Invoice
107821,863,72,2026-04-10,Cancelled,Credit Card
107822,209,2,2025-06-15,Completed,Bank Transfer
107823,794,2,2025-01-24,Cancelled,Bank Transfer
107824,215,73,2024-09-21,In Progress,Credit Card
107825,96,73,2025-10-09,Completed,Invoice
107826,328,68,2025-01-31,In Progress,Invoice
107827,419,2,2024-12-17,Cancelled,Invoice
107828,792,7,2023-12-26,Completed,Bank Transfer
107829,618,72,2026-03-31,Cancelled,PayPal
107830,715,2,2025-01-10,Completed,Invoice
107831,410,55,2026-06-02,Completed,Bank Transfer
107832,216,68,2024-06-25,Completed,Credit Card
107833,480,35,2024-10-25,In Progress,Invoice
107834,99,55,2024-04-19,Completed,Credit Card
107835,998,7,2024-06-24,Cancelled,Credit Card
107836,944,27,2023-12-15,Completed,Bank Transfer
107837,686,27,2025-02-02,Cancelled,PayPal
107838,177,5,2024-01-08,Completed,Invoice
107839,138,27,2025-01-28,Completed,Invoice
107840,917,35,2025-03-19,Completed,Credit Card
107841,863,73,2023-08-16,Completed,Bank Transfer
107842,231,35,2026-03-14,Completed,Bank Transfer
107843,501,27,2024-11-07,Completed,Invoice
107844,528,2,2025-06-01,Completed,PayPal
107845,676,35,2024-07-04,Completed,Credit Card
107846,438,73,2025-02-07,Cancelled,PayPal
107847,845,73,2024-12-06,Completed,PayPal
107848,803,35,2024-05-27,Completed,PayPal
107849,455,7,2026-01-12,In Progress,PayPal
107850,376,2,2024-04-12,Cancelled,Bank Transfer
107851,489,72,2025-10-21,Completed,Bank Transfer
107852,280,68,2024-11-30,Completed,Bank Transfer
107853,946,5,2026-03-23,Completed,Credit Card
107854,134,27,2024-12-23,In Progress,Invoice
107855,853,5,2025-12-15,In Progress,PayPal
107856,355,68,2025-10-18,Cancelled,Invoice
107857,41,55,2024-03-07,Completed,Credit Card
107858,582,7,2024-11-01,Completed,Invoice
107859,136,2,2025-05-19,Cancelled,Invoice
107860,763,7,2026-05-29,Completed,Credit Card
107861,543,73,2026-07-21,Completed,Bank Transfer
107862,224,35,2024-02-21,Completed,PayPal
107863,696,5,2026-04-12,Completed,Invoice
107864,994,55,2024-12-15,In Progress,Invoice
107865,804,68,2026-01-23,Completed,PayPal
107866,212,5,2024-08-31,In Progress,PayPal
107867,371,1,2025-02-06,In Progress,PayPal
107868,773,72,2024-01-20,Completed,Bank Transfer
107869,659,73,2024-12-19,Completed,Bank Transfer
107870,673,73,2025-08-23,Cancelled,Credit Card
107871,301,7,2026-04-29,In Progress,Bank Transfer
107872,374,27,2026-06-22,Cancelled,Invoice
107873,598,73,2024-06-17,In Progress,PayPal
107874,678,27,2024-01-26,Completed,PayPal
107875,399,68,2023-12-30,Completed,PayPal
107876,615,27,2026-04-29,Completed,PayPal
107877,708,2,2023-12-15,In Progress,Credit Card
107878,553,55,2026-05-13,Completed,Bank Transfer
107879,912,2,2024-06-12,Completed,PayPal
107880,14,2,2025-04-15,Completed,Invoice
107881,507,35,2025-10-13,Completed,PayPal
107882,701,7,2024-06-12,In Progress,PayPal
107883,506,35,2024-08-23,In Progress,Bank Transfer
107884,56,7,2023-11-18,Cancelled,Credit Card
107885,741,68,2025-05-03,Completed,Bank Transfer
107886,697,72,2023-12-11,Completed,Bank Transfer
107887,171,7,2024-01-24,In Progress,Bank Transfer
107888,899,27,2024-04-12,Completed,Invoice
107889,743,7,2024-04-03,Completed,PayPal
107890,445,55,2024-11-21,Completed,Invoice
107891,467,68,2026-06-13,Completed,Credit Card
107892,385,35,2025-06-15,Completed,PayPal
107893,280,5,2025-04-04,In Progress,Credit Card
107894,218,68,2025-02-25,Completed,PayPal
107895,353,7,2024-11-16,Completed,Bank Transfer
107896,6,27,2024-10-11,Completed,Invoice
107897,160,72,2024-11-06,Completed,Invoice
107898,813,68,2025-09-30,Completed,Credit Card
107899,582,55,2025-04-11,Completed,Bank Transfer
107900,318,35,2025-06-24,Completed,Invoice
107901,945,1,2024-11-15,Completed,PayPal
107902,920,7,2025-09-19,Completed,Invoice
107903,356,7,2025-03-17,Completed,Credit Card
107904,391,5,2025-09-05,Completed,Bank Transfer
107905,604,5,2024-05-10,Completed,Invoice
107906,900,72,2025-03-29,Cancelled,Invoice
107907,882,35,2025-06-29,Completed,PayPal
107908,984,72,2026-03-24,Cancelled,PayPal
107909,777,68,2025-08-14,Completed,Invoice
107910,103,5,2024-10-01,In Progress,Credit Card
107911,275,68,2026-06-17,Cancelled,Credit Card
107912,123,35,2024-03-30,Cancelled,Credit Card
107913,715,73,2023-10-18,In Progress,Invoice
107914,430,55,2025-01-04,Completed,PayPal
107915,994,1,2024-11-29,In Progress,Credit Card
107916,786,72,2023-09-17,Cancelled,PayPal
107917,3,5,2026-05-12,Completed,Bank Transfer
107918,500,72,2024-04-25,Completed,Credit Card
107919,777,5,2025-08-16,Completed,PayPal
107920,253,35,2025-11-09,Completed,PayPal
107921,211,2,2024-04-21,Completed,PayPal
107922,283,35,2025-12-25,Cancelled,PayPal
107923,69,2,2025-02-19,Completed,PayPal
107924,36,35,2023-12-09,In Progress,PayPal
107925,335,27,2025-06-05,Completed,Credit Card
107926,654,35,2025-05-09,In Progress,Bank Transfer
107927,274,35,2026-01-01,Completed,Invoice
107928,843,73,2025-03-06,Completed,Invoice
107929,144,72,2023-09-01,Completed,Invoice
107930,457,55,2023-08-03,Completed,PayPal
107931,945,5,2025-05-25,Cancelled,Credit Card
107932,717,72,2025-01-08,Cancelled,Credit Card
107933,817,2,2024-11-29,Cancelled,Invoice
107934,931,73,2025-12-08,Cancelled,Credit Card
107935,499,2,2024-02-08,Completed,Credit Card
107936,981,2,2024-05-23,Completed,Credit Card
107937,817,35,2026-02-24,Cancelled,PayPal
107938,162,7,2024-03-16,Cancelled,PayPal
107939,379,72,2024-09-20,In Progress,Bank Transfer
107940,690,35,2023-12-14,Completed,Credit Card
107941,764,72,2026-05-12,In Progress,Credit Card
107942,926,68,2024-10-30,Completed,Bank Transfer
107943,415,2,2025-01-28,Completed,Invoice
107944,413,1,2024-02-17,Completed,Bank Transfer
107945,932,55,2025-12-20,Cancelled,Bank Transfer
107946,702,73,2026-03-02,Completed,Invoice
107947,651,55,2025-07-10,Completed,Invoice
107948,180,68,2024-10-27,Completed,PayPal
107949,419,35,2026-02-19,Completed,Bank Transfer
107950,972,5,2024-11-19,In Progress,Credit Card
107951,582,27,2025-03-04,Completed,Credit Card
107952,306,2,2025-01-21,Completed,Invoice
107953,823,1,2025-06-07,Completed,Credit Card
107954,592,1,2026-04-13,Completed,PayPal
107955,831,35,2023-11-27,Completed,Credit Card
107956,95,5,2023-08-03,Cancelled,Bank Transfer
107957,474,7,2023-12-07,Completed,Bank Transfer
107958,65,72,2025-05-14,Completed,Invoice
107959,296,35,2023-07-29,In Progress,Credit Card
107960,679,27,2023-07-29,Completed,PayPal
107961,104,55,2023-08-15,In Progress,Bank Transfer
107962,263,55,2024-09-16,Cancelled,Invoice
107963,427,73,2026-06-07,In Progress,Invoice
107964,824,73,2025-09-29,Completed,Bank Transfer
107965,964,73,2025-04-13,Cancelled,Invoice
107966,923,55,2026-04-05,Completed,Bank Transfer
107967,374,55,2025-08-21,Cancelled,Invoice
107968,565,72,2024-10-10,Completed,PayPal
107969,860,2,2026-01-08,Completed,PayPal
107970,525,35,2025-04-08,In Progress,Bank Transfer
107971,193,73,2026-05-26,Cancelled,Credit Card
107972,244,73,2024-10-19,Cancelled,Invoice
107973,720,72,2024-04-15,Completed,Credit Card
107974,386,68,2026-07-23,Completed,Credit Card
107975,378,68,2025-12-21,Completed,Credit Card
107976,912,5,2024-04-15,Completed,PayPal
107977,718,5,2024-01-03,Completed,PayPal
107978,550,27,2025-01-28,In Progress,Credit Card
107979,253,2,2025-08-02,Completed,Credit Card
107980,236,5,2025-08-17,Completed,Bank Transfer
107981,746,1,2024-04-17,Cancelled,Credit Card
107982,33,2,2024-08-09,Completed,PayPal
107983,648,2,2023-08-06,In Progress,PayPal
107984,857,68,2023-09-11,In Progress,PayPal
107985,732,1,2024-01-11,Completed,Bank Transfer
107986,771,27,2024-10-14,Completed,Invoice
107987,147,7,2025-12-02,Completed,PayPal
107988,342,55,2026-05-10,Cancelled,Credit Card
107989,229,68,2025-06-03,Completed,Bank Transfer
107990,635,5,2025-10-03,Completed,PayPal
107991,533,73,2026-06-18,Completed,PayPal
107992,516,35,2025-09-17,Cancelled,Credit Card
107993,662,1,2026-07-13,Completed,Bank Transfer
107994,317,1,2024-08-19,Completed,Bank Transfer
107995,459,73,2025-01-06,In Progress,Credit Card
107996,72,72,2024-03-14,Completed,Credit Card
107997,703,2,2024-08-01,In Progress,Credit Card
107998,965,73,2023-10-23,In Progress,Invoice
107999,851,1,2026-04-19,In Progress,Invoice
108000,481,5,2024-11-21,Completed,Bank Transfer
108001,432,72,2025-03-04,Completed,PayPal
108002,129,73,2025-05-28,Completed,PayPal
108003,994,2,2025-09-18,Cancelled,Invoice
108004,497,68,2024-02-27,Completed,Invoice
108005,630,68,2024-07-31,Completed,PayPal
108006,891,27,2025-07-08,Cancelled,Bank Transfer
108007,732,55,2024-11-11,Cancelled,Invoice
108008,774,1,2025-03-21,Cancelled,Credit Card
108009,139,72,2024-12-04,Completed,Invoice
108010,555,55,2024-02-24,Completed,Invoice
108011,168,68,2024-04-09,Completed,Bank Transfer
108012,243,35,2025-02-21,In Progress,PayPal
108013,541,68,2024-10-15,Completed,PayPal
108014,972,2,2025-10-19,Completed,Invoice
108015,361,55,2024-07-04,Completed,PayPal
108016,171,7,2024-10-28,Completed,Credit Card
108017,54,27,2023-08-06,In Progress,Invoice
108018,592,68,2024-01-27,Completed,Credit Card
108019,472,35,2024-09-06,Completed,Bank Transfer
108020,25,2,2025-01-19,Cancelled,Credit Card
108021,531,68,2026-03-27,Completed,Credit Card
108022,489,27,2026-04-23,Cancelled,PayPal
108023,489,55,2024-07-16,In Progress,Invoice
108024,269,1,2026-04-12,In Progress,Invoice
108025,205,35,2024-12-22,Completed,Bank Transfer
108026,3,27,2023-10-25,Completed,Credit Card
108027,129,73,2025-10-12,Completed,Invoice
108028,177,2,2025-03-17,Completed,Credit Card
108029,709,68,2024-03-09,Completed,Bank Transfer
108030,114,7,2023-12-05,Completed,PayPal
108031,431,1,2025-09-19,Completed,Credit Card
108032,356,27,2025-05-18,In Progress,PayPal
108033,656,27,2026-07-18,In Progress,Bank Transfer
108034,214,7,2024-05-25,Cancelled,PayPal
108035,375,5,2026-07-20,Completed,Credit Card
108036,946,72,2025-12-30,Completed,Bank Transfer
108037,821,5,2024-12-14,Completed,PayPal
108038,597,7,2025-02-20,In Progress,Invoice
108039,837,55,2024-05-12,In Progress,Bank Transfer
108040,449,27,2023-08-02,In Progress,Bank Transfer
108041,964,35,2026-01-16,Completed,Bank Transfer
108042,668,27,2026-04-16,Completed,Credit Card
108043,616,1,2023-09-09,Cancelled,Invoice
108044,287,72,2026-01-27,Cancelled,Bank Transfer
108045,5,5,2025-01-02,Cancelled,Credit Card
108046,329,35,2025-11-29,Completed,Invoice
108047,941,72,2024-06-10,Cancelled,Invoice
108048,896,73,2026-07-06,Completed,Invoice
108049,662,68,2026-07-16,Completed,Invoice
108050,983,68,2025-01-26,Completed,Invoice
108051,88,1,2025-06-17,Completed,Credit Card
108052,498,27,2024-10-23,Completed,PayPal
108053,256,68,2024-04-28,Completed,Bank Transfer
108054,606,68,2024-06-28,Completed,PayPal
108055,706,72,2025-05-12,Completed,Credit Card
108056,271,1,2025-06-25,Completed,PayPal
108057,420,7,2024-05-16,Completed,Credit Card
108058,56,27,2025-11-06,Completed,Credit Card
108059,105,68,2026-04-05,Completed,Credit Card
108060,827,27,2025-10-22,Completed,Invoice
108061,906,7,2024-11-20,Cancelled,Invoice
108062,808,72,2023-11-24,Completed,PayPal
108063,553,73,2023-10-03,Completed,Credit Card
108064,568,55,2024-04-09,Completed,Bank Transfer
108065,958,35,2025-07-05,Completed,Bank Transfer
108066,923,5,2025-09-08,Cancelled,Bank Transfer
108067,126,1,2024-04-10,Cancelled,Bank Transfer
108068,921,7,2023-09-07,Completed,Invoice
108069,337,2,2025-11-29,Completed,PayPal
108070,877,7,2024-10-01,Cancelled,Bank Transfer
108071,197,72,2024-06-23,Completed,Credit Card
108072,922,72,2023-11-11,In Progress,Credit Card
108073,204,55,2024-04-22,Cancelled,PayPal
108074,105,72,2025-12-27,Completed,PayPal
108075,275,5,2026-07-22,Cancelled,Credit Card
108076,380,72,2025-10-28,In Progress,Bank Transfer
108077,63,35,2026-01-09,Cancelled,Credit Card
108078,249,7,2025-08-30,Completed,Invoice
108079,766,73,2024-11-17,Completed,PayPal
108080,374,5,2024-03-19,Completed,Invoice
108081,40,2,2026-06-25,In Progress,Invoice
108082,294,68,2024-04-17,Completed,PayPal
108083,616,72,2024-03-05,Cancelled,PayPal
108084,992,73,2025-08-19,Completed,Bank Transfer
108085,807,68,2025-11-04,In Progress,Invoice
108086,452,2,2026-01-25,Cancelled,PayPal
108087,6,68,2024-03-01,Cancelled,Bank Transfer
108088,362,2,2025-10-18,Completed,Credit Card
108089,869,73,2023-10-01,In Progress,PayPal
108090,155,55,2025-04-26,Completed,Bank Transfer
108091,588,55,2024-10-15,Completed,Credit Card
108092,30,7,2023-11-25,In Progress,Credit Card
108093,720,73,2025-02-17,Completed,Bank Transfer
108094,743,68,2026-04-08,Completed,PayPal
108095,897,5,2024-03-20,Cancelled,Invoice
108096,21,68,2025-05-24,Cancelled,PayPal
108097,981,27,2025-04-21,Completed,Credit Card
108098,123,7,2024-08-15,Completed,Invoice
108099,713,27,2023-08-10,Completed,Credit Card
108100,76,73,2026-03-24,In Progress,Invoice
108101,323,72,2024-04-12,Completed,Credit Card
108102,974,1,2024-09-03,Completed,Bank Transfer
108103,649,27,2025-10-07,Completed,Bank Transfer
108104,247,68,2026-07-21,Completed,PayPal
108105,100,1,2025-08-01,In Progress,Credit Card
108106,638,27,2026-04-24,Cancelled,Credit Card
108107,84,5,2023-12-04,Completed,Invoice
108108,389,73,2025-05-31,Completed,Invoice
108109,195,73,2025-12-04,In Progress,Bank Transfer
108110,799,73,2024-06-07,In Progress,Credit Card
108111,566,5,2024-05-14,Completed,Credit Card
108112,580,73,2026-02-14,Completed,Invoice
108113,602,73,2023-12-23,Completed,Invoice
108114,954,68,2023-12-26,Completed,Invoice
108115,287,7,2025-08-28,Completed,PayPal
108116,927,68,2025-08-17,Completed,Bank Transfer
108117,137,7,2026-07-12,In Progress,Invoice
108118,854,2,2024-06-21,Completed,PayPal
108119,164,27,2026-07-11,Completed,Invoice
108120,512,73,2024-06-29,Completed,PayPal
108121,581,55,2024-09-21,Cancelled,Invoice
108122,937,5,2024-08-02,Completed,Bank Transfer
108123,941,72,2023-09-06,In Progress,PayPal
108124,134,7,2025-04-04,Completed,Credit Card
108125,889,35,2025-06-12,Completed,PayPal
108126,679,1,2024-11-30,In Progress,PayPal
108127,456,55,2025-09-21,In Progress,Invoice
108128,238,55,2026-06-18,Completed,Invoice
108129,919,27,2025-11-06,In Progress,Credit Card
108130,918,68,2025-10-10,In Progress,Bank Transfer
108131,649,7,2024-11-19,Completed,Credit Card
108132,849,72,2025-08-29,Completed,PayPal
108133,17,55,2026-02-07,In Progress,Credit Card
108134,439,68,2024-04-27,In Progress,Credit Card
108135,842,72,2024-03-31,In Progress,PayPal
108136,880,73,2026-06-28,Completed,Bank Transfer
108137,722,68,2024-01-19,In Progress,Credit Card
108138,369,55,2023-11-08,Completed,Invoice
108139,413,72,2023-12-17,In Progress,Credit Card
108140,865,7,2025-02-28,Completed,Invoice
108141,425,72,2026-02-16,In Progress,Credit Card
108142,708,5,2025-02-18,Cancelled,Invoice
108143,856,7,2023-12-06,In Progress,Invoice
108144,11,7,2024-12-04,Cancelled,PayPal
108145,629,5,2025-11-04,Completed,PayPal
108146,585,7,2025-05-25,Completed,Invoice
108147,33,73,2023-12-08,Completed,Invoice
108148,993,72,2026-06-23,In Progress,Credit Card
108149,855,73,2023-10-28,Completed,Credit Card
108150,317,5,2025-12-13,In Progress,Credit Card
108151,725,68,2026-03-27,In Progress,PayPal
108152,322,27,2024-09-23,Cancelled,PayPal
108153,921,1,2024-07-08,Cancelled,Credit Card
108154,548,72,2024-08-23,Completed,Credit Card
108155,433,35,2024-04-26,In Progress,PayPal
108156,341,5,2025-08-06,Completed,Bank Transfer
108157,754,1,2025-08-19,Completed,PayPal
108158,85,68,2025-08-16,Completed,Bank Transfer
108159,654,7,2023-08-26,Completed,PayPal
108160,188,35,2025-04-27,In Progress,Invoice
108161,412,68,2024-05-07,Completed,PayPal
108162,231,27,2024-05-26,Cancelled,PayPal
108163,395,5,2026-05-20,Completed,Invoice
108164,715,27,2024-02-10,In Progress,Credit Card
108165,907,5,2025-09-09,Completed,Credit Card
108166,925,7,2025-03-20,Completed,Bank Transfer
108167,587,72,2023-08-26,In Progress,Credit Card
108168,765,72,2025-03-13,Completed,Credit Card
108169,849,73,2023-11-05,Completed,Credit Card
108170,447,68,2024-12-06,Completed,Invoice
108171,758,73,2024-05-14,Completed,Bank Transfer
108172,301,5,2025-03-19,Completed,Invoice
108173,499,68,2024-07-19,In Progress,Invoice
108174,117,5,2024-03-09,In Progress,Invoice
108175,442,68,2025-01-06,In Progress,PayPal
108176,561,27,2025-05-14,In Progress,Credit Card
108177,27,7,2025-03-02,In Progress,PayPal
108178,94,27,2025-06-19,In Progress,PayPal
108179,815,5,2025-08-17,Completed,Bank Transfer
108180,965,1,2025-10-16,Completed,Bank Transfer
108181,548,7,2024-08-09,Completed,Invoice
108182,269,55,2024-04-29,In Progress,Credit Card
108183,64,2,2023-12-04,Cancelled,Bank Transfer
108184,92,1,2025-12-28,Completed,PayPal
108185,24,2,2024-05-04,Cancelled,Invoice
108186,49,27,2023-10-05,Completed,PayPal
108187,811,1,2025-04-06,Completed,Credit Card
108188,459,68,2026-06-08,Completed,Credit Card
108189,447,35,2025-03-24,Completed,Credit Card
108190,168,5,2024-10-05,Completed,Bank Transfer
108191,608,35,2025-08-02,Cancelled,Credit Card
108192,162,35,2024-12-09,Completed,PayPal
108193,554,2,2025-08-18,Completed,PayPal
108194,222,73,2024-10-02,Completed,Invoice
108195,866,73,2026-07-11,In Progress,PayPal
108196,561,35,2023-09-02,Completed,Invoice
108197,263,2,2026-01-30,Completed,Credit Card
108198,50,27,2023-09-24,Cancelled,Credit Card
108199,215,72,2024-06-17,Completed,Invoice
108200,602,72,2024-08-30,In Progress,PayPal
108201,885,72,2026-02-15,Completed,Bank Transfer
108202,136,7,2026-06-30,Completed,Invoice
108203,615,72,2024-07-02,Cancelled,Invoice
108204,191,35,2024-11-12,Completed,Credit Card
108205,952,5,2024-06-06,In Progress,PayPal
108206,855,35,2024-08-08,Completed,Credit Card
108207,362,27,2024-01-14,Completed,Bank Transfer
108208,728,1,2024-01-08,Completed,Credit Card
108209,256,7,2024-03-14,Completed,Invoice
108210,402,5,2023-08-26,Completed,Bank Transfer
108211,401,7,2023-10-26,In Progress,Credit Card
108212,395,2,2025-12-09,Completed,Invoice
108213,119,27,2026-02-02,Completed,Bank Transfer
108214,155,5,2025-01-11,Completed,Bank Transfer
108215,99,35,2024-02-17,Completed,Invoice
108216,511,55,2024-06-15,Cancelled,Invoice
108217,904,27,2023-07-28,Cancelled,Credit Card
108218,216,1,2024-05-23,Completed,Credit Card
108219,226,68,2025-01-30,Completed,Invoice
108220,786,2,2025-05-22,Cancelled,Bank Transfer
108221,41,73,2024-11-30,Completed,Credit Card
108222,499,27,2026-04-01,Completed,Bank Transfer
108223,344,73,2025-10-18,Completed,Bank Transfer
108224,530,68,2024-01-30,Cancelled,PayPal
108225,302,68,2023-11-10,Cancelled,PayPal
108226,342,2,2024-01-28,Cancelled,PayPal
108227,922,27,2025-01-12,Completed,Credit Card
108228,299,55,2024-08-23,In Progress,Bank Transfer
108229,491,35,2025-12-09,Completed,Credit Card
108230,166,35,2024-02-28,Cancelled,PayPal
108231,343,55,2023-12-27,In Progress,Credit Card
108232,913,73,2025-08-16,Cancelled,Credit Card
108233,674,35,2025-05-06,Cancelled,Invoice
108234,650,55,2025-09-25,Cancelled,Bank Transfer
108235,822,55,2025-07-07,Cancelled,Bank Transfer
108236,64,35,2024-01-16,Cancelled,Credit Card
108237,882,68,2025-08-31,Completed,Invoice
108238,333,2,2024-03-02,Completed,Invoice
108239,121,72,2025-08-08,Completed,Invoice
108240,801,72,2024-07-21,In Progress,Bank Transfer
108241,778,35,2026-05-08,In Progress,Credit Card
108242,874,27,2024-12-06,Completed,Credit Card
108243,969,7,2024-09-27,Cancelled,Invoice
108244,375,5,2023-08-07,Completed,Credit Card
108245,873,72,2023-11-18,Completed,PayPal
108246,386,7,2024-11-16,Cancelled,Bank Transfer
108247,542,5,2025-10-02,Cancelled,Credit Card
108248,546,73,2025-06-30,Completed,PayPal
108249,26,35,2024-10-23,Completed,Invoice
108250,866,35,2024-02-11,In Progress,PayPal
108251,505,72,2024-11-12,Cancelled,PayPal
108252,153,5,2023-11-28,Completed,Credit Card
108253,990,73,2025-08-04,Completed,Credit Card
108254,642,35,2024-07-29,Completed,Bank Transfer
108255,467,7,2025-01-03,Completed,PayPal
108256,154,72,2024-09-28,In Progress,Bank Transfer
108257,766,27,2025-10-31,In Progress,Bank Transfer
108258,351,73,2023-12-28,Completed,Credit Card
108259,708,55,2025-07-30,Completed,PayPal
108260,208,2,2023-10-20,In Progress,Bank Transfer
108261,495,35,2025-01-19,Completed,Bank Transfer
108262,119,1,2024-11-18,Completed,PayPal
108263,689,55,2024-08-01,Completed,Credit Card
108264,432,5,2023-08-07,In Progress,Invoice
108265,409,2,2025-08-12,Cancelled,Invoice
108266,804,73,2023-09-02,Completed,Bank Transfer
108267,743,1,2023-08-01,Completed,Invoice
108268,298,7,2024-11-03,Completed,Bank Transfer
108269,673,35,2023-07-30,Completed,PayPal
108270,15,1,2023-10-11,Completed,Credit Card
108271,355,1,2025-10-03,Completed,Bank Transfer
108272,156,1,2023-10-28,Completed,Bank Transfer
108273,557,73,2026-07-25,Cancelled,Credit Card
108274,927,73,2024-04-12,Cancelled,Credit Card
108275,281,72,2024-11-26,Completed,PayPal
108276,111,1,2024-03-28,In Progress,Bank Transfer
108277,25,27,2024-05-17,In Progress,Invoice
108278,115,73,2023-08-15,Completed,Invoice
108279,242,2,2023-11-28,In Progress,PayPal
108280,982,35,2024-10-20,Completed,Invoice
108281,559,2,2026-05-14,Completed,Invoice
108282,277,35,2025-08-13,In Progress,Credit Card
108283,517,35,2026-01-18,Completed,Invoice
108284,427,1,2023-08-19,In Progress,Bank Transfer
108285,320,73,2025-08-25,Cancelled,PayPal
108286,539,7,2025-08-19,Completed,Invoice
108287,919,2,2025-01-18,Completed,Invoice
108288,597,7,2024-06-29,Completed,PayPal
108289,148,1,2023-11-04,Completed,Bank Transfer
108290,858,55,2023-12-16,Cancelled,PayPal
108291,579,7,2023-09-13,Completed,Invoice
108292,899,7,2023-09-04,Completed,Credit Card
108293,594,68,2024-06-07,In Progress,Credit Card
108294,867,72,2024-01-22,Completed,Credit Card
108295,219,1,2024-01-07,Cancelled,Invoice
108296,573,27,2024-06-27,In Progress,Invoice
108297,542,72,2025-03-14,Completed,Bank Transfer
108298,518,7,2024-12-26,Completed,PayPal
108299,813,68,2026-01-07,Completed,PayPal
108300,460,27,2024-08-16,In Progress,Bank Transfer
108301,895,68,2026-06-18,Completed,Invoice
108302,341,55,2024-03-08,Cancelled,Bank Transfer
108303,27,7,2025-01-29,Completed,Invoice
108304,220,7,2026-06-15,Cancelled,Invoice
108305,381,68,2025-02-03,In Progress,Invoice
108306,30,5,2024-07-23,Completed,Bank Transfer
108307,609,72,2024-10-16,Completed,Invoice
108308,646,72,2024-05-04,Completed,Credit Card
108309,441,73,2023-10-27,Completed,Credit Card
108310,838,1,2024-12-23,Cancelled,Credit Card
108311,341,72,2026-01-19,Cancelled,Bank Transfer
108312,162,35,2025-03-31,Completed,Invoice
108313,908,2,2024-10-25,Cancelled,PayPal
108314,500,5,2026-02-23,Cancelled,Credit Card
108315,704,7,2024-09-19,In Progress,Bank Transfer
108316,554,1,2025-06-08,Cancelled,Invoice
108317,962,27,2024-04-30,Cancelled,Invoice
108318,428,72,2024-10-19,In Progress,Bank Transfer
108319,422,73,2023-12-21,Cancelled,Credit Card
108320,540,7,2024-05-20,Completed,PayPal
108321,632,2,2023-12-16,Cancelled,Credit Card
108322,944,1,2025-01-01,Cancelled,PayPal
108323,549,68,2025-02-09,In Progress,Invoice
108324,494,35,2025-07-20,Cancelled,PayPal
108325,595,72,2026-07-03,In Progress,PayPal
108326,935,35,2024-12-26,In Progress,PayPal
108327,99,2,2024-11-16,Completed,Bank Transfer
108328,946,55,2025-05-18,Completed,Bank Transfer
108329,282,2,2026-01-23,Completed,PayPal
108330,534,68,2026-03-24,Cancelled,Credit Card
108331,202,2,2023-11-29,Completed,Credit Card
108332,76,27,2025-01-30,Completed,Credit Card
108333,692,68,2025-09-10,Completed,Bank Transfer
108334,881,2,2023-10-06,In Progress,PayPal
108335,97,1,2025-04-23,Completed,PayPal
108336,1,55,2025-02-07,In Progress,Invoice
108337,497,73,2026-04-01,Completed,PayPal
108338,154,1,2023-08-11,Completed,Credit Card
108339,181,1,2026-04-07,Completed,Invoice
108340,47,35,2025-08-29,Completed,PayPal
108341,604,27,2025-12-27,Cancelled,Credit Card
108342,474,27,2024-11-01,Completed,Credit Card
108343,690,27,2025-10-17,Completed,Credit Card
108344,356,5,2024-09-27,Completed,Credit Card
108345,353,2,2023-12-19,Completed,Bank Transfer
108346,972,68,2025-01-20,Completed,Invoice
108347,45,68,2026-01-05,Completed,PayPal
108348,3,2,2023-09-14,Completed,Bank Transfer
108349,647,7,2025-01-15,In Progress,PayPal
108350,854,27,2025-05-29,Completed,PayPal
108351,115,73,2026-01-09,Completed,Invoice
108352,242,2,2024-06-19,Cancelled,PayPal
108353,866,7,2024-04-21,Cancelled,PayPal
108354,425,55,2024-04-11,Completed,PayPal
108355,53,73,2026-01-20,Completed,Invoice
108356,224,2,2025-04-10,In Progress,PayPal
108357,308,7,2025-03-23,Completed,PayPal
108358,541,5,2026-02-13,Completed,Credit Card
108359,792,1,2024-12-20,Completed,Bank Transfer
108360,630,73,2025-07-24,In Progress,PayPal
108361,954,55,2024-06-10,Completed,Invoice
108362,357,27,2026-05-02,In Progress,PayPal
108363,109,55,2023-08-03,Cancelled,Bank Transfer
108364,33,5,2025-07-18,Completed,PayPal
108365,850,72,2024-12-25,Completed,PayPal
108366,596,5,2026-03-03,Completed,Invoice
108367,243,27,2025-03-21,Completed,Invoice
108368,894,72,2025-01-02,In Progress,PayPal
108369,946,73,2025-04-18,Completed,Bank Transfer
108370,270,73,2024-12-30,Cancelled,Invoice
108371,325,73,2026-06-14,Cancelled,Bank Transfer
108372,915,2,2025-09-27,Completed,PayPal
108373,80,1,2024-02-13,Cancelled,Invoice
108374,961,7,2025-08-01,Completed,PayPal
108375,383,5,2024-02-29,In Progress,Bank Transfer
108376,296,27,2023-08-10,Cancelled,Invoice
108377,197,72,2026-02-15,In Progress,Invoice
108378,244,1,2024-05-23,Completed,Invoice
108379,770,2,2025-05-02,Cancelled,Invoice
108380,546,7,2026-03-17,Completed,Credit Card
108381,117,72,2025-11-29,In Progress,PayPal
108382,977,1,2024-11-08,Completed,PayPal
108383,819,7,2024-06-24,Completed,Invoice
108384,701,27,2023-08-20,Completed,Credit Card
108385,506,7,2024-10-23,Completed,PayPal
108386,101,2,2026-01-04,Completed,Bank Transfer
108387,858,1,2025-12-21,Completed,PayPal
108388,568,2,2025-12-20,Completed,Credit Card
108389,218,2,2025-09-09,In Progress,Credit Card
108390,208,27,2026-06-03,In Progress,Bank Transfer
108391,135,72,2026-06-18,Completed,Bank Transfer
108392,284,1,2024-03-24,Cancelled,PayPal
108393,122,27,2025-10-24,In Progress,Invoice
108394,327,35,2026-02-05,Completed,Bank Transfer
108395,902,35,2024-04-16,Completed,Bank Transfer
108396,46,7,2025-01-03,Completed,Invoice
108397,388,27,2026-01-25,Cancelled,Invoice
108398,441,5,2026-03-12,Completed,PayPal
108399,70,73,2025-04-16,Completed,PayPal
108400,552,7,2024-05-06,In Progress,Invoice
108401,797,7,2023-10-26,Cancelled,Credit Card
108402,106,5,2024-08-06,Completed,Invoice
108403,503,7,2026-01-14,Cancelled,Bank Transfer
108404,214,68,2024-08-26,Completed,Credit Card
108405,76,73,2024-08-31,Completed,Invoice
108406,755,73,2023-09-21,Completed,Credit Card
108407,562,7,2024-10-22,In Progress,PayPal
108408,75,27,2026-03-30,Completed,Bank Transfer
108409,803,35,2024-03-22,Completed,Bank Transfer
108410,239,5,2026-02-21,Completed,Credit Card
108411,398,73,2025-10-31,Cancelled,Credit Card
108412,519,68,2025-03-22,Completed,PayPal
108413,736,1,2024-08-31,Completed,Bank Transfer
108414,200,1,2024-08-20,Completed,Credit Card
108415,363,2,2025-11-10,Completed,Credit Card
108416,922,7,2024-10-27,Completed,PayPal
108417,742,2,2023-09-12,Completed,Invoice
108418,657,1,2025-11-28,Completed,Invoice
108419,299,1,2024-06-08,Completed,PayPal
108420,911,7,2026-03-25,Cancelled,Credit Card
108421,366,72,2023-11-15,In Progress,Invoice
108422,883,1,2024-04-03,Cancelled,PayPal
108423,714,27,2024-12-17,Completed,Credit Card
108424,568,55,2024-08-21,Completed,Credit Card
108425,647,2,2024-06-22,In Progress,Invoice
108426,479,73,2025-01-16,Completed,PayPal
108427,4,1,2025-05-19,Completed,Bank Transfer
108428,500,7,2025-05-28,Completed,Credit Card
108429,876,73,2023-11-20,Completed,Bank Transfer
108430,527,68,2024-12-15,Cancelled,Credit Card
108431,663,73,2024-07-16,Completed,Credit Card
108432,885,5,2025-07-29,Completed,Invoice
108433,628,73,2024-08-13,In Progress,Bank Transfer
108434,212,73,2026-03-14,Cancelled,Invoice
108435,935,7,2024-09-22,Completed,PayPal
108436,495,5,2025-01-07,Completed,Invoice
108437,287,72,2025-05-01,Completed,Credit Card
108438,73,72,2023-11-21,Completed,Credit Card
108439,24,68,2025-07-02,Cancelled,Invoice
108440,614,55,2025-04-17,Completed,Credit Card
108441,438,72,2024-04-15,Cancelled,Bank Transfer
108442,241,7,2024-11-07,Completed,Bank Transfer
108443,537,7,2023-10-14,Cancelled,Invoice
108444,277,73,2023-08-30,Completed,Bank Transfer
108445,666,5,2025-03-19,Completed,Invoice
108446,810,68,2024-06-12,In Progress,Credit Card
108447,975,1,2026-07-18,Completed,Invoice
108448,174,72,2023-11-15,Cancelled,Credit Card
108449,72,27,2024-01-13,Completed,Bank Transfer
108450,258,35,2023-11-11,In Progress,Credit Card
108451,182,7,2026-01-17,Cancelled,PayPal
108452,470,1,2026-05-06,Cancelled,Credit Card
108453,351,1,2026-02-04,Cancelled,Bank Transfer
108454,894,72,2024-05-04,Cancelled,PayPal
108455,237,68,2024-07-28,In Progress,Credit Card
108456,46,1,2023-12-05,In Progress,Bank Transfer
108457,556,5,2024-08-13,Cancelled,Credit Card
108458,977,35,2026-07-07,Completed,Credit Card
108459,579,68,2024-12-30,Cancelled,Bank Transfer
108460,907,1,2023-11-30,Completed,Invoice
108461,876,27,2025-07-25,Completed,PayPal
108462,44,68,2026-05-23,Completed,Bank Transfer
108463,824,7,2023-08-10,In Progress,Credit Card
108464,207,27,2024-02-17,Completed,Invoice
108465,855,27,2026-06-16,Completed,Credit Card
108466,65,5,2024-02-23,Completed,Invoice
108467,48,72,2025-05-18,Completed,Credit Card
108468,69,55,2025-10-29,Cancelled,Bank Transfer
108469,15,5,2023-11-22,In Progress,Invoice
108470,956,7,2024-08-13,In Progress,PayPal
108471,696,68,2023-08-22,In Progress,Credit Card
108472,1000,2,2025-01-25,In Progress,PayPal
108473,947,1,2024-07-05,Completed,Credit Card
108474,388,68,2023-10-21,Completed,Credit Card
108475,405,55,2026-01-12,In Progress,Bank Transfer
108476,685,27,2024-10-28,In Progress,PayPal
108477,212,2,2025-04-18,Completed,Invoice
108478,620,72,2025-01-04,Completed,PayPal
108479,8,35,2024-01-02,In Progress,Invoice
108480,322,7,2026-03-25,Completed,Bank Transfer
108481,507,73,2025-08-27,Cancelled,Invoice
108482,380,27,2024-07-24,Cancelled,Bank Transfer
108483,949,55,2024-12-18,Cancelled,Credit Card
108484,670,73,2025-04-26,Completed,Invoice
108485,363,27,2023-12-27,Completed,Invoice
108486,199,55,2025-10-29,In Progress,Invoice
108487,324,2,2024-05-24,Cancelled,Bank Transfer
108488,965,27,2023-11-15,In Progress,Credit Card
108489,372,55,2026-05-16,In Progress,Invoice
108490,265,35,2025-03-28,In Progress,Bank Transfer
108491,118,72,2024-06-05,Completed,Credit Card
108492,780,73,2025-04-06,Completed,PayPal
108493,83,2,2025-12-17,In Progress,Invoice
108494,137,1,2024-02-26,In Progress,Bank Transfer
108495,955,7,2026-07-04,Cancelled,Bank Transfer
108496,591,5,2023-12-30,Completed,PayPal
108497,70,1,2025-03-15,Completed,Credit Card
108498,444,55,2023-11-06,Completed,Credit Card
108499,209,7,2025-03-05,Completed,Invoice
108500,720,73,2025-12-27,Completed,Invoice
108501,372,55,2024-02-24,Completed,Bank Transfer
108502,567,55,2025-12-04,In Progress,Invoice
108503,762,1,2024-08-26,Completed,Credit Card
108504,654,68,2026-01-27,Completed,Bank Transfer
108505,547,73,2025-03-15,In Progress,PayPal
108506,958,5,2025-07-09,In Progress,Invoice
108507,25,2,2025-08-06,Completed,PayPal
108508,642,1,2024-01-26,Cancelled,Credit Card
108509,467,1,2025-01-08,Cancelled,Invoice
108510,445,2,2025-07-24,In Progress,Credit Card
108511,85,55,2025-09-01,Cancelled,Credit Card
108512,573,68,2024-11-28,Completed,Bank Transfer
108513,534,35,2024-01-14,Cancelled,Bank Transfer
108514,802,35,2024-04-27,In Progress,Bank Transfer
108515,701,73,2025-12-18,Cancelled,Credit Card
108516,509,35,2025-05-01,In Progress,Credit Card
108517,954,1,2024-06-19,In Progress,Credit Card
108518,638,1,2024-08-15,Completed,Bank Transfer
108519,892,55,2026-01-10,Cancelled,Invoice
108520,408,72,2025-04-14,Completed,Credit Card
108521,756,55,2024-12-21,Completed,PayPal
108522,191,1,2026-06-15,Cancelled,Invoice
108523,340,5,2024-11-16,Cancelled,Invoice
108524,884,68,2023-12-25,Completed,Invoice
108525,503,72,2024-10-08,In Progress,PayPal
108526,357,1,2024-02-07,In Progress,Bank Transfer
108527,571,1,2023-09-09,Completed,Invoice
108528,503,73,2025-11-18,Completed,PayPal
108529,36,73,2025-09-21,Completed,PayPal
108530,4,35,2023-08-20,Completed,Invoice
108531,356,5,2025-04-11,In Progress,Credit Card
108532,567,73,2024-08-09,Completed,Invoice
108533,792,35,2024-11-14,Completed,PayPal
108534,113,55,2023-10-02,In Progress,Invoice
108535,370,2,2024-04-27,In Progress,Bank Transfer
108536,705,27,2023-11-07,Completed,Credit Card
108537,924,73,2026-07-25,Cancelled,Credit Card
108538,409,27,2024-05-18,Completed,Invoice
108539,757,27,2026-07-10,Completed,Credit Card
108540,461,55,2024-07-14,In Progress,PayPal
108541,754,2,2025-05-27,Completed,Invoice
108542,280,2,2024-11-29,Cancelled,Credit Card
108543,292,5,2025-07-02,Completed,Bank Transfer
108544,452,2,2024-01-18,Cancelled,Bank Transfer
108545,909,27,2024-08-28,Cancelled,Bank Transfer
108546,577,5,2025-01-27,Completed,Credit Card
108547,242,5,2023-11-27,Completed,Invoice
108548,552,73,2023-09-23,Completed,Credit Card
108549,918,72,2025-03-06,Completed,Bank Transfer
108550,960,35,2025-11-17,Completed,Bank Transfer
108551,920,27,2026-02-18,Completed,Bank Transfer
108552,552,68,2026-05-21,Cancelled,Credit Card
108553,966,27,2023-08-02,Cancelled,Bank Transfer
108554,118,5,2025-05-25,Cancelled,Invoice
108555,569,68,2024-12-17,In Progress,Invoice
108556,790,2,2024-09-08,Completed,PayPal
108557,695,55,2024-09-17,In Progress,Bank Transfer
108558,897,27,2026-06-20,Completed,Invoice
108559,563,27,2026-01-03,Completed,Invoice
108560,417,68,2024-05-29,Completed,Credit Card
108561,117,27,2024-10-03,Completed,PayPal
108562,742,5,2025-12-27,Completed,Bank Transfer
108563,925,73,2024-02-01,In Progress,Credit Card
108564,832,68,2024-11-04,Completed,PayPal
108565,685,72,2026-01-19,Completed,Credit Card
108566,903,55,2025-09-18,Cancelled,Invoice
108567,716,1,2024-08-21,Completed,Invoice
108568,52,5,2026-03-24,Completed,Invoice
108569,153,1,2024-12-01,Completed,Bank Transfer
108570,178,35,2023-09-07,Completed,Credit Card
108571,678,1,2024-12-24,Cancelled,Credit Card
108572,337,72,2023-11-17,Completed,Credit Card
108573,712,2,2024-02-05,Completed,Credit Card
108574,929,1,2026-07-24,Completed,Credit Card
108575,880,55,2024-03-05,Completed,Credit Card
108576,410,73,2026-02-13,Completed,Bank Transfer
108577,766,68,2026-04-13,In Progress,Credit Card
108578,436,7,2024-10-08,Completed,Invoice
108579,686,7,2024-01-12,Completed,Invoice
108580,500,72,2024-08-13,Completed,Invoice
108581,92,1,2025-11-02,Completed,Invoice
108582,725,27,2024-03-18,Cancelled,Credit Card
108583,123,27,2026-04-22,Completed,Invoice
108584,99,5,2025-04-10,Cancelled,Bank Transfer
108585,125,5,2025-08-02,Cancelled,Bank Transfer
108586,740,35,2025-05-06,Cancelled,Credit Card
108587,473,1,2024-07-02,In Progress,Bank Transfer
108588,812,55,2026-01-01,Cancelled,Invoice
108589,655,1,2026-01-22,Cancelled,PayPal
108590,462,35,2024-02-16,Completed,Credit Card
108591,75,27,2026-03-22,Completed,Credit Card
108592,111,55,2023-12-20,Completed,Credit Card
108593,259,35,2026-04-02,Completed,PayPal
108594,491,55,2024-01-30,Cancelled,Credit Card
108595,196,72,2024-10-30,In Progress,Bank Transfer
108596,111,7,2024-10-08,Cancelled,Bank Transfer
108597,882,73,2024-02-09,Completed,PayPal
108598,733,7,2025-03-03,Completed,Bank Transfer
108599,395,7,2025-10-19,Completed,Credit Card
108600,283,2,2025-01-14,Completed,Credit Card
108601,368,1,2024-05-12,Completed,Bank Transfer
108602,784,73,2024-11-28,In Progress,Bank Transfer
108603,36,1,2024-11-20,Completed,Bank Transfer
108604,197,27,2023-11-07,Completed,Credit Card
108605,490,72,2023-08-13,In Progress,Invoice
108606,675,27,2026-05-12,In Progress,PayPal
108607,446,7,2025-12-22,Completed,PayPal
108608,148,1,2024-09-04,Completed,PayPal
108609,604,68,2025-01-24,Cancelled,Invoice
108610,869,68,2024-03-02,Completed,Invoice
108611,166,7,2025-04-19,Cancelled,Credit Card
108612,564,35,2025-10-17,Completed,PayPal
108613,507,7,2025-04-20,Completed,Invoice
108614,836,68,2024-12-19,Completed,Bank Transfer
108615,522,27,2026-05-27,In Progress,Invoice
108616,130,2,2024-10-20,In Progress,Invoice
108617,986,55,2026-03-11,Completed,Bank Transfer
108618,986,1,2025-06-24,Cancelled,Credit Card
108619,781,55,2024-11-29,Completed,Invoice
108620,215,27,2025-08-16,Completed,PayPal
108621,908,1,2025-01-02,Completed,PayPal
108622,897,7,2024-04-11,In Progress,Bank Transfer
108623,482,55,2024-08-11,Cancelled,Credit Card
108624,729,1,2025-12-02,Completed,Invoice
108625,615,72,2024-01-24,Cancelled,Bank Transfer
108626,460,68,2023-12-24,Completed,PayPal
108627,561,5,2025-06-11,In Progress,Credit Card
108628,926,5,2023-12-23,Cancelled,PayPal
108629,455,55,2025-04-25,Completed,PayPal
108630,180,1,2024-05-11,Completed,PayPal
108631,139,1,2025-12-10,Completed,Invoice
108632,789,1,2023-09-14,Completed,Invoice
108633,791,55,2025-08-08,Completed,Bank Transfer
108634,189,1,2025-04-13,Completed,Bank Transfer
108635,132,1,2026-04-10,Completed,Bank Transfer
108636,65,35,2025-09-21,In Progress,Credit Card
108637,940,68,2025-08-15,In Progress,PayPal
108638,485,7,2025-04-03,Completed,Invoice
108639,50,1,2024-05-20,Completed,Bank Transfer
108640,591,72,2025-06-06,Cancelled,Invoice
108641,902,55,2024-01-08,In Progress,Bank Transfer
108642,648,2,2024-02-01,Completed,Bank Transfer
108643,60,55,2025-01-12,Completed,PayPal
108644,9,55,2024-10-02,Completed,Invoice
108645,246,72,2025-09-30,In Progress,PayPal
108646,700,72,2025-06-11,Completed,PayPal
108647,178,5,2023-11-30,Completed,Invoice
108648,65,5,2024-07-16,In Progress,Credit Card
108649,172,35,2025-12-07,Completed,Credit Card
108650,839,55,2024-05-27,In Progress,PayPal
108651,453,7,2024-04-06,In Progress,Credit Card
108652,785,27,2023-11-30,Completed,Credit Card
108653,442,35,2025-06-30,Completed,PayPal
108654,640,55,2025-07-02,Cancelled,Credit Card
108655,372,73,2024-08-20,Completed,Bank Transfer
108656,331,5,2023-08-08,Completed,Credit Card
108657,68,7,2025-03-08,Cancelled,Invoice
108658,522,35,2025-09-06,Completed,Bank Transfer
108659,36,5,2026-05-07,Completed,PayPal
108660,715,27,2023-09-24,Completed,Invoice
108661,597,55,2024-12-23,In Progress,PayPal
108662,744,68,2024-10-01,Cancelled,Bank Transfer
108663,253,72,2026-05-24,Cancelled,Invoice
108664,168,68,2024-10-31,Completed,Invoice
108665,135,27,2025-07-05,In Progress,Bank Transfer
108666,409,35,2025-10-13,In Progress,Bank Transfer
108667,664,5,2023-08-17,Completed,Bank Transfer
108668,480,35,2023-11-10,In Progress,Credit Card
108669,252,2,2023-12-06,In Progress,Credit Card
108670,251,72,2023-08-30,Completed,PayPal
108671,215,5,2024-03-19,Completed,Bank Transfer
108672,942,2,2023-08-20,In Progress,Bank Transfer
108673,78,27,2025-11-08,Completed,Bank Transfer
108674,535,2,2025-03-28,Completed,Bank Transfer
108675,684,2,2024-06-04,Completed,Invoice
108676,300,27,2024-11-11,Cancelled,Invoice
108677,35,35,2025-07-05,Cancelled,Credit Card
108678,582,35,2026-04-19,Completed,Credit Card
108679,378,5,2024-04-27,Cancelled,Credit Card
108680,733,35,2026-05-26,Completed,Credit Card
108681,124,2,2025-10-08,Completed,PayPal
108682,379,72,2023-09-26,Cancelled,PayPal
108683,146,2,2024-07-23,Completed,Bank Transfer
108684,290,27,2026-01-20,Completed,Invoice
108685,529,35,2025-12-29,Completed,Credit Card
108686,813,35,2025-04-14,Completed,PayPal
108687,563,68,2024-10-24,Completed,Bank Transfer
108688,215,68,2024-01-26,Completed,Credit Card
108689,981,5,2025-11-06,Completed,Bank Transfer
108690,301,5,2023-08-02,Completed,PayPal
108691,959,55,2025-02-07,Completed,PayPal
108692,840,55,2025-01-20,In Progress,Credit Card
108693,465,35,2025-01-18,Completed,Credit Card
108694,642,1,2026-01-25,Cancelled,Credit Card
108695,548,68,2026-03-30,Completed,Bank Transfer
108696,712,73,2025-10-28,Completed,Bank Transfer
108697,19,68,2025-02-17,Cancelled,Invoice
108698,334,72,2024-08-04,Completed,Bank Transfer
108699,261,1,2025-06-16,Cancelled,Credit Card
108700,523,5,2025-12-18,Completed,Invoice
108701,834,72,2024-07-09,Cancelled,PayPal
108702,405,2,2024-02-15,Completed,PayPal
108703,72,73,2025-04-27,Completed,Invoice
108704,324,1,2025-01-17,In Progress,Invoice
108705,964,2,2025-11-24,Completed,Invoice
108706,247,73,2023-11-25,Cancelled,Credit Card
108707,202,5,2024-12-13,Completed,Credit Card
108708,312,55,2026-07-25,Completed,PayPal
108709,952,55,2024-05-08,Completed,Invoice
108710,166,5,2025-11-09,Cancelled,Bank Transfer
108711,50,72,2024-11-16,Completed,PayPal
108712,243,72,2024-07-11,Completed,PayPal
108713,453,73,2024-04-01,Completed,Credit Card
108714,653,5,2024-03-06,Completed,Invoice
108715,608,1,2024-10-24,In Progress,Invoice
108716,133,35,2025-08-25,In Progress,PayPal
108717,562,73,2023-12-17,Completed,Bank Transfer
108718,133,1,2023-12-07,Cancelled,Credit Card
108719,524,5,2024-08-30,Completed,Bank Transfer
108720,7,35,2026-03-06,In Progress,Invoice
108721,224,1,2025-08-24,Completed,PayPal
108722,290,55,2025-05-26,In Progress,Credit Card
108723,726,68,2025-04-02,Cancelled,Credit Card
108724,903,35,2025-12-20,Cancelled,Invoice
108725,393,7,2024-09-05,Completed,Invoice
108726,505,7,2026-05-13,Completed,Credit Card
108727,553,1,2023-08-28,Completed,Credit Card
108728,866,68,2023-09-17,Completed,PayPal
108729,442,55,2026-06-05,In Progress,Credit Card
108730,626,2,2024-11-10,Completed,Bank Transfer
108731,706,73,2023-10-29,Completed,Invoice
108732,511,72,2025-04-09,Cancelled,Invoice
108733,51,27,2024-11-13,Completed,Credit Card
108734,175,72,2023-11-17,Completed,Invoice
108735,873,27,2024-05-01,Completed,Invoice
108736,96,72,2024-12-21,In Progress,Invoice
108737,222,73,2024-05-19,Completed,Credit Card
108738,487,1,2025-10-09,Completed,Credit Card
108739,435,35,2025-07-23,In Progress,Invoice
108740,751,73,2024-12-10,Completed,Bank Transfer
108741,19,27,2024-08-19,Cancelled,Credit Card
108742,121,5,2025-07-02,Completed,Invoice
108743,336,72,2025-01-26,Completed,Invoice
108744,16,27,2024-02-06,Completed,Invoice
108745,271,73,2025-04-11,Completed,Bank Transfer
108746,981,73,2024-06-10,Completed,Invoice
108747,458,7,2024-12-25,In Progress,Invoice
108748,853,55,2025-07-27,Completed,Credit Card
108749,278,73,2025-03-20,Completed,PayPal
108750,571,7,2025-01-05,Cancelled,Credit Card
108751,765,35,2025-07-02,Completed,PayPal
108752,226,2,2024-12-28,In Progress,Bank Transfer
108753,122,2,2023-11-03,Completed,Bank Transfer
108754,944,5,2024-08-21,Cancelled,PayPal
108755,348,35,2025-09-06,Completed,PayPal
108756,108,5,2024-09-10,Completed,Invoice
108757,201,72,2023-11-18,Cancelled,Credit Card
108758,655,27,2023-10-22,Completed,Bank Transfer
108759,987,72,2024-01-28,Cancelled,Bank Transfer
108760,280,73,2026-05-15,Completed,Invoice
108761,646,55,2026-07-06,Completed,Credit Card
108762,896,55,2024-08-20,Completed,Credit Card
108763,186,55,2024-07-29,Completed,Credit Card
108764,633,5,2024-10-15,Completed,PayPal
108765,439,27,2024-01-30,Completed,Credit Card
108766,848,27,2023-12-08,In Progress,Bank Transfer
108767,998,68,2024-01-24,Completed,Bank Transfer
108768,788,68,2025-12-14,Completed,Bank Transfer
108769,468,2,2024-07-08,Cancelled,Credit Card
108770,815,72,2024-09-20,Cancelled,Credit Card
108771,163,27,2026-02-04,Completed,Invoice
108772,556,68,2025-07-11,Completed,Credit Card
108773,604,55,2024-01-10,Completed,Bank Transfer
108774,609,68,2024-09-14,Completed,Invoice
108775,671,7,2024-11-18,Completed,PayPal
108776,732,73,2024-06-02,Completed,Invoice
108777,298,27,2026-01-28,Cancelled,Credit Card
108778,403,1,2024-02-04,Completed,Invoice
108779,316,72,2025-04-12,Completed,PayPal
108780,597,27,2024-03-14,In Progress,Bank Transfer
108781,739,68,2025-03-14,Completed,Credit Card
108782,34,5,2026-01-14,Completed,Credit Card
108783,321,73,2024-04-16,Completed,PayPal
108784,396,73,2024-10-07,Completed,Invoice
108785,615,7,2024-08-27,Completed,Credit Card
108786,96,68,2025-06-09,Completed,Bank Transfer
108787,163,35,2024-03-15,Completed,Credit Card
108788,329,2,2024-01-23,Completed,PayPal
108789,56,55,2024-03-12,In Progress,Invoice
108790,894,7,2024-05-07,Completed,PayPal
108791,365,68,2026-03-25,In Progress,PayPal
108792,254,5,2025-04-04,Cancelled,Credit Card
108793,407,68,2025-08-09,Cancelled,Credit Card
108794,45,72,2025-08-08,Completed,Credit Card
108795,939,1,2023-09-30,Completed,Bank Transfer
108796,413,72,2024-02-29,Cancelled,Invoice
108797,387,72,2026-07-14,Completed,PayPal
108798,980,27,2024-09-02,Cancelled,Bank Transfer
108799,757,72,2023-09-21,Completed,PayPal
108800,453,68,2023-08-08,Cancelled,Credit Card
108801,222,68,2025-08-19,Completed,Invoice
108802,836,35,2024-09-26,Completed,Credit Card
108803,151,68,2024-01-18,Cancelled,Credit Card
108804,152,27,2023-12-29,Cancelled,Credit Card
108805,44,2,2024-03-03,In Progress,Invoice
108806,10,27,2025-06-27,In Progress,Invoice
108807,533,7,2024-07-09,Completed,PayPal
108808,809,2,2024-08-28,Cancelled,Invoice
108809,918,35,2025-04-15,Completed,Bank Transfer
108810,486,2,2025-01-02,Completed,Credit Card
108811,846,27,2024-01-13,Completed,Credit Card
108812,585,72,2023-11-09,Cancelled,PayPal
108813,766,68,2024-12-14,Completed,PayPal
108814,760,73,2026-07-25,Completed,Invoice
108815,383,7,2025-12-26,Completed,Credit Card
108816,988,73,2024-04-01,Completed,PayPal
108817,459,35,2025-05-10,In Progress,Credit Card
108818,237,2,2025-09-11,Completed,Bank Transfer
108819,240,55,2023-08-25,Completed,PayPal
108820,695,5,2023-12-18,In Progress,Bank Transfer
108821,296,27,2026-06-06,In Progress,Credit Card
108822,547,1,2025-07-07,In Progress,PayPal
108823,556,2,2025-11-13,Completed,Invoice
108824,319,7,2024-07-12,Completed,Credit Card
108825,791,7,2025-04-21,Completed,PayPal
108826,368,5,2025-03-27,In Progress,Credit Card
108827,913,55,2024-11-29,Completed,PayPal
108828,301,7,2025-12-16,Completed,Credit Card
108829,230,73,2026-03-24,Completed,Invoice
108830,138,73,2023-09-16,Cancelled,Credit Card
108831,511,7,2024-06-11,Completed,PayPal
108832,276,27,2023-10-30,In Progress,Invoice
108833,390,7,2024-01-11,Completed,Bank Transfer
108834,234,55,2025-04-04,In Progress,Bank Transfer
108835,933,72,2024-03-25,Completed,Invoice
108836,879,35,2025-08-12,Cancelled,Invoice
108837,650,7,2023-11-29,Completed,Bank Transfer
108838,893,27,2025-05-01,Completed,Credit Card
108839,161,1,2023-10-19,In Progress,Credit Card
108840,940,5,2024-06-25,Cancelled,Invoice
108841,544,55,2024-02-03,Cancelled,Bank Transfer
108842,363,73,2023-09-10,In Progress,Invoice
108843,608,72,2024-02-23,Completed,Credit Card
108844,574,7,2024-10-23,Completed,PayPal
108845,17,1,2023-10-28,Completed,PayPal
108846,56,55,2024-10-04,Completed,PayPal
108847,96,68,2026-03-17,Completed,Credit Card
108848,720,2,2026-01-11,In Progress,PayPal
108849,915,7,2025-03-10,In Progress,Credit Card
108850,28,5,2026-07-20,In Progress,PayPal
108851,346,7,2026-01-04,In Progress,Invoice
108852,971,5,2025-07-31,Completed,Bank Transfer
108853,398,68,2025-11-02,Completed,Credit Card
108854,666,55,2025-06-06,Completed,Bank Transfer
108855,812,35,2025-02-28,In Progress,Invoice
108856,491,55,2025-09-16,In Progress,Bank Transfer
108857,719,7,2023-09-30,Completed,Bank Transfer
108858,333,68,2025-02-11,In Progress,PayPal
108859,496,72,2025-05-11,Completed,Bank Transfer
108860,266,72,2023-12-22,Completed,Bank Transfer
108861,21,73,2024-12-05,Cancelled,PayPal
108862,209,5,2024-06-20,Cancelled,PayPal
108863,624,73,2025-12-29,Completed,Bank Transfer
108864,1000,2,2024-06-05,Cancelled,Invoice
108865,74,2,2026-01-30,In Progress,Invoice
108866,795,2,2024-04-09,Completed,Invoice
108867,896,2,2026-01-21,Completed,PayPal
108868,203,35,2024-09-06,Completed,Credit Card
108869,217,5,2026-03-16,In Progress,Bank Transfer
108870,351,72,2024-02-17,Completed,Invoice
108871,841,2,2024-07-25,Cancelled,Credit Card
108872,12,72,2023-11-29,Completed,Bank Transfer
108873,189,5,2023-08-27,Cancelled,Credit Card
108874,515,7,2025-12-20,Completed,PayPal
108875,215,55,2025-03-10,Cancelled,Bank Transfer
108876,603,5,2023-09-05,Cancelled,Bank Transfer
108877,846,73,2026-01-20,Completed,Invoice
108878,666,7,2025-12-09,Completed,Invoice
108879,763,68,2026-07-01,Completed,Credit Card
108880,223,72,2023-09-25,In Progress,Bank Transfer
108881,627,27,2026-05-19,In Progress,PayPal
108882,967,55,2025-11-12,Cancelled,Invoice
108883,207,55,2025-09-12,Completed,Bank Transfer
108884,419,73,2025-04-13,Completed,Invoice
108885,966,7,2024-08-21,Completed,Credit Card
108886,428,2,2026-01-13,In Progress,Credit Card
108887,792,72,2023-10-22,Completed,Bank Transfer
108888,493,55,2026-03-23,In Progress,Bank Transfer
108889,52,68,2025-07-19,Completed,PayPal
108890,422,73,2024-09-05,Completed,Invoice
108891,121,35,2023-09-01,Completed,Bank Transfer
108892,720,35,2023-08-08,Completed,PayPal
108893,819,35,2024-10-08,Completed,Bank Transfer
108894,995,68,2024-03-23,Completed,Bank Transfer
108895,817,68,2025-04-29,Completed,PayPal
108896,605,68,2025-05-03,Completed,Credit Card
108897,433,2,2024-10-21,Cancelled,Bank Transfer
108898,128,27,2024-01-09,Cancelled,Invoice
108899,280,73,2026-03-27,Completed,PayPal
108900,794,68,2024-09-29,In Progress,Credit Card
108901,63,73,2025-03-31,In Progress,Invoice
108902,473,35,2024-05-19,Cancelled,Credit Card
108903,479,1,2025-08-10,Completed,Bank Transfer
108904,179,55,2026-01-03,Completed,Bank Transfer
108905,906,73,2024-05-24,Completed,Credit Card
108906,5,73,2023-08-05,Completed,Bank Transfer
108907,817,73,2025-10-12,Completed,Credit Card
108908,15,1,2024-11-25,Cancelled,Invoice
108909,364,7,2024-12-23,Completed,Invoice
108910,72,35,2024-01-14,Completed,Invoice
108911,239,35,2025-01-05,Completed,PayPal
108912,942,35,2024-08-17,In Progress,Credit Card
108913,520,35,2024-03-15,Completed,Bank Transfer
108914,986,35,2025-05-26,Completed,Credit Card
108915,132,7,2023-10-12,Completed,Credit Card
108916,840,68,2026-03-23,In Progress,Invoice
108917,100,1,2023-11-01,Completed,Credit Card
108918,733,1,2026-02-23,Completed,Bank Transfer
108919,128,55,2025-07-10,Completed,Credit Card
108920,371,68,2025-09-12,Completed,Credit Card
108921,114,27,2025-06-19,In Progress,PayPal
108922,965,1,2025-04-08,Completed,Credit Card
108923,955,68,2026-06-19,Completed,PayPal
108924,647,73,2025-05-13,Completed,PayPal
108925,328,35,2025-02-20,Completed,PayPal
108926,220,72,2024-06-17,Completed,Credit Card
108927,513,7,2025-05-06,Completed,PayPal
108928,447,1,2025-06-19,In Progress,Invoice
108929,56,1,2025-01-09,Completed,Credit Card
108930,812,68,2024-09-03,Completed,Bank Transfer
108931,860,72,2025-04-25,In Progress,Credit Card
108932,269,27,2023-12-23,Cancelled,Bank Transfer
108933,157,27,2023-08-20,Cancelled,Credit Card
108934,606,27,2024-07-25,In Progress,Invoice
108935,66,68,2023-09-16,In Progress,Invoice
108936,958,35,2023-08-06,Cancelled,Bank Transfer
108937,280,1,2025-06-22,Completed,Invoice
108938,584,2,2026-01-16,In Progress,PayPal
108939,721,73,2023-12-10,Cancelled,Invoice
108940,504,73,2025-07-23,Completed,Bank Transfer
108941,192,72,2024-10-19,In Progress,Bank Transfer
108942,863,2,2023-11-23,Completed,Bank Transfer
108943,306,27,2025-04-19,Completed,Invoice
108944,392,7,2025-09-30,Completed,Credit Card
108945,951,68,2025-08-08,Completed,Bank Transfer
108946,617,5,2026-01-20,Completed,Invoice
108947,644,1,2025-03-23,Completed,Invoice
108948,454,27,2023-10-13,Completed,Bank Transfer
108949,294,72,2023-08-22,Completed,PayPal
108950,70,35,2026-05-31,Completed,Bank Transfer
108951,66,2,2024-09-03,Completed,PayPal
108952,452,68,2024-07-25,Cancelled,PayPal
108953,662,5,2024-09-28,Completed,PayPal
108954,194,35,2026-01-14,Completed,Bank Transfer
108955,669,5,2023-09-13,Completed,Bank Transfer
108956,504,72,2024-09-21,In Progress,Bank Transfer
108957,906,7,2025-04-22,Completed,PayPal
108958,939,55,2026-04-22,Completed,Bank Transfer
108959,257,72,2024-10-30,Completed,Credit Card
108960,246,72,2025-10-27,Completed,Bank Transfer
108961,137,72,2023-09-16,Completed,PayPal
108962,110,7,2024-05-13,Completed,Invoice
108963,286,73,2024-06-02,In Progress,PayPal
108964,832,55,2025-08-22,Completed,Credit Card
108965,307,68,2024-09-10,Completed,Bank Transfer
108966,133,2,2024-10-11,Completed,Bank Transfer
108967,138,5,2024-09-29,In Progress,Credit Card
108968,130,27,2024-10-19,Completed,PayPal
108969,219,55,2024-05-01,Completed,Invoice
108970,817,55,2024-03-19,Completed,Invoice
108971,753,1,2026-05-20,In Progress,Credit Card
108972,433,55,2024-02-12,In Progress,Invoice
108973,504,68,2024-09-06,Completed,Credit Card
108974,274,5,2025-09-27,Completed,PayPal
108975,198,1,2025-06-19,Completed,Credit Card
108976,719,5,2025-02-18,In Progress,Credit Card
108977,394,73,2024-02-14,Completed,Credit Card
108978,511,68,2026-01-29,In Progress,Bank Transfer
108979,651,68,2024-01-30,Completed,Invoice
108980,753,27,2023-10-31,Completed,Bank Transfer
108981,656,27,2024-06-04,In Progress,Credit Card
108982,455,68,2025-06-27,In Progress,Credit Card
108983,752,35,2023-11-09,Cancelled,Credit Card
108984,39,27,2023-08-22,Cancelled,Invoice
108985,248,73,2024-04-23,Cancelled,Bank Transfer
108986,984,7,2024-05-12,Completed,PayPal
108987,94,27,2023-09-06,In Progress,Bank Transfer
108988,669,73,2025-10-20,Cancelled,Invoice
108989,668,7,2026-01-17,Completed,Credit Card
108990,968,73,2023-08-19,Completed,PayPal
108991,913,7,2024-06-20,Completed,Credit Card
108992,331,55,2026-03-31,Cancelled,Bank Transfer
108993,914,27,2026-04-27,Completed,Credit Card
108994,433,68,2025-01-04,In Progress,Bank Transfer
108995,893,1,2024-06-18,In Progress,PayPal
108996,541,27,2026-04-01,Completed,Credit Card
108997,466,27,2025-07-13,In Progress,Invoice
108998,957,7,2024-06-01,Cancelled,Credit Card
108999,459,35,2026-04-24,Completed,Invoice
109000,599,27,2024-02-18,Cancelled,Invoice
109001,93,2,2023-12-18,In Progress,PayPal
109002,490,68,2024-03-01,Completed,Invoice
109003,520,2,2026-03-03,In Progress,PayPal
109004,493,27,2024-09-06,Completed,Bank Transfer
109005,174,5,2026-03-27,Completed,PayPal
109006,784,55,2026-03-25,Completed,Bank Transfer
109007,571,35,2023-08-30,Completed,Invoice
109008,660,35,2025-04-09,Completed,Invoice
109009,382,1,2025-12-12,In Progress,Bank Transfer
109010,962,5,2024-10-15,Cancelled,Invoice
109011,22,1,2026-03-04,Cancelled,PayPal
109012,42,35,2026-02-06,In Progress,Credit Card
109013,472,73,2024-07-04,Cancelled,PayPal
109014,584,35,2023-08-28,Completed,PayPal
109015,179,35,2025-06-30,Completed,Bank Transfer
109016,754,35,2023-12-07,Completed,PayPal
109017,325,5,2023-10-01,In Progress,Credit Card
109018,128,68,2023-10-12,Completed,Invoice
109019,893,35,2023-11-04,Completed,Credit Card
109020,12,55,2024-10-18,Completed,Bank Transfer
109021,72,68,2023-12-10,In Progress,Credit Card
109022,961,1,2025-09-28,In Progress,Invoice
109023,106,55,2023-12-05,Completed,Invoice
109024,745,27,2025-10-04,Cancelled,Bank Transfer
109025,357,35,2025-06-30,Completed,Credit Card
109026,480,2,2024-01-30,Completed,Bank Transfer
109027,553,68,2026-01-20,Cancelled,PayPal
109028,249,73,2024-03-08,In Progress,Credit Card
109029,679,72,2025-01-20,Completed,Credit Card
109030,696,55,2024-01-14,Completed,PayPal
109031,478,7,2026-05-02,Cancelled,PayPal
109032,479,35,2023-10-31,Cancelled,Credit Card
109033,653,1,2025-03-08,Completed,Bank Transfer
109034,530,2,2026-05-27,Completed,Bank Transfer
109035,228,7,2025-11-21,Completed,PayPal
109036,541,73,2024-07-01,Cancelled,PayPal
109037,887,73,2025-01-19,In Progress,PayPal
109038,56,73,2023-12-21,Completed,PayPal
109039,925,27,2023-09-05,In Progress,Bank Transfer
109040,880,1,2024-06-27,Completed,Credit Card
109041,910,73,2025-02-03,Completed,Invoice
109042,803,1,2025-12-11,Completed,Bank Transfer
109043,158,2,2025-10-19,In Progress,PayPal
109044,477,68,2024-03-29,In Progress,Bank Transfer
109045,163,73,2025-10-13,In Progress,Bank Transfer
109046,993,27,2026-03-24,Completed,PayPal
109047,885,1,2026-04-10,In Progress,Bank Transfer
109048,53,73,2023-12-22,Completed,Invoice
109049,66,2,2025-05-31,Completed,PayPal
109050,14,7,2025-08-04,Cancelled,PayPal
109051,941,68,2024-02-16,Cancelled,PayPal
109052,626,1,2025-12-19,Cancelled,Bank Transfer
109053,193,72,2026-05-04,Completed,Credit Card
109054,939,68,2025-01-01,Completed,Credit Card
109055,298,2,2025-01-29,Completed,Bank Transfer
109056,810,73,2026-02-09,Completed,PayPal
109057,984,27,2025-05-08,In Progress,Invoice
109058,472,72,2024-06-05,Completed,Credit Card
109059,333,7,2024-08-27,Completed,Invoice
109060,35,73,2025-01-06,In Progress,Bank Transfer
109061,410,5,2023-09-09,Completed,Bank Transfer
109062,689,72,2024-09-16,In Progress,PayPal
109063,826,1,2024-03-30,Completed,PayPal
109064,482,35,2023-09-15,In Progress,Bank Transfer
109065,22,73,2024-04-19,Completed,PayPal
109066,307,7,2025-07-17,Completed,PayPal
109067,976,5,2025-02-01,Completed,PayPal
109068,717,27,2026-05-09,Completed,Invoice
109069,447,68,2026-03-02,Completed,Invoice
109070,545,73,2026-02-12,In Progress,PayPal
109071,832,27,2025-12-03,Completed,Invoice
109072,328,5,2025-03-16,In Progress,Bank Transfer
109073,91,55,2024-07-17,Completed,PayPal
109074,609,73,2023-08-24,Cancelled,Invoice
109075,675,35,2026-05-23,Completed,PayPal
109076,161,55,2025-12-10,In Progress,Bank Transfer
109077,550,2,2025-03-20,In Progress,Credit Card
109078,363,73,2023-11-03,Completed,Invoice
109079,470,1,2024-05-21,Completed,PayPal
109080,46,7,2025-11-09,Completed,Invoice
109081,993,73,2023-07-29,Completed,Bank Transfer
109082,684,72,2025-04-18,Cancelled,Bank Transfer
109083,946,73,2024-09-10,In Progress,Invoice
109084,131,72,2026-03-29,Completed,Credit Card
109085,486,73,2025-09-21,Completed,Bank Transfer
109086,191,72,2025-09-29,Cancelled,Invoice
109087,924,5,2025-01-19,Completed,Credit Card
109088,464,73,2024-10-09,In Progress,Bank Transfer
109089,127,73,2024-05-16,In Progress,PayPal
109090,152,72,2026-01-19,Completed,PayPal
109091,364,1,2024-07-14,In Progress,PayPal
109092,487,72,2026-03-11,Cancelled,Invoice
109093,999,35,2025-08-06,In Progress,PayPal
109094,356,7,2026-05-01,Completed,Credit Card
109095,481,72,2023-08-15,Completed,PayPal
109096,78,2,2023-08-17,Cancelled,Bank Transfer
109097,338,7,2025-11-04,Cancelled,Bank Transfer
109098,410,55,2025-01-03,Completed,Invoice
109099,834,2,2026-05-12,Completed,Credit Card
109100,727,72,2024-05-18,Cancelled,Credit Card
109101,76,27,2023-09-11,Completed,Bank Transfer
109102,562,68,2023-10-30,Completed,Bank Transfer
109103,442,2,2026-02-07,In Progress,Credit Card
109104,560,5,2025-11-16,Cancelled,PayPal
109105,4,68,2026-01-06,Cancelled,Credit Card
109106,317,7,2025-07-05,Completed,Bank Transfer
109107,512,35,2024-06-06,Completed,Invoice
109108,364,35,2025-09-06,Completed,Invoice
109109,927,5,2026-04-01,In Progress,Credit Card
109110,86,2,2024-05-31,Completed,Credit Card
109111,346,73,2025-02-21,Completed,PayPal
109112,3,68,2026-04-08,Completed,Bank Transfer
109113,639,27,2024-02-26,Completed,PayPal
109114,376,35,2024-04-18,Completed,Credit Card
109115,532,1,2024-12-24,Cancelled,Credit Card
109116,941,35,2025-02-12,Completed,PayPal
109117,854,72,2026-04-23,Completed,Invoice
109118,708,2,2025-02-05,Completed,Invoice
109119,802,72,2024-08-22,Cancelled,Invoice
109120,320,1,2025-11-15,In Progress,Bank Transfer
109121,274,5,2025-03-17,In Progress,PayPal
109122,689,7,2024-08-29,Completed,Credit Card
109123,345,35,2026-01-31,Completed,Bank Transfer
109124,990,1,2024-06-02,Completed,PayPal
109125,507,35,2024-02-17,Completed,PayPal
109126,363,1,2024-05-24,Completed,PayPal
109127,866,7,2024-03-31,Cancelled,Credit Card
109128,655,1,2023-12-07,In Progress,PayPal
109129,629,5,2025-09-10,Completed,PayPal
109130,160,73,2026-01-15,Cancelled,PayPal
109131,601,27,2023-09-30,Completed,Invoice
109132,227,68,2023-07-30,Completed,PayPal
109133,994,1,2024-04-20,In Progress,Credit Card
109134,748,1,2023-12-25,In Progress,Credit Card
109135,146,27,2024-11-24,Cancelled,PayPal
109136,305,55,2023-09-03,In Progress,Invoice
109137,403,27,2024-02-04,Cancelled,Bank Transfer
109138,995,1,2025-06-03,Cancelled,Bank Transfer
109139,802,1,2024-07-16,In Progress,Credit Card
109140,256,2,2023-11-05,Completed,Credit Card
109141,195,55,2024-10-13,Completed,Bank Transfer
109142,888,72,2023-09-11,Completed,PayPal
109143,834,72,2023-12-13,Completed,PayPal
109144,523,72,2023-07-29,Completed,PayPal
109145,156,73,2025-02-09,Completed,PayPal
109146,136,5,2024-03-31,Completed,Credit Card
109147,203,1,2026-02-07,Cancelled,Bank Transfer
109148,23,73,2026-04-01,Completed,PayPal
109149,518,5,2025-02-05,Completed,Invoice
109150,810,7,2025-05-08,Cancelled,Credit Card
109151,876,68,2025-02-23,Completed,Invoice
109152,116,7,2026-04-23,Completed,PayPal
109153,334,1,2024-02-13,Completed,Bank Transfer
109154,212,27,2024-06-22,Cancelled,Invoice
109155,755,55,2024-02-18,In Progress,Bank Transfer
109156,68,5,2024-08-29,Completed,Bank Transfer
109157,462,73,2024-12-05,Completed,PayPal
109158,117,68,2025-11-27,Completed,Bank Transfer
109159,651,1,2025-09-02,Cancelled,Bank Transfer
109160,941,68,2024-02-09,Cancelled,Bank Transfer
109161,909,27,2025-08-24,Completed,PayPal
109162,379,73,2026-01-05,Cancelled,Bank Transfer
109163,789,1,2026-04-16,Completed,Credit Card
109164,850,55,2024-09-28,Completed,Bank Transfer
109165,21,2,2026-03-18,In Progress,Credit Card
109166,106,7,2026-05-15,Completed,PayPal
109167,288,35,2025-03-01,In Progress,Bank Transfer
109168,254,68,2024-11-16,Completed,Invoice
109169,507,68,2025-12-18,Completed,Invoice
109170,827,27,2025-01-13,Completed,PayPal
109171,702,68,2024-06-28,Completed,PayPal
109172,721,55,2023-10-30,Completed,Credit Card
109173,708,1,2023-11-05,In Progress,Bank Transfer
109174,566,73,2025-03-19,Completed,Invoice
109175,277,72,2024-01-20,Cancelled,Credit Card
109176,780,2,2024-09-24,Completed,Invoice
109177,611,55,2023-08-03,Cancelled,Bank Transfer
109178,409,2,2024-05-15,Completed,Invoice
109179,214,72,2023-12-23,In Progress,Credit Card
109180,34,73,2025-10-26,Completed,Credit Card
109181,492,7,2025-10-17,In Progress,Bank Transfer
109182,857,5,2026-05-12,Cancelled,Bank Transfer
109183,311,72,2025-01-24,Completed,Bank Transfer
109184,28,35,2024-10-29,Completed,Invoice
109185,566,5,2026-03-30,Cancelled,Bank Transfer
109186,110,1,2025-05-29,Completed,Invoice
109187,864,73,2024-02-22,Completed,Invoice
109188,367,55,2025-01-29,Cancelled,Credit Card
109189,348,35,2026-06-18,Completed,PayPal
109190,704,5,2025-11-30,Completed,Bank Transfer
109191,126,68,2024-05-18,Completed,Bank Transfer
109192,699,35,2025-01-07,Completed,Credit Card
109193,374,1,2025-07-04,In Progress,Bank Transfer
109194,740,55,2023-08-27,Completed,Invoice
109195,655,1,2024-11-28,Cancelled,Credit Card
109196,972,72,2023-08-31,In Progress,Credit Card
109197,669,2,2026-04-21,Cancelled,Bank Transfer
109198,357,35,2024-09-10,Cancelled,Bank Transfer
109199,292,68,2025-04-08,Completed,Bank Transfer
109200,207,7,2024-07-19,Cancelled,Bank Transfer
109201,857,35,2026-07-16,In Progress,Credit Card
109202,24,68,2025-09-14,In Progress,Bank Transfer
109203,855,1,2025-03-08,Completed,Credit Card
109204,774,68,2024-04-23,Cancelled,Invoice
109205,293,27,2023-10-16,In Progress,Credit Card
109206,553,5,2023-11-09,Completed,PayPal
109207,306,55,2024-04-16,Completed,Invoice
109208,645,72,2024-04-08,Cancelled,Credit Card
109209,72,55,2024-02-29,Completed,Invoice
109210,763,27,2023-10-05,Cancelled,Invoice
109211,77,35,2024-02-11,Completed,PayPal
109212,255,1,2026-05-02,Completed,Bank Transfer
109213,156,35,2024-12-18,Completed,Bank Transfer
109214,275,7,2026-06-17,Completed,Credit Card
109215,433,2,2025-02-11,Completed,PayPal
109216,614,27,2025-01-11,Completed,PayPal
109217,956,73,2026-07-06,In Progress,Credit Card
109218,363,27,2025-04-05,Completed,Credit Card
109219,629,27,2024-09-14,Completed,Invoice
109220,599,73,2024-12-11,Completed,Invoice
109221,409,27,2026-03-20,Completed,Bank Transfer
109222,323,55,2026-06-16,Completed,Invoice
109223,872,7,2025-12-08,Cancelled,Bank Transfer
109224,837,7,2024-04-28,Cancelled,Bank Transfer
109225,128,35,2025-01-27,Cancelled,Invoice
109226,484,7,2025-02-14,Completed,Credit Card
109227,821,7,2024-07-31,In Progress,Invoice
109228,105,35,2024-10-17,Completed,Credit Card
109229,206,7,2024-03-29,In Progress,Bank Transfer
109230,788,73,2024-04-06,Completed,PayPal
109231,784,2,2025-03-30,Completed,PayPal
109232,526,68,2024-12-21,Completed,Credit Card
109233,422,27,2026-01-23,Cancelled,Invoice
109234,961,7,2025-09-24,Completed,PayPal
109235,273,55,2023-11-25,Completed,PayPal
109236,600,55,2026-03-31,Completed,Invoice
109237,575,73,2025-01-03,Completed,Bank Transfer
109238,797,2,2024-02-26,Completed,Bank Transfer
109239,708,7,2024-09-06,Completed,Bank Transfer
109240,691,68,2023-08-28,In Progress,Bank Transfer
109241,337,27,2025-01-23,Cancelled,Bank Transfer
109242,383,55,2024-12-08,Completed,Credit Card
109243,691,68,2023-12-23,Completed,Bank Transfer
109244,939,73,2025-03-09,Completed,Bank Transfer
109245,634,73,2026-07-01,In Progress,Bank Transfer
109246,224,1,2024-04-26,In Progress,Bank Transfer
109247,696,72,2024-07-05,Completed,Bank Transfer
109248,429,5,2025-04-25,Completed,PayPal
109249,429,2,2023-08-23,Completed,Invoice
109250,21,2,2025-10-20,Completed,PayPal
109251,124,68,2023-08-19,Cancelled,Invoice
109252,180,7,2025-08-11,Completed,PayPal
109253,576,72,2026-01-27,Completed,PayPal
109254,260,68,2025-02-20,In Progress,Credit Card
109255,11,27,2025-03-20,Completed,Credit Card
109256,481,5,2025-12-21,Completed,PayPal
109257,399,1,2023-09-07,Completed,Invoice
109258,491,1,2025-02-08,In Progress,PayPal
109259,509,55,2025-03-11,Completed,Bank Transfer
109260,286,72,2024-12-16,Completed,Bank Transfer
109261,66,55,2025-02-26,Completed,Invoice
109262,194,73,2024-12-30,In Progress,Bank Transfer
109263,920,68,2024-09-17,Completed,Invoice
109264,806,68,2025-07-17,Completed,Credit Card
109265,811,68,2024-09-10,Completed,PayPal
109266,269,2,2024-01-08,Completed,Invoice
109267,160,1,2023-12-14,Completed,Credit Card
109268,327,2,2023-11-11,Completed,Invoice
109269,744,35,2026-03-21,In Progress,Credit Card
109270,270,27,2024-10-23,In Progress,Credit Card
109271,902,27,2025-05-07,Completed,PayPal
109272,780,1,2026-06-20,In Progress,PayPal
109273,603,1,2026-05-11,Completed,Invoice
109274,327,1,2024-05-25,Completed,Credit Card
109275,531,2,2025-09-16,Completed,Bank Transfer
109276,795,55,2025-12-26,Completed,Credit Card
109277,799,73,2026-01-03,Completed,Invoice
109278,327,27,2026-05-23,Completed,PayPal
109279,954,1,2024-10-21,Completed,PayPal
109280,303,68,2025-09-23,In Progress,Invoice
109281,611,2,2024-12-17,Completed,Invoice
109282,334,27,2024-11-20,Completed,PayPal
109283,578,72,2023-10-22,Completed,PayPal
109284,852,68,2023-10-09,Completed,Credit Card
109285,773,55,2026-04-08,Cancelled,Bank Transfer
109286,769,35,2026-06-01,Completed,Credit Card
109287,700,5,2024-09-28,In Progress,Credit Card
109288,312,27,2024-08-05,In Progress,Bank Transfer
109289,947,72,2025-09-19,Completed,Credit Card
109290,715,5,2024-05-25,Completed,Credit Card
109291,829,7,2026-03-30,Cancelled,Invoice
109292,275,72,2026-05-16,Completed,Credit Card
109293,994,73,2026-01-12,In Progress,Credit Card
109294,487,1,2025-03-09,Cancelled,PayPal
109295,898,68,2025-08-20,Completed,PayPal
109296,841,68,2026-03-26,Completed,Invoice
109297,296,73,2025-11-10,Completed,PayPal
109298,179,35,2026-02-01,Completed,Bank Transfer
109299,332,35,2024-08-11,Cancelled,Invoice
109300,318,55,2024-08-11,Completed,Credit Card
109301,153,1,2025-08-24,Completed,Bank Transfer
109302,864,68,2024-11-02,Completed,Credit Card
109303,407,73,2025-06-17,Cancelled,Bank Transfer
109304,413,73,2025-05-14,Completed,Invoice
109305,426,35,2025-10-12,Completed,Invoice
109306,840,27,2025-03-14,Completed,Credit Card
109307,105,5,2026-07-21,Completed,Invoice
109308,877,2,2024-04-19,Cancelled,Bank Transfer
109309,166,35,2024-06-14,In Progress,Credit Card
109310,608,72,2026-06-17,Completed,Credit Card
109311,980,73,2024-07-01,Completed,PayPal
109312,315,55,2025-05-21,Cancelled,Invoice
109313,775,35,2024-03-23,In Progress,PayPal
109314,697,35,2024-03-17,Completed,PayPal
109315,306,5,2024-11-08,Completed,Bank Transfer
109316,632,35,2024-03-02,Cancelled,PayPal
109317,509,35,2025-04-22,Completed,Bank Transfer
109318,519,2,2025-06-26,Completed,Bank Transfer
109319,99,27,2026-06-26,Completed,Bank Transfer
109320,825,5,2024-06-18,In Progress,Invoice
109321,679,2,2026-04-16,Completed,Credit Card
109322,823,5,2025-06-07,Cancelled,Credit Card
109323,286,5,2026-06-13,In Progress,Credit Card
109324,821,73,2024-11-07,Cancelled,PayPal
109325,534,73,2026-01-18,In Progress,PayPal
109326,852,73,2024-09-12,In Progress,Credit Card
109327,531,73,2025-07-05,Completed,Bank Transfer
109328,331,1,2026-01-17,Completed,Bank Transfer
109329,240,35,2025-11-28,Completed,PayPal
109330,405,2,2025-09-19,Completed,Credit Card
109331,967,72,2026-04-15,Cancelled,Credit Card
109332,739,73,2025-03-07,Completed,Bank Transfer
109333,446,1,2024-06-24,Completed,Credit Card
109334,298,27,2025-09-07,Completed,PayPal
109335,460,1,2025-05-01,Completed,Bank Transfer
109336,777,1,2026-06-28,Completed,Bank Transfer
109337,839,5,2024-01-07,Completed,Invoice
109338,72,2,2025-06-18,In Progress,Bank Transfer
109339,86,1,2026-07-15,Completed,Credit Card
109340,685,7,2024-03-03,Cancelled,Invoice
109341,835,1,2024-08-20,Cancelled,Invoice
109342,630,73,2025-01-03,Completed,PayPal
109343,674,27,2024-04-09,Completed,Invoice
109344,64,5,2024-01-08,Completed,Bank Transfer
109345,13,5,2025-05-24,Completed,Credit Card
109346,745,1,2025-12-31,In Progress,Credit Card
109347,318,35,2025-06-03,Completed,Credit Card
109348,145,1,2023-12-31,Completed,PayPal
109349,672,5,2025-10-12,Cancelled,Bank Transfer
109350,144,68,2025-08-28,Completed,Credit Card
109351,821,5,2024-10-06,Completed,Bank Transfer
109352,930,55,2024-03-17,In Progress,Invoice
109353,998,1,2025-06-13,Completed,Invoice
109354,585,1,2024-08-10,Completed,Invoice
109355,69,68,2024-08-07,Cancelled,Invoice
109356,459,73,2025-10-28,Completed,Invoice
109357,658,7,2024-03-26,Completed,Credit Card
109358,490,68,2024-01-18,Completed,Invoice
109359,46,35,2024-07-15,Cancelled,Bank Transfer
109360,483,27,2024-04-29,Completed,Credit Card
109361,553,68,2026-02-25,Completed,Invoice
109362,396,35,2024-06-26,In Progress,PayPal
109363,843,72,2025-01-13,In Progress,PayPal
109364,261,2,2024-01-26,Completed,PayPal
109365,189,5,2024-11-01,Completed,PayPal
109366,683,2,2025-07-09,Completed,Invoice
109367,607,7,2025-09-05,Cancelled,Invoice
109368,910,35,2024-12-13,Completed,Credit Card
109369,221,27,2023-09-09,Completed,Invoice
109370,547,73,2023-09-29,Completed,PayPal
109371,971,55,2024-01-08,In Progress,Credit Card
109372,263,55,2025-08-03,Completed,PayPal
109373,581,27,2025-09-03,Completed,Invoice
109374,537,2,2024-07-01,Completed,Credit Card
109375,438,72,2024-10-03,In Progress,PayPal
109376,536,35,2025-09-20,Completed,Invoice
109377,76,2,2025-04-15,In Progress,Credit Card
109378,138,7,2024-01-13,Completed,Bank Transfer
109379,279,73,2026-04-27,Completed,Invoice
109380,569,55,2025-09-04,Completed,PayPal
109381,335,35,2023-07-28,Cancelled,Bank Transfer
109382,364,5,2024-05-15,Completed,PayPal
109383,923,7,2026-07-14,Completed,Invoice
109384,610,55,2024-08-16,Cancelled,Bank Transfer
109385,195,27,2024-07-24,Cancelled,Bank Transfer
109386,575,55,2024-04-15,In Progress,PayPal
109387,140,1,2024-07-11,Completed,Bank Transfer
109388,221,1,2023-10-02,In Progress,Bank Transfer
109389,739,5,2025-05-24,Completed,Bank Transfer
109390,137,68,2024-07-24,Completed,Invoice
109391,18,72,2026-05-21,Completed,Credit Card
109392,631,35,2025-01-17,Completed,Invoice
109393,679,35,2024-11-13,In Progress,Credit Card
109394,824,27,2025-02-04,Cancelled,Invoice
109395,625,5,2023-10-30,Completed,Invoice
109396,995,68,2026-03-22,Completed,Bank Transfer
109397,430,7,2023-12-29,In Progress,Invoice
109398,189,72,2023-08-18,Completed,PayPal
109399,678,73,2025-09-25,Completed,PayPal
109400,956,27,2024-03-31,Completed,Invoice
109401,391,55,2023-08-10,In Progress,PayPal
109402,111,2,2023-11-16,Completed,PayPal
109403,210,1,2024-12-20,Completed,Bank Transfer
109404,670,7,2023-08-09,Cancelled,Invoice
109405,380,55,2024-02-14,Completed,PayPal
109406,739,7,2023-10-28,Completed,Bank Transfer
109407,682,72,2026-01-29,Completed,Invoice
109408,315,5,2025-10-31,In Progress,Invoice
109409,418,2,2025-05-18,Cancelled,Invoice
109410,307,55,2023-08-27,Completed,Credit Card
109411,369,1,2025-07-21,Completed,PayPal
109412,26,27,2024-01-10,Completed,Bank Transfer
109413,252,27,2025-09-14,Completed,Invoice
109414,493,5,2023-09-25,In Progress,PayPal
109415,327,1,2023-12-01,Completed,Credit Card
109416,138,5,2025-08-16,Completed,PayPal
109417,310,1,2025-12-07,Completed,PayPal
109418,684,27,2026-04-26,In Progress,Invoice
109419,569,5,2025-09-23,In Progress,Credit Card
109420,77,55,2025-05-07,Completed,Credit Card
109421,967,72,2026-05-05,Completed,Bank Transfer
109422,333,55,2025-11-17,Completed,PayPal
109423,607,35,2025-03-16,Cancelled,Invoice
109424,681,73,2026-04-24,Cancelled,Invoice
109425,476,55,2024-11-26,Completed,Bank Transfer
109426,528,5,2025-12-07,Cancelled,Invoice
109427,497,72,2024-08-09,Cancelled,Bank Transfer
109428,36,35,2025-11-11,Completed,Invoice
109429,461,72,2024-04-15,In Progress,Credit Card
109430,605,72,2026-04-10,In Progress,Credit Card
109431,236,73,2026-07-24,Completed,Invoice
109432,385,2,2024-07-08,In Progress,Credit Card
109433,456,72,2023-08-30,In Progress,Credit Card
109434,393,55,2023-11-12,Completed,Credit Card
109435,480,35,2024-11-03,Completed,Credit Card
109436,256,7,2025-01-17,In Progress,PayPal
109437,678,7,2024-05-03,In Progress,Credit Card
109438,590,5,2025-06-14,Cancelled,Credit Card
109439,337,73,2026-02-25,Completed,Bank Transfer
109440,834,27,2024-01-29,Completed,Credit Card
109441,867,73,2025-05-09,Completed,Credit Card
109442,548,68,2025-08-04,Cancelled,Bank Transfer
109443,996,68,2023-11-01,Completed,Credit Card
109444,515,2,2024-05-19,In Progress,Bank Transfer
109445,387,35,2023-11-22,Completed,Invoice
109446,644,55,2025-08-25,Completed,Invoice
109447,885,68,2025-09-08,In Progress,Invoice
109448,681,35,2024-04-14,Completed,Invoice
109449,939,55,2025-05-17,In Progress,PayPal
109450,306,73,2025-11-06,Completed,Invoice
109451,343,27,2026-02-22,Completed,Bank Transfer
109452,416,55,2025-11-08,Completed,PayPal
109453,860,5,2025-11-13,Completed,Invoice
109454,44,7,2024-07-26,Cancelled,Invoice
109455,49,5,2024-08-23,Cancelled,Invoice
109456,772,1,2025-11-05,Completed,Bank Transfer
109457,293,35,2024-07-22,Completed,Credit Card
109458,472,35,2024-04-18,Cancelled,PayPal
109459,206,72,2023-10-31,Completed,PayPal
109460,601,2,2026-01-19,In Progress,PayPal
109461,63,1,2023-08-13,In Progress,PayPal
109462,355,2,2023-12-08,Cancelled,Credit Card
109463,725,73,2024-11-10,Completed,PayPal
109464,472,72,2026-03-25,Cancelled,Bank Transfer
109465,289,2,2024-06-18,Cancelled,Invoice
109466,988,1,2024-11-29,Completed,Invoice
109467,590,2,2026-06-10,Completed,Invoice
109468,656,5,2026-02-04,Completed,Credit Card
109469,66,35,2023-12-10,Completed,Invoice
109470,215,55,2025-04-10,Completed,Invoice
109471,729,27,2024-11-06,Cancelled,Invoice
109472,295,27,2025-11-13,Completed,Credit Card
109473,452,27,2026-01-02,Completed,Bank Transfer
109474,68,73,2026-04-18,Completed,Bank Transfer
109475,344,27,2026-06-02,Completed,PayPal
109476,773,2,2024-12-20,Cancelled,Invoice
109477,912,35,2025-09-20,Completed,Invoice
109478,69,1,2024-06-17,In Progress,Invoice
109479,690,5,2025-06-24,Completed,PayPal
109480,529,2,2024-03-02,In Progress,Bank Transfer
109481,850,72,2026-04-20,Completed,PayPal
109482,949,73,2026-04-21,Cancelled,PayPal
109483,924,35,2025-11-13,Completed,PayPal
109484,753,55,2025-04-16,Completed,Invoice
109485,366,55,2025-06-09,Cancelled,Invoice
109486,587,5,2025-03-08,Completed,PayPal
109487,152,5,2026-05-21,Completed,Bank Transfer
109488,193,1,2025-04-08,Completed,Bank Transfer
109489,417,72,2025-07-31,Completed,Invoice
109490,108,72,2023-08-01,Completed,Bank Transfer
109491,956,2,2025-03-04,Completed,Bank Transfer
109492,37,2,2024-12-18,Completed,Bank Transfer
109493,842,73,2023-08-10,Cancelled,Bank Transfer
109494,299,73,2026-06-07,Cancelled,PayPal
109495,720,68,2024-09-26,In Progress,PayPal
109496,596,73,2024-07-21,Completed,Credit Card
109497,30,1,2025-02-11,Completed,PayPal
109498,833,72,2024-10-15,Completed,Credit Card
109499,512,72,2025-11-12,Cancelled,Bank Transfer
109500,374,73,2024-09-15,In Progress,Credit Card
109501,818,2,2024-12-15,Completed,Credit Card
109502,714,68,2026-02-04,Cancelled,Credit Card
109503,873,27,2024-02-18,Cancelled,Credit Card
109504,802,2,2026-04-18,In Progress,Invoice
109505,50,73,2025-12-01,Completed,PayPal
109506,858,5,2026-01-24,In Progress,Bank Transfer
109507,458,27,2025-05-20,Completed,PayPal
109508,921,68,2026-01-05,Completed,Bank Transfer
109509,672,55,2025-10-31,In Progress,Bank Transfer
109510,942,1,2025-08-20,Completed,Credit Card
109511,76,72,2025-10-13,Completed,Invoice
109512,455,73,2024-07-20,Completed,Invoice
109513,789,73,2025-12-18,Cancelled,PayPal
109514,320,27,2025-12-15,In Progress,Invoice
109515,86,1,2026-03-13,Cancelled,Bank Transfer
109516,384,35,2023-08-28,In Progress,Invoice
109517,914,72,2024-05-23,Completed,PayPal
109518,367,27,2024-09-28,Completed,Invoice
109519,327,27,2024-11-12,Completed,Credit Card
109520,973,7,2024-12-14,Completed,Credit Card
109521,621,5,2025-05-13,In Progress,Invoice
109522,880,72,2026-01-26,In Progress,Invoice
109523,838,1,2023-09-04,Completed,Credit Card
109524,48,5,2025-01-29,Completed,Invoice
109525,833,2,2026-07-10,In Progress,Invoice
109526,762,7,2026-04-10,Completed,Bank Transfer
109527,701,68,2026-01-19,In Progress,Invoice
109528,994,27,2024-03-17,In Progress,Credit Card
109529,279,5,2024-02-21,Completed,Invoice
109530,94,35,2026-01-18,Completed,PayPal
109531,144,5,2026-05-17,Completed,Invoice
109532,404,2,2026-04-23,In Progress,Bank Transfer
109533,494,2,2026-07-17,In Progress,Invoice
109534,820,55,2024-11-29,Completed,Credit Card
109535,915,7,2024-04-22,Completed,Invoice
109536,490,5,2025-11-13,Cancelled,Invoice
109537,243,68,2025-06-19,In Progress,Credit Card
109538,328,7,2025-08-03,In Progress,PayPal
109539,388,73,2024-05-24,Completed,Credit Card
109540,691,68,2025-07-04,Completed,Bank Transfer
109541,473,2,2024-02-12,In Progress,PayPal
109542,82,27,2025-03-03,Completed,Invoice
109543,359,73,2024-01-31,Cancelled,Bank Transfer
109544,396,1,2026-02-15,Completed,Invoice
109545,53,7,2026-05-27,Completed,Bank Transfer
109546,497,55,2025-09-01,In Progress,Invoice
109547,617,5,2025-05-03,In Progress,Invoice
109548,13,72,2026-02-01,In Progress,PayPal
109549,235,1,2025-05-23,Completed,Credit Card
109550,496,55,2023-11-16,Cancelled,Invoice
109551,266,2,2026-02-12,Completed,Bank Transfer
109552,743,5,2025-08-30,In Progress,Credit Card
109553,650,7,2026-03-11,In Progress,Bank Transfer
109554,730,55,2024-06-06,Cancelled,Invoice
109555,953,27,2025-07-26,Cancelled,Bank Transfer
109556,586,27,2024-05-11,Completed,Bank Transfer
109557,872,68,2024-01-22,In Progress,PayPal
109558,38,55,2023-08-04,Cancelled,Credit Card
109559,424,55,2023-09-05,Cancelled,Bank Transfer
109560,407,7,2024-11-28,In Progress,Invoice
109561,960,2,2023-12-07,Completed,Invoice
109562,714,35,2025-04-13,Completed,Invoice
109563,949,68,2023-11-05,In Progress,Invoice
109564,182,55,2025-10-05,Completed,PayPal
109565,559,1,2026-07-14,Completed,PayPal
109566,605,55,2024-06-09,Completed,Credit Card
109567,875,68,2023-09-25,Completed,PayPal
109568,898,27,2023-08-11,Cancelled,Invoice
109569,179,27,2026-06-13,Completed,Bank Transfer
109570,24,72,2025-01-03,Completed,Invoice
109571,493,7,2026-03-21,Cancelled,Invoice
109572,184,5,2024-11-30,In Progress,PayPal
109573,280,7,2024-12-31,Completed,Bank Transfer
109574,287,35,2025-07-29,In Progress,Credit Card
109575,10,2,2025-06-28,Cancelled,Invoice
109576,53,73,2024-06-19,In Progress,PayPal
109577,215,2,2024-10-27,Cancelled,Invoice
109578,66,73,2024-02-14,Cancelled,Invoice
109579,862,68,2026-05-20,Completed,Bank Transfer
109580,764,68,2024-03-27,Completed,Bank Transfer
109581,994,73,2025-07-11,Completed,PayPal
109582,453,27,2025-06-03,Cancelled,Invoice
109583,347,2,2025-04-17,Cancelled,Invoice
109584,919,35,2023-08-04,Completed,PayPal
109585,552,7,2025-12-15,Completed,Bank Transfer
109586,962,2,2025-04-21,Completed,Bank Transfer
109587,820,2,2024-02-21,Completed,Credit Card
109588,227,7,2024-06-04,Completed,Credit Card
109589,328,27,2023-09-20,Completed,Invoice
109590,110,55,2024-10-12,Cancelled,Credit Card
109591,748,68,2026-02-26,In Progress,Credit Card
109592,140,1,2026-03-28,Completed,Invoice
109593,396,1,2023-09-13,Completed,Bank Transfer
109594,681,2,2023-09-30,Cancelled,Bank Transfer
109595,211,55,2025-05-01,Completed,Credit Card
109596,979,68,2026-07-23,Completed,PayPal
109597,355,72,2025-12-15,Cancelled,Invoice
109598,280,7,2025-05-05,Completed,PayPal
109599,858,1,2024-03-03,Completed,Bank Transfer
109600,423,5,2025-07-23,Completed,PayPal
109601,540,27,2024-01-27,Cancelled,Credit Card
109602,542,73,2025-02-16,In Progress,Bank Transfer
109603,135,1,2025-08-21,Completed,PayPal
109604,824,2,2026-04-09,Cancelled,Credit Card
109605,586,27,2025-09-01,Completed,Credit Card
109606,255,55,2023-11-25,In Progress,PayPal
109607,278,72,2024-07-31,Completed,Invoice
109608,8,35,2026-02-20,Completed,Invoice
109609,836,72,2025-07-17,In Progress,Credit Card
109610,912,5,2024-03-27,Completed,Bank Transfer
109611,558,1,2025-12-24,Completed,Invoice
109612,211,55,2025-04-14,In Progress,Bank Transfer
109613,622,7,2025-12-17,Completed,Credit Card
109614,242,27,2026-02-15,In Progress,PayPal
109615,334,2,2023-07-27,In Progress,PayPal
109616,876,35,2024-07-06,Cancelled,Bank Transfer
109617,790,55,2023-12-27,In Progress,PayPal
109618,194,72,2023-12-14,Completed,Bank Transfer
109619,708,55,2026-05-09,Completed,Invoice
109620,644,2,2024-07-31,Completed,Bank Transfer
109621,958,68,2024-07-20,Completed,Credit Card
109622,528,27,2023-08-23,Completed,Bank Transfer
109623,960,68,2026-06-29,Completed,PayPal
109624,292,7,2024-09-05,Completed,Invoice
109625,385,2,2024-07-06,Completed,Invoice
109626,609,7,2023-09-13,Completed,Credit Card
109627,179,68,2024-11-17,In Progress,PayPal
109628,538,2,2026-06-28,Completed,PayPal
109629,172,1,2026-03-01,In Progress,PayPal
109630,151,5,2024-08-26,In Progress,Credit Card
109631,173,27,2023-08-05,Cancelled,Bank Transfer
109632,576,35,2024-07-07,Cancelled,Credit Card
109633,810,1,2025-01-12,Completed,Credit Card
109634,287,72,2023-12-14,In Progress,PayPal
109635,958,55,2024-09-01,Completed,PayPal
109636,38,68,2026-02-07,Cancelled,Credit Card
109637,280,72,2023-10-19,Completed,Credit Card
109638,699,2,2023-10-27,In Progress,Invoice
109639,53,68,2023-08-08,Cancelled,Invoice
109640,924,55,2025-07-28,In Progress,Bank Transfer
109641,962,27,2026-03-26,Completed,Credit Card
109642,185,5,2025-08-14,Cancelled,PayPal
109643,502,1,2024-11-16,Completed,Bank Transfer
109644,107,5,2026-07-22,Completed,Invoice
109645,65,1,2024-10-12,In Progress,Invoice
109646,450,7,2024-08-31,Cancelled,Invoice
109647,478,27,2024-05-22,Completed,Bank Transfer
109648,925,7,2025-12-25,In Progress,PayPal
109649,172,2,2023-11-29,Completed,Invoice
109650,349,55,2025-03-16,In Progress,PayPal
109651,572,73,2025-10-10,Cancelled,Invoice
109652,417,7,2024-09-11,Completed,Invoice
109653,569,35,2026-01-05,Completed,Credit Card
109654,982,35,2025-11-25,Completed,Bank Transfer
109655,812,72,2024-03-17,Completed,Bank Transfer
109656,308,35,2023-12-22,Completed,Invoice
109657,436,7,2024-03-01,Cancelled,Credit Card
109658,776,5,2024-11-20,In Progress,Invoice
109659,637,7,2025-12-13,Completed,Invoice
109660,979,72,2024-12-11,Cancelled,Bank Transfer
109661,747,2,2026-07-24,Completed,PayPal
109662,129,2,2025-05-31,In Progress,Credit Card
109663,382,5,2023-10-03,Completed,Invoice
109664,395,55,2024-11-29,Completed,PayPal
109665,522,55,2026-05-03,Cancelled,Credit Card
109666,566,55,2025-03-27,In Progress,Credit Card
109667,935,2,2024-04-04,Cancelled,Invoice
109668,722,55,2023-12-19,Completed,Invoice
109669,583,73,2024-11-14,Completed,Credit Card
109670,19,72,2026-05-01,Completed,PayPal
109671,831,55,2023-11-13,Cancelled,Credit Card
109672,921,5,2024-12-18,Completed,Credit Card
109673,667,73,2024-05-10,Cancelled,Credit Card
109674,813,35,2025-12-24,Completed,Bank Transfer
109675,813,27,2025-12-06,Completed,Credit Card
109676,825,2,2024-11-12,Cancelled,Invoice
109677,288,73,2024-11-29,In Progress,Bank Transfer
109678,375,2,2024-10-11,Completed,Bank Transfer
109679,599,5,2023-11-04,Completed,Credit Card
109680,853,55,2025-12-09,In Progress,Bank Transfer
109681,613,35,2025-01-07,In Progress,PayPal
109682,999,72,2024-08-09,Completed,Credit Card
109683,691,72,2024-11-15,Completed,Credit Card
109684,636,1,2025-03-04,Cancelled,Bank Transfer
109685,45,27,2025-12-24,Completed,PayPal
109686,127,5,2025-12-06,Completed,PayPal
109687,987,72,2026-07-10,In Progress,Invoice
109688,555,7,2025-09-05,Completed,Bank Transfer
109689,140,2,2024-10-10,Completed,Invoice
109690,195,55,2026-07-21,In Progress,Credit Card
109691,312,35,2023-10-20,Cancelled,Invoice
109692,491,73,2023-11-12,In Progress,Bank Transfer
109693,91,7,2024-09-23,Cancelled,PayPal
109694,159,35,2025-11-17,Cancelled,PayPal
109695,30,27,2025-02-28,Completed,Credit Card
109696,944,35,2024-05-19,In Progress,Bank Transfer
109697,186,72,2024-10-19,Cancelled,Invoice
109698,642,68,2023-10-17,Completed,Credit Card
109699,403,7,2024-04-14,Completed,PayPal
109700,273,72,2024-04-30,In Progress,PayPal
109701,990,7,2025-02-11,Completed,Invoice
109702,70,7,2024-11-22,Completed,Credit Card
109703,230,55,2026-05-16,Completed,Credit Card
109704,711,72,2025-02-13,Completed,PayPal
109705,750,72,2024-12-14,In Progress,PayPal
109706,331,7,2025-03-18,Completed,PayPal
109707,883,72,2024-01-13,Completed,PayPal
109708,30,35,2025-08-19,Cancelled,Invoice
109709,577,35,2026-01-10,Completed,Invoice
109710,292,5,2026-04-13,Completed,Credit Card
109711,782,7,2025-01-28,Completed,PayPal
109712,619,2,2024-07-01,Cancelled,Bank Transfer
109713,631,5,2026-02-24,Cancelled,Credit Card
109714,482,55,2023-11-13,Cancelled,Invoice
109715,332,27,2025-01-14,Completed,Credit Card
109716,524,72,2024-12-18,In Progress,Credit Card
109717,423,68,2026-06-24,Cancelled,Bank Transfer
109718,962,68,2025-05-17,Completed,Bank Transfer
109719,832,73,2026-04-13,Completed,Invoice
109720,151,27,2024-02-12,Completed,PayPal
109721,744,1,2026-04-13,Completed,Credit Card
109722,630,5,2025-09-20,Completed,PayPal
109723,217,7,2025-09-05,Cancelled,PayPal
109724,197,72,2023-07-27,Completed,PayPal
109725,266,7,2024-02-10,Completed,Invoice
109726,951,68,2023-09-11,Completed,PayPal
109727,483,1,2025-04-24,Cancelled,PayPal
109728,878,1,2024-08-19,Completed,PayPal
109729,802,5,2025-12-11,Completed,Credit Card
109730,199,72,2025-11-13,Completed,Invoice
109731,587,35,2025-06-02,In Progress,Bank Transfer
109732,724,1,2025-05-30,In Progress,Bank Transfer
109733,812,5,2025-11-12,Cancelled,Credit Card
109734,547,55,2024-12-02,Completed,PayPal
109735,636,35,2023-08-10,Completed,Credit Card
109736,35,27,2025-08-11,Completed,PayPal
109737,700,55,2023-09-20,Completed,Credit Card
109738,902,27,2024-09-20,Completed,PayPal
109739,855,2,2025-05-23,Cancelled,Credit Card
109740,836,35,2024-10-25,Completed,Invoice
109741,949,35,2023-11-19,Cancelled,PayPal
109742,454,5,2025-03-25,Completed,PayPal
109743,525,5,2026-04-22,Completed,Credit Card
109744,433,72,2026-04-02,In Progress,Bank Transfer
109745,383,68,2024-04-12,Completed,Credit Card
109746,609,1,2025-03-09,Completed,Bank Transfer
109747,648,2,2026-05-20,In Progress,Bank Transfer
109748,997,1,2025-06-28,In Progress,Bank Transfer
109749,767,73,2024-11-02,Completed,Invoice
109750,250,72,2026-02-01,Cancelled,Bank Transfer
109751,333,1,2026-05-17,Cancelled,Invoice
109752,703,27,2024-08-14,Completed,PayPal
109753,339,72,2024-12-17,Completed,Invoice
109754,260,35,2026-05-10,Cancelled,Credit Card
109755,513,35,2024-10-01,Cancelled,Bank Transfer
109756,250,2,2023-07-28,In Progress,PayPal
109757,150,2,2025-04-17,Completed,PayPal
109758,273,1,2024-11-30,Cancelled,PayPal
109759,724,35,2024-11-29,Completed,Credit Card
109760,92,5,2025-01-13,Cancelled,Invoice
109761,182,7,2026-03-28,Completed,Bank Transfer
109762,818,55,2024-07-22,Cancelled,Bank Transfer
109763,468,5,2024-09-28,Cancelled,Invoice
109764,609,55,2023-10-15,Completed,PayPal
109765,267,55,2024-07-25,In Progress,Invoice
109766,522,73,2024-01-21,Cancelled,Credit Card
109767,433,2,2026-01-23,Cancelled,PayPal
109768,386,55,2025-11-29,Completed,Credit Card
109769,893,35,2026-06-14,In Progress,Credit Card
109770,116,72,2023-12-06,In Progress,Bank Transfer
109771,230,72,2024-09-25,Completed,PayPal
109772,405,55,2025-04-08,Cancelled,Invoice
109773,447,73,2024-10-04,Completed,Bank Transfer
109774,291,55,2026-02-11,In Progress,Bank Transfer
109775,940,55,2025-06-03,In Progress,Bank Transfer
109776,726,55,2025-09-08,In Progress,Bank Transfer
109777,200,73,2024-07-31,Completed,Credit Card
109778,417,72,2025-11-15,Cancelled,Bank Transfer
109779,371,7,2025-06-24,In Progress,Credit Card
109780,58,2,2023-11-02,Completed,PayPal
109781,61,73,2023-12-27,Completed,Bank Transfer
109782,779,7,2025-08-19,Completed,Invoice
109783,973,73,2024-08-01,Completed,Invoice
109784,211,72,2023-09-29,Completed,Credit Card
109785,668,55,2024-03-18,Completed,PayPal
109786,138,5,2025-07-07,Completed,PayPal
109787,856,68,2023-10-10,Completed,Bank Transfer
109788,831,35,2025-09-14,In Progress,Invoice
109789,153,68,2023-08-29,Cancelled,Credit Card
109790,229,68,2026-02-16,In Progress,PayPal
109791,274,5,2024-10-17,Completed,Invoice
109792,181,1,2025-11-12,Completed,Credit Card
109793,456,2,2024-08-23,Completed,Invoice
109794,181,2,2024-07-03,Completed,PayPal
109795,186,2,2024-11-08,In Progress,Credit Card
109796,266,27,2026-04-13,Completed,Credit Card
109797,218,55,2023-12-20,Completed,Bank Transfer
109798,852,2,2024-12-27,In Progress,Credit Card
109799,723,35,2025-05-20,Completed,PayPal
109800,885,1,2025-06-13,In Progress,Invoice
109801,338,68,2025-09-15,In Progress,Bank Transfer
109802,887,72,2026-01-14,Completed,PayPal
109803,457,2,2023-09-28,Cancelled,Invoice
109804,248,72,2024-10-20,Cancelled,PayPal
109805,792,2,2026-04-22,In Progress,Invoice
109806,886,7,2025-12-06,Completed,Bank Transfer
109807,620,68,2025-01-16,In Progress,Invoice
109808,425,73,2025-11-04,Completed,Credit Card
109809,767,27,2024-11-04,Completed,Credit Card
109810,282,2,2025-05-28,Completed,Invoice
109811,856,5,2023-08-02,Completed,Credit Card
109812,990,35,2025-05-20,Completed,Bank Transfer
109813,604,1,2024-05-06,Completed,PayPal
109814,432,35,2024-08-23,Cancelled,Bank Transfer
109815,559,55,2023-10-19,Cancelled,Invoice
109816,180,1,2023-09-21,In Progress,Bank Transfer
109817,114,1,2023-08-25,Completed,Bank Transfer
109818,214,2,2025-02-02,Completed,Credit Card
109819,128,68,2024-09-20,Completed,Credit Card
109820,528,5,2025-03-30,Completed,Credit Card
109821,541,72,2024-05-03,Completed,Credit Card
109822,388,7,2023-10-05,Completed,Credit Card
109823,117,73,2024-06-28,Completed,Invoice
109824,230,73,2024-07-28,In Progress,Invoice
109825,290,27,2026-04-15,Completed,PayPal
109826,132,2,2026-06-16,In Progress,Invoice
109827,975,2,2025-05-16,Cancelled,Invoice
109828,159,1,2024-01-20,Cancelled,Credit Card
109829,545,27,2024-06-27,Completed,Bank Transfer
109830,748,2,2025-12-22,Completed,Invoice
109831,254,1,2024-06-24,Cancelled,Bank Transfer
109832,900,72,2024-11-09,Completed,Bank Transfer
109833,804,72,2025-05-05,Completed,Credit Card
109834,651,2,2025-05-28,Completed,Credit Card
109835,531,7,2025-09-04,Cancelled,Bank Transfer
109836,824,73,2023-07-26,Completed,Invoice
109837,629,27,2024-02-20,Cancelled,Invoice
109838,96,27,2024-10-08,Completed,PayPal
109839,416,68,2025-03-13,Cancelled,Bank Transfer
109840,79,72,2026-05-26,Completed,Bank Transfer
109841,949,1,2026-06-07,Completed,PayPal
109842,759,2,2026-06-30,Completed,Invoice
109843,739,72,2024-03-10,Cancelled,Bank Transfer
109844,916,72,2026-04-18,Cancelled,Bank Transfer
109845,80,55,2025-05-24,In Progress,Bank Transfer
109846,699,72,2026-05-19,Completed,Bank Transfer
109847,798,72,2025-06-08,In Progress,Bank Transfer
109848,197,27,2024-07-06,In Progress,Credit Card
109849,245,2,2025-11-15,Completed,Invoice
109850,67,5,2026-04-11,Completed,Bank Transfer
109851,934,1,2024-07-24,Cancelled,Credit Card
109852,15,2,2023-10-09,Cancelled,Bank Transfer
109853,237,27,2025-10-30,In Progress,Invoice
109854,150,1,2024-03-24,In Progress,Invoice
109855,87,72,2026-04-16,Cancelled,PayPal
109856,430,73,2023-10-13,Completed,Invoice
109857,962,1,2026-06-20,Completed,PayPal
109858,853,73,2025-11-17,In Progress,Bank Transfer
109859,544,55,2025-12-15,Cancelled,Credit Card
109860,145,27,2023-08-26,In Progress,Bank Transfer
109861,589,1,2023-11-15,Completed,Credit Card
109862,420,35,2026-04-07,Completed,Invoice
109863,44,2,2026-07-02,Cancelled,Bank Transfer
109864,918,72,2026-05-11,Completed,Credit Card
109865,317,35,2025-09-20,Completed,Invoice
109866,463,1,2025-09-21,Completed,Bank Transfer
109867,125,1,2024-02-10,In Progress,Credit Card
109868,738,7,2025-08-21,In Progress,Bank Transfer
109869,824,5,2026-05-26,Completed,Credit Card
109870,941,1,2026-05-13,In Progress,Invoice
109871,752,73,2026-02-25,Completed,Invoice
109872,534,35,2025-12-26,Completed,Bank Transfer
109873,559,73,2025-04-18,Completed,Invoice
109874,804,27,2023-07-31,Completed,Bank Transfer
109875,46,73,2025-09-27,Completed,Credit Card
109876,744,72,2025-07-31,Completed,Credit Card
109877,182,73,2024-05-07,Completed,PayPal
109878,927,5,2025-05-09,Completed,Bank Transfer
109879,218,1,2026-04-08,Completed,Credit Card
109880,683,35,2024-04-26,Completed,PayPal
109881,404,5,2024-09-17,Completed,Invoice
109882,9,1,2025-02-02,Completed,PayPal
109883,388,68,2026-06-09,Cancelled,PayPal
109884,316,73,2024-06-20,Completed,Credit Card
109885,633,72,2023-08-30,Completed,Invoice
109886,509,72,2026-04-18,Completed,Credit Card
109887,616,27,2024-07-13,Completed,Credit Card
109888,732,1,2026-07-15,Completed,Bank Transfer
109889,40,7,2025-08-30,In Progress,Credit Card
109890,275,7,2025-09-07,Completed,Invoice
109891,720,68,2025-07-19,Completed,Bank Transfer
109892,593,55,2025-07-13,Completed,Credit Card
109893,194,7,2025-05-26,Completed,Bank Transfer
109894,149,1,2026-03-31,Completed,PayPal
109895,735,73,2023-12-15,Completed,Invoice
109896,814,27,2025-03-15,In Progress,Invoice
109897,126,35,2025-08-16,Cancelled,PayPal
109898,415,7,2024-11-07,Completed,Credit Card
109899,408,27,2023-09-02,Completed,Credit Card
109900,507,55,2025-03-05,Completed,Invoice
109901,60,73,2025-11-15,Completed,Bank Transfer
109902,741,72,2026-04-11,Completed,Invoice
109903,500,1,2025-04-16,Completed,Credit Card
109904,526,73,2025-12-20,Completed,Bank Transfer
109905,825,35,2025-05-28,Completed,Bank Transfer
109906,612,55,2023-12-05,Completed,Invoice
109907,475,1,2023-11-29,Completed,Bank Transfer
109908,135,27,2025-12-26,In Progress,PayPal
109909,59,68,2023-10-30,Completed,Credit Card
109910,806,27,2025-09-03,In Progress,Invoice
109911,910,72,2025-01-29,Cancelled,Credit Card
109912,982,2,2025-12-28,Completed,Credit Card
109913,11,1,2026-07-14,Completed,Invoice
109914,427,72,2025-05-17,Completed,Credit Card
109915,111,35,2026-03-02,Completed,Bank Transfer
109916,376,68,2025-08-18,Completed,Credit Card
109917,189,72,2024-10-13,Cancelled,Credit Card
109918,416,68,2024-07-19,Cancelled,Invoice
109919,595,27,2025-07-19,Completed,Invoice
109920,899,27,2024-04-01,Completed,Invoice
109921,630,72,2025-06-14,Completed,PayPal
109922,162,73,2025-12-25,In Progress,Credit Card
109923,661,2,2025-01-18,Completed,Credit Card
109924,565,2,2025-04-09,Completed,Credit Card
109925,653,72,2024-02-19,Completed,Invoice
109926,513,5,2023-08-09,Completed,Credit Card
109927,691,2,2025-05-27,Completed,Bank Transfer
109928,681,72,2023-11-14,Completed,Invoice
109929,524,7,2025-09-05,Completed,Credit Card
109930,614,2,2026-03-06,Completed,PayPal
109931,403,2,2023-08-14,Completed,PayPal
109932,226,2,2023-10-05,Completed,PayPal
109933,622,5,2026-06-06,Completed,Bank Transfer
109934,839,1,2024-01-21,In Progress,Bank Transfer
109935,44,72,2024-06-21,Completed,PayPal
109936,717,5,2025-06-13,In Progress,Credit Card
109937,791,35,2025-12-25,In Progress,Bank Transfer
109938,185,2,2025-05-21,In Progress,Bank Transfer
109939,827,27,2024-12-25,In Progress,Bank Transfer
109940,685,27,2023-08-20,Completed,PayPal
109941,677,2,2025-03-25,Completed,PayPal
109942,196,73,2024-01-02,Cancelled,Bank Transfer
109943,504,27,2024-05-08,Completed,Invoice
109944,228,35,2024-01-15,Completed,Invoice
109945,452,73,2024-02-23,In Progress,Invoice
109946,253,35,2026-05-23,Cancelled,PayPal
109947,666,7,2026-06-01,Completed,PayPal
109948,224,68,2024-05-23,Completed,Credit Card
109949,153,55,2023-08-27,In Progress,Credit Card
109950,741,1,2026-05-15,Completed,Credit Card
109951,742,55,2025-06-03,Completed,PayPal
109952,851,68,2025-11-17,Cancelled,Bank Transfer
109953,952,27,2025-01-22,Completed,PayPal
109954,886,35,2024-12-10,Cancelled,Invoice
109955,48,5,2023-12-01,Cancelled,PayPal
109956,561,1,2023-09-20,Completed,Credit Card
109957,712,35,2023-10-04,In Progress,Credit Card
109958,398,27,2024-10-12,Cancelled,Credit Card
109959,312,1,2024-02-22,Completed,Bank Transfer
109960,420,5,2024-05-02,Cancelled,Invoice
109961,803,68,2025-03-23,In Progress,Bank Transfer
109962,370,35,2026-06-14,In Progress,Bank Transfer
109963,932,73,2025-03-22,Completed,Credit Card
109964,772,1,2024-09-21,Completed,PayPal
109965,344,7,2025-03-13,Completed,Invoice
109966,182,2,2024-05-13,Cancelled,Credit Card
109967,881,27,2025-07-29,Completed,PayPal
109968,761,27,2026-03-01,Completed,PayPal
109969,621,27,2026-01-31,Completed,Invoice
109970,111,27,2023-08-26,Completed,Bank Transfer
109971,662,2,2024-12-18,In Progress,Credit Card
109972,52,2,2023-10-31,In Progress,Invoice
109973,881,1,2023-12-05,Completed,Invoice
109974,228,35,2023-11-18,Completed,Bank Transfer
109975,308,2,2024-12-24,In Progress,PayPal
109976,498,68,2024-10-09,Completed,PayPal
109977,830,7,2026-06-25,Completed,Bank Transfer
109978,85,68,2023-11-25,Completed,PayPal
109979,533,5,2025-01-01,In Progress,Bank Transfer
109980,866,73,2024-02-06,In Progress,Bank Transfer
109981,552,35,2023-09-09,Completed,Credit Card
109982,970,72,2023-11-18,Completed,Invoice
109983,315,73,2025-12-02,Completed,PayPal
109984,378,68,2026-01-26,Completed,Invoice
109985,7,27,2025-05-19,Completed,PayPal
109986,544,7,2024-11-29,Completed,PayPal
109987,59,55,2024-01-29,Completed,Invoice
109988,416,7,2026-07-01,Completed,Invoice
109989,759,7,2026-05-15,Cancelled,Bank Transfer
109990,940,2,2023-10-14,In Progress,Invoice
109991,60,72,2025-11-25,Cancelled,Credit Card
109992,594,2,2025-07-04,Completed,Invoice
109993,267,27,2024-05-22,Completed,Bank Transfer
109994,820,55,2026-06-06,Completed,Credit Card
109995,222,72,2024-06-13,Completed,Bank Transfer
109996,348,55,2025-07-01,Completed,Credit Card
109997,186,35,2025-07-09,Completed,PayPal
109998,539,73,2024-09-18,Completed,PayPal
109999,525,27,2023-12-02,Cancelled,Credit Card
110000,587,27,2025-12-13,In Progress,Invoice
